opis_id,name,address,city,state,latitude,longitude,price_mean,price_min,price_max,price_sample_count
7,WOODSHED OF BIG CABIN,"I-44, EXIT 283 & US-69",Big Cabin,OK,36.542261,-95.221994,3.007333,3.007333,3.007333,1
9,KWIK TRIP #796,"I-94, EXIT 143 & US-12 & SR-21",Tomah,WI,43.988010,-90.501380,3.287333,3.287333,3.287333,1
20,PILOT TRAVEL CENTER #1243,"I-8, EXIT 119 & SR-85",Gila Bend,AZ,32.966242,-112.715465,3.899000,3.899000,3.899000,2
28,LITTLEFIELD EXPRESS #2,"I-540, EXIT 12 & US-71",Fort Smith,AR,35.349276,-94.370883,3.399000,3.399000,3.399000,1
35,ACI TRUCK STOP,US-46,Columbia,NJ,40.925868,-75.094062,3.079000,3.079000,3.079000,1
36,SHENANDOAH TRUCK CENTER,"I-81, EXIT 273 & SR-703/SR-292",Mount Jackson,VA,38.738878,-78.650918,2.899000,2.899000,2.899000,1
44,CIRCLE K #2612042,"I-35,  EXIT 271",Jarrell,TX,30.810264,-97.615122,2.919000,2.919000,2.919000,1
46,PETRO STOPPING CENTER #348,"I-85,  EXIT 22 & CR-138",Shorter,AL,32.411501,-85.972808,3.154000,3.154000,3.154000,1
49,TA SEYMOUR TRAVEL CENTER,"I-65, EXIT 50 & US-50 & US-31",Seymour,IN,38.947516,-85.891285,3.959000,3.959000,3.959000,1
50,TA COUNCIL BLUFFS TRAVEL CENTER,"I-29 & I-80, EXIT 3",Council Bluffs,IA,41.235987,-95.853163,3.725667,3.725667,3.725667,1
56,TOPS TRUCK STOP,"I-94, EXIT 182 & US-83",Sterling,ND,46.851260,-100.267087,3.515667,3.515667,3.515667,1
75,Good 2 Go #709,US-50,Montrose,CO,38.468802,-107.858914,3.424000,3.424000,3.424000,1
77,OASIS TRAVEL PLAZA,US-13,Laurel,DE,38.571457,-75.571134,3.229000,3.229000,3.229000,1
79,DELAWARE TRUCK PLAZA,US-13 & US-40,New Castle,DE,39.670017,-75.566519,3.249000,3.249000,3.249000,1
81,One9 #89,"I-75, EXIT 224",Ellenton,FL,27.526580,-82.526683,3.439000,3.439000,3.439000,1
85,DOWNIEVILLE FUEL STOP,"I-70, EXIT 234",Dumont,CO,39.764710,-105.600278,3.459000,3.459000,3.459000,1
91,MOLLYS FOOD & FUEL,"I-20 & ST 22, EXIT 55",Crawfordville,GA,33.554641,-82.896695,3.499000,3.499000,3.499000,1
105,TA SAGINAW I 75 TRAVEL CENTER,"I-75, EXIT 144-B",Bridgeport,MI,43.370815,-83.881964,3.337333,3.269000,3.429000,6
118,Lupton Truck Stop #567,"I-40, EXIT 359",Lupton,AZ,35.354743,-109.052817,3.299000,3.299000,3.299000,1
121,PETRO STOPPING CENTER #306,"I-10, EXIT 200",Eloy,AZ,32.741255,-111.594015,3.474000,3.474000,3.474000,1
127,CIRCLE K #4700095,US-41,Henderson,KY,37.838416,-87.580971,3.609000,3.609000,3.609000,1
128,THE EFFINGHAM CHROME SHOP,"I-57 & I-70, EXIT 159",Effingham,IL,39.119750,-88.550896,3.432333,3.349000,3.549000,3
135,LOVES TRAVEL STOP #766,"I-80, EXIT 27",Atkinson,IL,41.413245,-90.005345,3.475667,3.389000,3.589000,3
147,SPEEDWAY #8039,"I-69, EXIT 234 & SR-67",Daleville,IN,40.118872,-85.556247,3.624000,3.624000,3.624000,1
149,RAYS TRUCK WASH,"I-69, EXIT 309 & US-30",Fort Wayne,IN,41.089132,-85.143900,3.592333,3.592333,3.592333,1
151,CUBBYS #2101,"I-80, EXIT 211 & SR-47",Gothenburg,NE,40.924676,-100.153929,3.132333,3.132333,3.132333,1
159,PILOT TRAVEL CENTERS #87,"I-10, EXIT 343",Jacksonville,FL,30.336864,-81.661603,3.859000,3.859000,3.859000,2
160,PILOT TRAVEL CENTERS #79,"I-12, EXIT 10 AT MILE 10",Denham Springs,LA,30.474329,-90.959027,3.232333,3.232333,3.232333,1
164,FLYING J TRAVEL PLAZA #650,"I-94, EXIT 15 B",Lake Station,IN,41.576735,-87.252878,3.809000,3.809000,3.809000,1
167,FLYING J TRAVEL PLAZA #653,RT 2 & I-65 EXIT 240,Hebron,IN,41.325085,-87.201916,3.435667,3.435667,3.435667,1
174,Hop-In Food Stores,US-59 & SR-224,Nacogdoches,TX,31.612364,-94.652046,2.859000,2.859000,2.859000,1
184,SAPP BROS TRAVEL CENTER,"I-29 & I-80, EXIT 1B",Council Bluffs,IA,41.235987,-95.853163,3.719000,3.719000,3.719000,1
186,COFFEE CUP FUEL STOP #5,"I-90, EXIT 154 & US-16",Moorcroft,WY,44.264483,-104.947564,3.239000,3.239000,3.239000,1
187,DUDLEYS CORNER,"I-35, EXIT 165 & SR-3",Latimer,IA,42.762921,-93.365518,3.232333,3.232333,3.232333,1
191,KUM & GO #0302,"I-35, EXIT 193 & SR 106",Clear Lake,IA,43.135090,-93.373651,3.185667,3.185667,3.185667,1
192,Brew Stuart Truckstop,"I-80, EXIT 93",Stuart,IA,41.500464,-94.318105,3.099000,3.099000,3.099000,1
195,PETRO STOPPING CENTER #311,"I-40 & I-55, EXIT 280",West Memphis,AR,35.149554,-90.199266,3.367333,3.367333,3.367333,1
198,SINCLAIR,"I-76, EXIT 115",Atwood,CO,40.550477,-103.274598,3.299000,3.299000,3.299000,1
199,PETRO STOPPING CENTER #366,"I-70, EXIT 252",Salina,KS,38.813085,-97.614477,3.805667,3.805667,3.805667,1
203,PILOT TRAVEL CENTERS #31,"I-80/94, EXIT 2",Highland,IN,41.546622,-87.457616,3.814000,3.799000,3.829000,2
207,MARATHON,SR-32,Sardinia,OH,39.007114,-83.802104,3.565667,3.565667,3.565667,1
216,CIRCLE K #2721593,"I-10, EXIT 50",Ocean Springs,MS,30.402704,-88.788647,3.415667,3.415667,3.415667,1
217,NORTH 9TH 24/7,"I-70, EXIT 252",Salina,KS,38.813085,-97.614477,3.025667,3.025667,3.025667,1
231,DERBY CITYS TRUCK PLAZA,"I-75, EXIT 62 & US-25",Mount Vernon,KY,37.357071,-84.332869,2.999000,2.999000,2.999000,1
235,PILOT TRAVEL CENTERS #92,"I-75, EXIT 358",Ocala,FL,29.177510,-82.151025,3.385667,3.359000,3.412333,2
240,LA 1 SOUTH TRUCKSTOP,"I-10, EXIT 153 & SR-1",Port Allen,LA,30.443835,-91.207410,3.039000,3.039000,3.039000,1
243,SAVE,US-41 & SR-10,Lake Village,IN,41.130830,-87.439024,3.179000,3.179000,3.179000,1
244,BIG D TRUCK TRAVEL PLAZA,"I-10, EXIT 92 & SR-95",Duson,LA,30.238360,-92.189070,2.982333,2.982333,2.982333,1
248,Mardi Gras Truck Stop,"I-10, EXIT 236",New Orleans,LA,30.053420,-89.934502,3.729000,3.729000,3.729000,1
250,GOLDEN OX TRUCK STOP,"I-70/US-40, EXIT 159 & US-183",Hays,KS,38.882227,-99.322225,3.499000,3.499000,3.499000,1
253,LOVES TRAVEL STOP #450,"I-40, EXIT 280 & I-55, EXIT 4",West Memphis,AR,35.149554,-90.199266,3.325667,3.325667,3.325667,1
256,BFS FOODS #66,"I-68/US-40, EXIT 22 & US-219",Grantsville,MD,39.696916,-79.152849,3.899000,3.899000,3.899000,1
257,PILOT TRAVEL CENTER #917- TOWN PUMP,I-15 & 31ST STREET EXIT 277,Great Falls,MT,47.502518,-111.299970,3.635667,3.635667,3.635667,1
263,CASEYS #3956,I-94 EXIT 16,Bridgman,MI,41.935169,-86.567110,3.559000,3.559000,3.559000,1
267,CORNER MARKET #117,SR-154 & SR-129,Dodge City,KS,37.760677,-100.018438,3.399000,3.399000,3.399000,1
269,PILOT TRAVEL CENTERS #24,"I-75, EXIT 15",Monroe,MI,41.916586,-83.384324,3.379000,3.249000,3.559000,5
278,CARLISLE PLAZA,US-41,Carlisle,IN,38.960778,-87.401424,3.499000,3.499000,3.499000,1
281,CIRCLE K #4700065,"I-65, EXIT 76 & US-31",Taylorsville,IN,39.296476,-85.950274,3.399000,3.399000,3.399000,1
289,LOVES TRAVEL STOP #173,"I-70, MM 209",Lawrence,KS,38.960029,-95.262930,3.229000,3.229000,3.229000,1
292,PETES #56,US-169 & CR-5000,Cherryvale,KS,37.269148,-95.553354,3.232333,3.232333,3.232333,1
293,LOVES TRAVEL STOP #176,"I-35, MILE MARKER 97",Matfield Green,KS,38.159651,-96.562014,3.255667,3.255667,3.255667,1
304,FL Roberts,"I-91, EXIT 4",Springfield,MA,42.115454,-72.539978,3.599000,3.599000,3.599000,1
309,QUIKTRIP #231,"I-635, EXIT 3",Kansas City,KS,39.122539,-94.741781,3.199000,3.199000,3.199000,1
323,SAPP BROS TRAVEL CENTER,"I-80, EXIT 126",Ogallala,NE,41.129595,-101.720677,3.465667,3.465667,3.465667,1
326,FLYING J TRAVEL PLAZA #748,"I-15, EXIT 357",Willard,UT,41.403172,-112.042539,3.749000,3.749000,3.749000,1
341,TA JACKSONVILLE SOUTH TRAVEL CENTER,"I-95, EXIT 329",Saint Johns,FL,29.952077,-81.517952,3.469000,3.469000,3.469000,1
347,7-ELEVEN #40514,I-90/80-IN TOLL RD MM 22E,Portage,IN,41.591612,-87.178939,3.990667,3.990667,3.990667,1
358,TA BINGHAMTON TRAVELCENTER,"I-81N, EXIT 2W & I-81S, EXIT 3",Binghamton,NY,42.101331,-75.909369,3.724000,3.689000,3.769000,4
361,CIRCLE K #2726293,"I-295, EXIT 25",Jacksonville,FL,30.336864,-81.661603,3.315667,3.315667,3.315667,1
368,WILTON TRAVEL PLAZA,"I-87, EXIT 16",Gansevoort,NY,43.196185,-73.651784,3.774000,3.749000,3.799000,2
372,GAS DEPOT,"I-94, EXIT 5",Hammond,IN,41.618736,-87.494949,3.999000,3.999000,3.999000,1
381,7-Eleven #41830,US-69 & US-135,Jacksonville,TX,31.959514,-95.265705,2.915667,2.915667,2.915667,1
387,Circle K #2709664,"I-8, EXIT 12",Yuma,AZ,32.516286,-114.521782,3.489000,3.489000,3.489000,1
388,Pilot Travel Centers #14,"I-71, EXIT 131",Sunbury,OH,40.249405,-82.880199,3.719000,3.719000,3.719000,1
391,PILOT TRAVEL CENTERS #13,"I-71, EXIT 209",Seville,OH,41.020710,-81.867141,3.699000,3.699000,3.699000,1
403,TRUCKOMAT OF HEBRON,"I-70, EXIT 126 & SR-37",Hebron,OH,39.965248,-82.486506,3.429000,3.429000,3.429000,1
407,FUEL MART #641,"I-80 & I-280, EXIT 71",Perrysburg,OH,41.538986,-83.644132,3.499000,3.499000,3.499000,1
421,PETRO STOPPING CENTER #316,"I-40 & I-35, EXIT 127",Oklahoma City,OK,35.467079,-97.513657,3.302333,3.302333,3.302333,1
424,E EXPRESS,"I-40, EXIT 166",Choctaw,OK,35.484983,-97.269942,2.899000,2.899000,2.899000,1
425,Neighbors Express,"I-16, EXIT 51",Dublin,GA,32.535471,-82.928807,3.299000,3.299000,3.299000,1
442,WESTERN COOP,US-385 & SR-2,Alliance,NE,42.102567,-102.876188,3.324000,3.324000,3.324000,1
455,MR FUEL #753,"I-95, EXIT 104 & SR-207",Ruther Glen,VA,37.928749,-77.455815,3.265667,3.265667,3.265667,1
456,THE COUNTRY OASIS,US-24,Woodburn,IN,41.128673,-84.850221,3.399000,3.399000,3.399000,1
458,HAPPY HILLS GAS & COFFEE,I-29 EXIT 110,Rock Port,MO,40.410911,-95.533087,3.399000,3.399000,3.399000,1
460,TRUCK STOP 44,I-20 EXIT 44,Gilbert,SC,33.924111,-81.391042,3.079000,3.079000,3.079000,1
461,SPINX #271,"I-26, EXIT 145 & US-601",Orangeburg,SC,33.493596,-80.866880,3.262333,3.262333,3.262333,1
469,LOAF N JUG #750010,US-160 & SR-17,Alamosa,CO,37.474528,-105.876956,3.259000,3.259000,3.259000,1
474,KEWANEE 1 STOP,"I-20, EXIT 169 & US-80",Toomsuba,MS,32.430282,-88.507088,3.299000,3.299000,3.299000,1
478,GASTRAK OF PEMBINA,"I-29, EXIT 215",Pembina,ND,48.967087,-97.246861,3.299000,3.299000,3.299000,1
483,ALLSUPS #2387,US-54/SR-136/SR-3 & US-64,Guymon,OK,36.690101,-101.477046,2.975667,2.975667,2.975667,1
486,LA NORIA CONV STORES,"I-35 N, EXIT 4",Laredo,TX,27.560379,-99.489181,3.299000,3.299000,3.299000,1
489,EDDIES CORNER,US-87 & US-191,Moore,MT,46.974956,-109.695113,3.749000,3.749000,3.749000,1
491,One9 #403,"I-75, EXIT 117",Heiskell,TN,36.081747,-84.053804,2.999000,2.999000,2.999000,1
496,PILOT TRAVEL CENTERS #270,"I-40 & I-75, EXIT 374",Knoxville,TN,35.970680,-83.949270,3.439000,3.439000,3.439000,1
509,LOVES TRAVEL STOPS #256,"I-10, EXIT 140B",Van Horn,TX,31.040672,-104.834154,3.649000,3.649000,3.649000,2
522,GO MART FOOD STORE #57,"I-70 & ST-285, EXIT 186",Lore City,OH,39.983203,-81.460077,3.179000,3.179000,3.179000,1
523,CIRCLE K #2723322,"I-985, EXIT 20 & SR-60",Gainesville,GA,34.290100,-83.829106,3.265667,3.265667,3.265667,1
525,FASTBREAK,US-45 ALT,West Point,MS,33.606236,-88.657568,3.059000,3.059000,3.059000,1
546,PLAZA 30,US-30,Wanatah,IN,41.430561,-86.892347,3.499000,3.499000,3.499000,1
557,SAPP BROS TRAVEL CENTER,"I-80, EXIT 73",Peru,IL,41.349215,-89.138573,3.429000,3.289000,3.589000,4
559,SHELL MORGAN ROAD TRUCK STOP,"I-40, EXIT 142",Maumelle,AR,34.852344,-92.399995,3.207333,3.207333,3.207333,1
566,TA GARY TRAVEL CENTER,"I-80/I-94, EXIT 6",Gary,IN,41.590740,-87.347113,3.830667,3.830667,3.830667,1
567,TA ELOY TRAVEL CENTER,"I-10 & I-8, EXIT 203",Eloy,AZ,32.741255,-111.594015,3.459000,3.459000,3.459000,1
572,PILOT TRAVEL CENTERS #881,"I-69, EXIT 309A",Fort Wayne,IN,41.089132,-85.143900,3.889000,3.879000,3.899000,2
576,PETRO STOPPING CENTER #343,"I-10, EXIT 76",Egan,LA,30.245515,-92.511594,3.624000,3.624000,3.624000,1
578,LOVES TRAVEL STOP #449,"I-84, EXIT 17",Troutdale,OR,45.539220,-122.392673,3.779000,3.779000,3.779000,1
579,FLYING J TRAVEL PLAZA #764,"I-80, EXIT 104 & US-191",Rock Springs,WY,41.594704,-109.220922,3.670667,3.670667,3.670667,1
586,AMERISTAR TRAVEL PLAZA #120,"I-82, EXIT 80",Prosser,WA,46.209036,-119.767727,4.479000,4.399000,4.559000,2
588,TA TUSCALOOSA TRAVEL CENTER,"I-20/I-59, EXIT 77",Cottondale,AL,33.193047,-87.454861,2.964000,2.964000,2.964000,1
591,TA Concordia Travel Plaza,"I-70, EXIT 58 & SR-23",Concordia,MO,38.987513,-93.569227,3.225667,3.225667,3.225667,1
599,Sapp Bros Travel Center,"I-80, EXIT 59 & SR-17J",Sidney,NE,41.133633,-102.969540,3.500667,3.500667,3.500667,1
602,JIFFY MART EXIT 18 TRUCK STOP,"I-89/SR-120, EXIT 18 & SR-120",Lebanon,NH,43.635428,-72.253837,3.599000,3.599000,3.599000,1
614,TA MAYBROOK TRAVEL CENTER,"I-84, EXIT 5",Montgomery,NY,41.521266,-74.238661,4.359000,4.359000,4.359000,1
628,KWIK FILL #227,"I-90,  EXIT 218",Geneva,OH,41.800759,-80.946279,3.152333,3.152333,3.152333,1
636,UNION 76,"I-5, EXIT 233 E",Albany,OR,44.626928,-123.096741,3.379000,3.379000,3.379000,1
651,ONE9 #1366,"I-40, EXIT 126 & US-641",Holladay,TN,35.871950,-88.144936,2.985667,2.985667,2.985667,1
652,TA KNOXVILLE EAST TRAVEL CENTER,"I-40 & I-75, EXIT 374",Knoxville,TN,35.970680,-83.949270,3.425667,3.425667,3.425667,1
669,PETRO STOPPING CENTER #350,"I-10,  EXIT 4",Canutillo,TX,31.918485,-106.601062,3.499000,3.499000,3.499000,1
672,CROWN POINT TRUCK STOP,"I-295/US-130,EXIT 22",Thorofare,NJ,39.854728,-75.198685,3.549000,3.549000,3.549000,1
680,TA EXPRESS SUMMIT,"I-29, EXIT 207 & US-12",Summit,SD,45.305574,-97.039106,3.205667,3.205667,3.205667,1
684,7-ELEVEN #35101,"I-86/SR-17, EXIT 16",Randolph,NY,42.162290,-78.979690,4.499000,4.499000,4.499000,1
689,FLYING EAGLE,"I-235, EXIT 4",Wichita,KS,37.690638,-97.345836,3.499000,3.499000,3.499000,1
692,BP,US-63,Ottumwa,IA,41.022251,-92.423263,3.399000,3.399000,3.399000,1
739,Arco #364420,US-23,Greenup,KY,38.571798,-82.826295,3.649000,3.649000,3.649000,1
748,QUIKTRIP #4231,US-85,Evans,CO,40.350165,-104.748355,3.172333,3.172333,3.172333,1
769,AYERCO #26,US-61/US-136,Alexandria,MO,40.359887,-91.459398,3.015667,3.015667,3.015667,1
815,Kwik Trip #1508,"US-18/SR-151, EXIT 58",Barneveld,WI,43.011704,-89.896823,3.489000,3.489000,3.489000,1
855,SPEEDWAY #7459,US-41 & SR-137,North Chicago,IL,42.316696,-87.859201,3.389000,3.289000,3.499000,3
863,Ocean Fuel,US-301/SR-73,Sylvania,GA,32.747226,-81.640693,3.499000,3.499000,3.499000,1
906,PILOT TRAVEL CENTERS #429,"I-40, EXIT 280",West Memphis,AR,35.149554,-90.199266,3.395000,3.291000,3.499000,2
908,CIRCLE K #2704888,"I-65, EXIT 246 & SR-119",Pelham,AL,33.321830,-86.742197,3.465667,3.465667,3.465667,1
912,PETRO STOPPING CENTER #319,"I-20/59,  EXIT 100",Mc Calla,AL,33.303112,-87.026660,3.125667,3.125667,3.125667,1
936,CASEYS #4254,"I-40, EXIT 129",Conway,AR,35.074404,-92.467004,3.032333,3.032333,3.032333,1
970,CIRCLE K #2702885,"I-17/SR-60, EXIT 199A",Phoenix,AZ,33.572154,-112.090132,3.392333,3.392333,3.392333,1
977,PILOT TRAVEL CENTERS #328,"I-10, EXIT 17",Quartzsite,AZ,33.667507,-114.217041,3.959000,3.959000,3.959000,2
981,STINKER #85,"I-15, EXIT 93",Blackfoot,ID,43.194595,-112.346811,3.532333,3.532333,3.532333,1
982,CIRCLE K #2701948,"I-8, EXIT 7 & SR-195",Yuma,AZ,32.516286,-114.521782,3.565667,3.565667,3.565667,1
1028,FOUR STATES TRUCK STOP,"I-495, EXIT 4 & SR-9",New Castle,DE,39.670017,-75.566519,3.424000,3.399000,3.449000,2
1042,Union 76,US-441 & SR-100A,Lake City,FL,30.188638,-82.642246,3.562333,3.562333,3.562333,1
1043,SHELL DBA ONE9 #1401,I-75 EXIT 414  & US-41,Lake City,FL,30.188638,-82.642246,3.251500,3.244000,3.259000,2
1047,TA MARIANNA TRAVEL CENTER,"I-10/SR-8, EXIT 142 & SR-71",Marianna,FL,30.761445,-85.256258,3.607333,3.607333,3.607333,1
1075,PILOT TRAVEL CENTERS #68,"I-16 /SR-404, EXIT 51 & US-441",Dublin,GA,32.535471,-82.928807,3.415667,3.399000,3.432333,2
1106,CIRCLE K #2705367,"I-20, EXIT 172",Thomson,GA,33.469270,-82.495116,3.399000,3.399000,3.399000,1
1112,BC AMPRIDE TRUCK PLAZA,US-59/SR-141,Denison,IA,42.016443,-95.352861,3.399000,3.399000,3.399000,1
1115,KWIK STAR #704,SR-57/SR-14,Parkersburg,IA,42.573851,-92.778450,3.582333,3.582333,3.582333,1
1121,TRAVELERS OASIS,"I-84, EXIT 182",Eden,ID,42.605309,-114.209087,3.799000,3.799000,3.799000,1
1128,TA CHICAGO NORTH TRAVEL CENTER,"I-94/US-41, EXIT 1",Wadsworth,IL,42.450687,-87.925147,3.811500,3.769000,3.879000,4
1132,SPEEDWAY #7423,"I-57, EXIT 83",Ina,IL,38.149899,-88.904019,3.249000,3.249000,3.249000,1
1136,PILOT TRAVEL CENTER #171,"I-74, EXIT 206",Oakwood,IL,40.110126,-87.776925,3.499000,3.399000,3.599000,3
1140,CIRCLE K #4701398,"I-55, EXIT 82 & SR-104",Divernon,IL,39.570431,-89.653638,3.499000,3.499000,3.499000,1
1149,PILOT TRAVEL CENTERS #30,"I-70, EXIT 96",Greenfield,IN,39.793283,-85.772548,3.959000,3.959000,3.959000,2
1151,SPEEDWAY #8061,"I-70, EXIT 115 & SR-109",Knightstown,IN,39.795537,-85.530811,3.759000,3.759000,3.759000,1
1154,CIRCLE K #2704691,SR-71 & CR-214,Cedar Creek,TX,30.082341,-97.511120,3.199000,3.199000,3.199000,1
1156,CIRCLE K #4700028,"I-74/US-421, EXIT 116 & SR-44",Shelbyville,IN,39.545277,-85.779499,3.599000,3.599000,3.599000,1
1157,One9 #297,"I-70, EXIT 11 & SR-46",Terre Haute,IN,39.464152,-87.376036,3.435667,3.435667,3.435667,1
1158,PILOT TRAVEL CENTERS #36,US-30  & SR-49,Valparaiso,IN,41.479812,-87.052273,3.864000,3.859000,3.869000,2
1163,SHORT STOP #13,US-54,Emporia,KS,38.402869,-96.192906,2.839000,2.839000,2.839000,1
1176,PILOT TRAVEL CENTERS #353,"I-75, EXIT 129",Georgetown,KY,38.260181,-84.534921,3.205667,3.205667,3.205667,1
1179,PILOT TRAVEL CENTERS #399,"I-65, EXIT 105",Lebanon Junction,KY,37.835239,-85.722355,3.609000,3.609000,3.609000,1
1196,SOUTHERN BELLE TRUCK STOP,US-61 & SR-964,Saint Francisville,LA,30.784234,-91.376417,3.384000,3.384000,3.384000,1
1199,ALLTOWN MARKETS #306,"I-190, EXIT 7",Leominster,MA,42.520876,-71.770611,3.682333,3.682333,3.682333,1
1202,ONE9 #290,"I-95, EXIT 93 & SR-222",Perryville,MD,39.572968,-76.064923,3.599000,3.599000,3.599000,1
1204,PETRO STOPPING CENTER #321,"I-70 & I-57, EXIT 159",Effingham,IL,39.119750,-88.550896,3.434000,3.349000,3.549000,4
1208,D AVENUE FUEL PLAZA,US-131,Kalamazoo,MI,42.275163,-85.588501,3.299000,3.099000,3.499000,2
1210,ROADHAWK TRAVEL CENTER,"I-94, EXIT 56 & SR-51",Paw Paw,MI,42.214235,-85.892177,3.579000,3.559000,3.599000,2
1217,KWIK TRIP #250,"I-90, EXIT 179",Austin,MN,43.672098,-92.977863,3.374000,3.374000,3.374000,1
1218,CASEYS #3658,SR-210,Pillager,MN,46.330621,-94.477351,3.299000,3.299000,3.299000,1
1225,AYERCO #35,US-61 & US-61 BUS,Bowling Green,MO,39.344774,-91.202488,3.015667,3.015667,3.015667,1
1234,Lamar Travel Plaza,US-71 & US-160,Lamar,MO,37.493918,-94.278428,3.199000,3.199000,3.199000,1
1236,AYERCO #44,US-36 & US-24,Palmyra,MO,39.797780,-91.526515,3.015667,3.015667,3.015667,1
1240,TEMP STOP #103,US-65,Sedalia,MO,38.706048,-93.234498,3.199000,3.199000,3.199000,1
1247,SNAPPY MART #11,US-63 & SR-14,West Plains,MO,36.737430,-91.867957,3.299000,3.299000,3.299000,1
1251,MAPCO #3009,US-72,Corinth,MS,34.948353,-88.513618,3.154000,3.154000,3.154000,1
1256,DOUBLE QUICK #89,US-82/US-278,Greenville,MS,33.383461,-91.052314,3.255667,3.255667,3.255667,1
1265,JOE JOES TRAVEL CENTER,US-78 & RED BANKS RD S,Red Banks,MS,34.834689,-89.563407,2.972333,2.972333,2.972333,1
1304,LOVES TRAVEL STOP #667,"I-85, EXIT 152",Mebane,NC,36.081679,-79.276742,3.947333,3.947333,3.947333,1
1315,CIRCLE K #2720218,US-421 BUS & US-15/US-501/US-1,Sanford,NC,35.496723,-79.171883,3.082333,3.082333,3.082333,1
1325,SCOTCHMAN #3303,US-421 & US-74,Wilmington,NC,34.209225,-77.885767,3.629000,3.629000,3.629000,1
1326,SPEEDWAY #7949,US-301/US-264 ALT & CR-1674,Wilson,NC,35.731488,-77.930750,3.199000,3.199000,3.199000,1
1333,PUMP & PANTRY #15,US-30,Grand Island,NE,40.921352,-98.358559,3.307333,3.307333,3.307333,1
1340,BORDENTOWN VALERO,"NJ TNPK, EXIT 7 & US-206",Bordentown,NJ,40.149693,-74.707679,3.499000,3.499000,3.499000,1
1342,Delta,"I-80, EXIT 47B",Fairfield,NJ,39.372316,-75.238721,3.202333,3.202333,3.202333,1
1344,BOLLA TRUCK STOP #193,US-202 & SR-17,Mahwah,NJ,41.082067,-74.183061,3.532333,3.532333,3.532333,1
1348,GLOBAL,SR-73,Palmyra,NJ,40.002615,-75.035273,3.359000,3.359000,3.359000,1
1356,LOVES TRAVEL STOP #257,"I-40 & HORIZON, EXIT 79",Milan,NM,35.196782,-107.892371,3.590667,3.590667,3.590667,1
1364,7- ELEVEN #40507,"I-80/I-90, MM 56 WB",Rolling Prairie,IN,41.674467,-86.619898,3.982333,3.982333,3.982333,1
1372,PILOT TRAVEL CENTER #469,"I-77, EXIT 101 & SR-627",Canton,OH,40.807650,-81.367228,3.622333,3.622333,3.622333,1
1376,FUEL MART #782,"I-75, EXIT 118",Lima,OH,40.740679,-84.112091,3.085667,3.085667,3.085667,1
1379,TA LODI TRAVEL CENTER,"I-71, EXIT 209 & I-76/US-224, EXIT 1",Seville,OH,41.020710,-81.867141,3.739000,3.739000,3.739000,1
1384,SUNOCO,"I-80/I-90, EXIT 13 & US-20ALT/SR-15",Montpelier,OH,41.584246,-84.591569,3.415667,3.415667,3.415667,1
1391,ONCUE EXPRESS #2045,"I-35, EXIT 203 & SR-15",Billings,OK,36.537595,-97.441749,3.215667,3.215667,3.215667,1
1395,DOMINO FOOD AND FUEL #1,"I-40, EXIT 66",Clinton,OK,35.507101,-98.970503,3.099000,3.099000,3.099000,1
1404,ONE9 #339,"I-74, EXIT 4 & SR-63",Covington,IN,40.141470,-87.390599,3.262333,3.262333,3.262333,1
1414,SAC SHOP #507,"I-70, EXIT 12/161",Breezewood,PA,39.999251,-78.238623,4.099000,4.099000,4.099000,1
1424,GETTYSBURG TRAVEL PLAZA,US-15 & SR-394,Gettysburg,PA,39.830597,-77.234147,3.899000,3.899000,3.899000,1
1428,CIRCLE K #4702408,"I-65, EXIT 168 & SR-38/SR-25",Lafayette,IN,40.399410,-86.862806,3.432333,3.432333,3.432333,1
1432,KWIK FILL #259,"I-81, EXIT 57",Mechanicsburg,PA,40.211404,-77.005930,4.049000,4.049000,4.049000,1
1444,PILOT TRAVEL CENTERS #346,"I-20, EXIT 92 & US-601",Lugoff,SC,34.211948,-80.697601,3.432333,3.432333,3.432333,1
1445,PILOT TRAVEL CENTERS #402,"I-80, EXIT 367",Cheyenne,WY,41.127270,-104.790220,3.709000,3.709000,3.709000,1
1447,HOT SPOT #3005,US-221,Chesnee,SC,35.146247,-81.862978,3.199000,3.199000,3.199000,1
1453,EXPRESS STOP,US-278/SR-101/SR-6 & SR-113,Rockmart,GA,34.008306,-85.044978,3.319000,3.319000,3.319000,1
1455,PETRO FLORENCE,"I-95, EXIT 169",Florence,SC,34.178923,-79.792217,3.325667,3.325667,3.325667,1
1461,CIRCLE K #2705370,"I-26, EXIT 15 & US-176",Inman,SC,35.045786,-82.088485,3.099000,3.099000,3.099000,1
1464,CIRCLE K #2723254,"I-20, EXIT 55 & SR-6",Lexington,SC,33.992877,-81.221797,3.199000,3.199000,3.199000,1
1470,CIRCLE K #2705348,US-1,Beech Island,SC,33.428596,-81.890318,3.159000,3.159000,3.159000,1
1479,TA SPARTANBURG TRAVEL CENTER,"I-85, EXIT 63 & SR-290",Duncan,SC,34.929181,-82.147615,3.432333,3.432333,3.432333,1
1487,ROADRUNNER MARKET #6019,"I-81, EXIT 36 NORTH",Greeneville,TN,36.168016,-82.819669,3.499000,3.499000,3.499000,1
1492,MAPCO #3538,"I-24, EXIT 174",Chattanooga,TN,35.065958,-85.248386,2.899000,2.899000,2.899000,1
1507,CIRCLE K #4703941,"I-55, EXIT 5A",Memphis,TN,35.109026,-89.967455,3.189000,3.189000,3.189000,1
1516,LOVES TRAVEL STOP #261,I-27 EXIT 116,Amarillo,TX,35.198064,-101.833107,3.232333,3.232333,3.232333,1
1531,CircleK #4702365,"I-74, EXIT 112 & SR-9",Shelbyville,IN,39.545277,-85.779499,3.509000,3.509000,3.509000,1
1533,YESWAY #1157,US-62,Brownfield,TX,33.175514,-102.273429,2.992333,2.992333,2.992333,1
1546,SHELL,"I-35, EXIT 86 & SR-85",Dilley,TX,28.667517,-99.176465,3.099000,3.099000,3.099000,1
1548,TOOT N TOTUM #107,US-287,Dumas,TX,35.862020,-101.964972,3.032333,3.032333,3.032333,1
1552,STRIPES #40911,US-59 & SR-16,Freer,TX,27.882178,-98.617385,3.099000,3.099000,3.099000,1
1555,SEIBERT TRAVEL PLAZA,"I-70, EXIT 405 & SR-59",Seibert,CO,39.297967,-102.869524,3.499000,3.499000,3.499000,1
1560,CATTREZ,US-20 & SR-5,Irving,NY,42.567559,-79.112817,2.949000,2.899000,2.999000,2
1562,I MART #108,"I-40, EXIT 108",Wildersville,TN,35.776654,-88.356143,3.099000,3.099000,3.099000,1
1567,KUM & GO #4110,"I-235, EXIT 11",Des Moines,IA,41.572590,-93.610243,3.027333,3.027333,3.027333,1
1579,FLYING J TRAVEL PLAZA #924- TOWN PUMP,"I-15, EXIT 122 & I-90 MM220",Butte,MT,45.896232,-112.660071,3.565667,3.565667,3.565667,1
1582,LOVES TRAVEL STOP #250,I-40 EXIT 60,Amarillo,TX,35.198064,-101.833107,3.314000,3.314000,3.314000,1
1585,Stripes 7Fleet #42498,US-385 & CR-1910,Andrews,TX,32.321336,-102.551846,3.369000,3.369000,3.369000,1
1590,ROAD RANGER #240,"I-80 & I-94, EXIT 15-A",Lake Station,IN,41.576735,-87.252878,3.559000,3.559000,3.559000,1
1596,FLYING J #305,"I-40, EXIT 39",Jamestown,NM,35.469295,-108.439555,3.442333,3.442333,3.442333,1
1597,7-ELEVEN #36156,"I-70 & SR-519, EXIT 25/333",Eighty Four,PA,40.177698,-80.130298,4.999000,4.999000,4.999000,1
1599,ONVO TRAVEL PLAZA,"I-81, EXIT 10",Mc Graw,NY,42.593765,-76.097502,3.449000,3.439000,3.459000,2
1602,CIRCLE K #2723387,US-98,Beaumont,MS,31.167543,-88.928356,3.565667,3.565667,3.565667,1
1606,DONNAS TRAVEL PLAZA,"I-5, EXIT 202",Marysville,WA,48.080214,-122.154312,4.559000,4.559000,4.559000,1
1610,TA BALTIMORE TRAVEL CENTER,"I-95, EXIT 57",Baltimore,MD,39.300032,-76.610476,4.759000,4.759000,4.759000,1
1618,GO MART FOOD STORE #33,US-33,Ripley,WV,38.821616,-81.709312,3.499000,3.499000,3.499000,1
1621,CIRCLE K #2709337,"I-65, EXIT 262B",Birmingham,AL,33.527174,-86.797036,3.489000,3.489000,3.489000,1
1622,RACEWAY #6973,US-380 & SR-114/SR-101,Bridgeport,TX,33.210449,-97.772466,2.782333,2.782333,2.782333,1
1623,SAPP BROS TRAVEL CENTER,"I-70 & I-270, EXIT 278",Commerce City,CO,39.882792,-104.794908,3.389000,3.389000,3.389000,1
1625,PILOT TRAVEL CENTERS #60,"I-26, EXIT 159",Bowman,SC,33.348302,-80.684293,3.432333,3.432333,3.432333,1
1632,PILOT TRAVEL CENTERS #266,"I-10, EXIT 139 & SR-292",Las Cruces,NM,32.326444,-106.789695,3.190667,3.190667,3.190667,1
1633,7-ELEVEN #36302,"I-35, EXIT 144",Von Ormy,TX,29.277391,-98.657373,3.109000,3.109000,3.109000,1
1634,PILOT TRAVEL CENTERS #40,"I-94, EXIT 322",Oak Creek,WI,42.878693,-87.898676,3.889000,3.889000,3.889000,1
1644,ALLSUPS CONVENIENCE STORE #2414,"I-20, EXIT 235",Roscoe,TX,32.441934,-100.532231,2.929000,2.929000,2.929000,1
1646,SPEEDWAY #8310,US-6  & US-31,Plymouth,IN,41.348770,-86.319336,3.609000,3.609000,3.609000,1
1647,SPEEDWAY #8305,US-41 & SR-312,Hammond,IN,41.618736,-87.494949,3.765667,3.765667,3.765667,1
1653,ROAD RANGER #187,"I-55, EXIT 289",Chicago,IL,41.837045,-87.684939,3.584000,3.569000,3.599000,2
1654,CEFCO #3,US-77/US190/SR-36,Cameron,TX,30.860768,-96.976198,2.989000,2.989000,2.989000,1
1661,CHEVRON,"I-20, EXIT 101 & SR-151",Calhoun,LA,32.515309,-92.353926,3.159000,3.159000,3.159000,1
1669,BETTY BEAVERS TRUCKSTOP,"I-90, EXIT 28",Fultonville,NY,42.946229,-74.369778,3.169000,3.149000,3.189000,2
1670,Petro Stopping Center #54,"I-44, EXIT 4 & SR-3",Joplin,MO,37.075218,-94.501259,3.449000,3.449000,3.449000,1
1671,LOVES TRAVEL STOP #412,"I-95, EXIT 77",Dunn,NC,35.311635,-78.612962,3.699000,3.699000,3.699000,1
1672,HANA TRAVEL PLAZA,"I-40,  EXIT 77",Amarillo,TX,35.198064,-101.833107,2.899000,2.899000,2.899000,1
1699,ALLENS FOOD MART280,US-280/US-231/SR-53/SR-38 & CR-8/CR-34,Sylacauga,AL,33.188670,-86.274799,3.799000,3.799000,3.799000,1
1700,TOPPS FUEL STOPS,US-259/SR-49,Daingerfield,TX,33.030488,-94.725880,3.109000,3.109000,3.109000,1
1720,TOOT N TOTUM #120,US-54 & S WESTERN AVE,Liberal,KS,37.046108,-100.927706,3.015667,3.015667,3.015667,1
1749,HIGHWAY 96 FUEL STOP,US-96 & SR-62/FM-1004,Buna,TX,30.442708,-93.960657,3.149000,3.149000,3.149000,1
1753,PWI #169,"I-35/US-77, EXIT 359 & CR-1304",Abbott,TX,31.885139,-97.074106,2.899000,2.899000,2.899000,1
1773,M-46 AUTO TRUCK PLAZA,"US-131, EXIT 120 & SR-46",Howard City,MI,43.393266,-85.466107,3.299000,3.099000,3.599000,3
1791,PILOT TRAVEL CENTERS #257,"I-20, EXIT 126 & FM-1788",Midland,TX,32.024642,-102.113467,3.565667,3.565667,3.565667,1
1807,LOVES TRAVEL STOP #229,I-40 EXIT 96 & SR-207,Panhandle,TX,35.346300,-101.380508,3.314000,3.314000,3.314000,1
1810,KENT KWIK #804,US-83,Perryton,TX,36.392868,-100.797656,2.999000,2.999000,2.999000,1
1829,PILOT TRAVEL CENTERS #96,"SR- 60 & FL TURNPIKE, EXIT 193",Okeechobee,FL,27.241608,-80.829311,3.709000,3.699000,3.719000,2
1832,CORNER FUEL CENTER,US-49,Hattiesburg,MS,31.307305,-89.317434,3.299000,3.299000,3.299000,1
1834,PUMP N PANTRY #15,"I-20, EXIT 617 & US-59",Marshall,TX,32.539159,-94.353173,2.899000,2.899000,2.899000,1
1849,Stripes #42457,US-67/US-277,San Angelo,TX,31.441078,-100.450499,3.244000,3.244000,3.244000,1
1855,EXIT 76 AUTO TRUCK PLAZA,US-131,Byron Center,MI,42.809460,-85.726365,3.499000,3.499000,3.499000,1
1858,FLYING J TRAVEL PLAZA #737,"I-10, EXIT 583",San Antonio,TX,29.462809,-98.524635,3.224000,3.224000,3.224000,1
1859,GO MART FOOD STORE #44,"I-79, EXIT 67 & US-19/SR-4",Sutton,WV,38.667772,-80.713461,3.559000,3.559000,3.559000,1
1860,MR FUEL #278,"I-75/71, EXIT 175 & SR-338",Walton,KY,38.862427,-84.615043,3.019000,3.019000,3.019000,1
1861,PETRO STOPPING CENTER #315,"I-40, EXIT 66",Kingman,AZ,35.216992,-114.010529,3.899000,3.899000,3.899000,1
1866,PRI MART FUEL CENTER,"I-94, EXIT 29",Benton Harbor,MI,42.113495,-86.447250,3.649000,3.499000,3.799000,2
1873,JDS TRUCKSTOP,"US-12 & US-31, EXIT 3",Niles,MI,41.834539,-86.247851,3.799000,3.749000,3.849000,2
1874,CIRCLE K #2744529,US-175,Seagoville,TX,32.653383,-96.545058,2.950667,2.950667,2.950667,1
1879,HOLIDAY STATIONSTORE #3552,"I-35, EXIT 81 & SR-70",Lakeville,MN,44.676134,-93.251743,3.549000,3.549000,3.549000,1
1888,STRIPES 7FLEET #42449,US-87,Sterling City,TX,31.839175,-100.985878,3.280667,3.280667,3.280667,1
1889,TOOT N TOTUM #105,US-54 & US-287,Stratford,TX,36.337568,-102.076030,2.965667,2.965667,2.965667,1
1893,MIKE MCDONALD TRUCK STOP,"I-20, EXIT 509",Terrell,TX,32.735347,-96.286437,2.870667,2.870667,2.870667,1
1894,CIRCLE K #2741544,"I-37 & SR-72, EXIT 69",Three Rivers,TX,28.466853,-98.177947,3.065667,3.065667,3.065667,1
1897,YESWAY #1077,"I-20/US-84, EXIT 278",Tye,TX,32.452218,-99.866537,2.875667,2.875667,2.875667,1
1905,LUCKY TRUCK STOP,US-82,Whitesboro,TX,33.659580,-96.903694,2.885667,2.885667,2.885667,1
1909,RALLYSTOP #1,"I-15, EXIT 62",Cedar City,UT,37.683767,-113.095484,3.459000,3.459000,3.459000,1
1914,LOVES TRAVEL STOP #792,"I-70, EXIT 160",Green River,UT,38.993460,-110.173424,3.709000,3.709000,3.709000,1
1921,BELL TRUCK STOP,"I-80, EXIT 146",Park City,UT,40.657328,-111.493756,3.452333,3.452333,3.452333,1
1923,SCENIC QUIK STOP,"I-70, EXIT 54 & US-89",Salina,UT,38.938815,-111.865194,3.459000,3.459000,3.459000,1
1930,CASEYS #3058,"I-35, EXIT 19 & US-160 E",Wellington,KS,37.278109,-97.406672,3.299000,3.299000,3.299000,1
1931,RBS ONE STOP,"I-15, EXIT 320",Woods Cross,UT,40.873190,-111.917773,3.459000,3.459000,3.459000,1
1934,CIRCLE K #2723710,"I-77, EXIT 24",Austinville,VA,36.851018,-80.914507,3.240667,3.240667,3.240667,1
1936,QUICK STOP MARKET #36,"I-81, EXIT 10 & US-11",Bristol,VA,36.616954,-82.157564,3.399000,3.399000,3.399000,1
1940,7-ELEVEN #40063,"I-81, EXIT 98 & SR-100",Dublin,VA,37.105503,-80.689700,3.199000,3.199000,3.199000,1
1944,LOVES TRAVEL STOPS #399,"I-77, EXIT 1 & SR-620",Lambsburg,VA,36.585408,-80.761182,3.589000,3.589000,3.589000,2
1950,7-ELEVEN #34515,"I-81, EXIT 205",King George,VA,38.279436,-77.184308,3.399000,3.399000,3.399000,1
1951,CIRCLE K #2723713,"I-81, EXIT 205",Staunton,VA,38.157978,-79.061876,3.385667,3.385667,3.385667,1
1953,FAS MART #3555,"I-64, EXIT 136 & US-15",Gordonsville,VA,38.135552,-78.187406,3.699000,3.699000,3.699000,1
1954,Joe's Kwik Mart #8409,US-58 & CR-645,Suffolk,VA,36.697157,-76.634781,3.032333,3.032333,3.032333,1
1956,PILOT TRAVEL CENTER #4642,"I-81, EXIT 291",Toms Brook,VA,38.946542,-78.440046,3.659000,3.659000,3.659000,1
1958,SPEEDWAY #4618,"I-81 & I-77, EXIT 77",Wytheville,VA,36.953385,-81.088438,3.412333,3.412333,3.412333,1
1960,MAPLEWOOD IRVING,"I-89, EXIT 7",Montpelier,VT,44.266448,-72.571524,3.699000,3.699000,3.699000,1
1962,SUPER QUIK,"I-64, EXIT 172 & SR-1/SR-7",Grayson,KY,38.333895,-82.935811,3.799000,3.799000,3.799000,1
1976,One9 #963,"I-90, EXIT 276",Spokane,WA,47.666935,-117.433322,3.974000,3.959000,3.989000,2
1977,GEE CEES TRUCK STOP,"I-5, EXIT 57",Toledo,WA,46.444721,-122.852230,3.839000,3.839000,3.839000,1
1983,KWIK TRIP #427,"US-53, EXIT 110 & SR-40",Bloomer,WI,45.102828,-91.491540,3.415667,3.415667,3.415667,1
1985,Camp Douglas BP,"I-90 & I-94, EXIT 55",Camp Douglas,WI,43.919721,-90.269703,3.154000,3.154000,3.154000,1
2000,RIVER CITY TRAVEL PLAZA,US-41,Marinette,WI,45.086794,-87.632443,3.399000,3.399000,3.399000,1
2002,KWIK TRIP #222,US-53/US-2,Superior,WI,46.692119,-92.080356,3.339000,3.339000,3.339000,1
2009,KWIK TRIP #139,"I-43, EXIT 120 & CR-V/CR-OK",Sheboygan,WI,43.738713,-87.731531,3.290667,3.290667,3.290667,1
2020,BFS FOODS #72,"I-68, EXIT 23 & SR-26",Bruceton Mills,WV,39.659396,-79.640606,3.499000,3.499000,3.499000,1
2021,GO MART FOOD STORE #59,"I-64, EXIT 15 & US-60",Huntington,WV,38.410651,-82.434689,3.499000,3.499000,3.499000,1
2022,GO MART FOOD STORE #86,"I-79, EXIT 40 & SR-16",Ivydale,WV,38.310097,-81.704569,3.599000,3.599000,3.599000,1
2029,HOMAX SERVICE,"I-25, EXIT 188",Mills,WY,42.849882,-106.390830,3.169000,3.169000,3.169000,1
2030,GHOST TOWN FUEL STOP,US-26/US-20,Casper,WY,42.842120,-106.321282,3.429000,3.429000,3.429000,1
2034,TA CHEYENNE TRAVEL CENTER,"I-80, EXIT 377 & SR-217/CR-140",Cheyenne,WY,41.127270,-104.790220,3.699000,3.699000,3.699000,1
2040,Fast Stop Travel Centers #1133,"I-25, EXIT 126 & US-18/20",Douglas,WY,42.754773,-105.397802,3.499000,3.499000,3.499000,1
2041,PINE BLUFFS SINCLAIR,"I-80, EXIT 401 & US-30",Pine Bluffs,WY,41.180212,-104.074782,3.699000,3.699000,3.699000,1
2044,One9 #1251,"I-80, EXIT 173",Wamsutter,WY,41.667977,-107.979142,3.499000,3.499000,3.499000,1
2074,STRIPES #40522,"I-10, EXIT 550",San Antonio,TX,29.462809,-98.524635,3.059000,3.059000,3.059000,1
2076,ALLSUPS CONVENIENCE STORE #2159,US-283 BUS/US-277 BUS & SR-422,Seymour,TX,33.595233,-99.258469,3.299000,3.299000,3.299000,1
2078,ALLSUPS CONVENIENCE STORE #2366,US-84 & CR-3300,Slaton,TX,33.445473,-101.650918,2.969000,2.969000,2.969000,1
2084,Main Street Market #112,"I-20, EXIT 73",Wickett,TX,31.567325,-103.005948,2.879000,2.879000,2.879000,1
2087,LWS TRUCK STOP,SR-30,Logan,UT,41.740256,-111.841764,3.425667,3.425667,3.425667,1
2088,FLYING J TRAVEL PLAZA #773,"I-70, EXIT 40",Richfield,UT,38.761285,-112.092974,3.699000,3.699000,3.699000,1
2089,FLYING J TRAVEL PLAZA #774,"I-84, EXIT 7",Snowville,UT,41.972822,-112.716407,3.749000,3.749000,3.749000,1
2115,KWIK TRIP #838,SR-23/SR-33,Reedsburg,WI,43.535051,-89.995509,3.194000,3.194000,3.194000,1
2125,BIG D #44,"I-80, EXIT 311 & SR-130",Laramie,WY,41.305955,-105.608637,3.249000,3.249000,3.249000,1
2144,Mountain View Truck Stop,US-15,Thurmont,MD,39.619976,-77.407695,4.099000,4.099000,4.099000,1
2152,SPEEDWAY #4709,"I-90, EXIT 102",Fairmont,MN,43.644789,-94.464015,3.299000,3.299000,3.299000,1
2167,PILOT TRAVEL CENTERS #134,"I-94, EXIT 171 (CR 75)",Saint Cloud,MN,45.526658,-94.171007,3.287333,3.287333,3.287333,1
2182,PILOT TRAVEL CENTER #4649,"I-64 & I-81, EXIT 205",Raphine,VA,37.937355,-79.232810,3.659000,3.659000,3.659000,1
2192,GO MART FOOD STORE #51,US-19/SR-129,Mount Nebo,WV,38.200111,-80.851208,3.599000,3.599000,3.599000,1
2194,A AND A TRUCKSTOP,US-35 & CR-41,Jackson,OH,39.044460,-82.644658,3.799000,3.799000,3.799000,1
2196,Certified Oil #400410,I-76 EXIT 43,Ravenna,OH,41.161567,-81.242058,3.315667,3.315667,3.315667,1
2204,NATURAL BRIDGE SHELL,US-278 & SR-5,Lynn,AL,34.057591,-87.548643,3.682333,3.682333,3.682333,1
2209,Roadrunner #471,"I-40/US-65, EXIT 142 & SR-365",North Little Rock,AR,34.781752,-92.235057,3.032333,3.032333,3.032333,1
2219,PILOT TRAVEL CENTERS #66,"I-85, EXIT 129",Braselton,GA,34.107616,-83.812908,3.272333,3.272333,3.272333,2
2223,PO JOS GAS N GO,"I-16 SR-404, EXIT 116 & US-301/SR-73",Register,GA,32.364530,-81.880493,3.232333,3.232333,3.232333,1
2227,SPEEDWAY #7448,SR-59,Naperville,IL,41.749173,-88.162019,3.329000,3.299000,3.359000,2
2231,QUIKTRIP #605,"I-270, EXIT 33",Saint Louis,MO,38.635699,-90.244582,2.899000,2.899000,2.899000,1
2255,S&G #36,"I-280, EXIT 2 & SR-795",Millbury,OH,41.564731,-83.425516,3.492333,3.492333,3.492333,1
2267,Circle K #4703917,"I-65, EXIT 112 & SR-25",Cross Plains,TN,36.541247,-86.676636,2.949000,2.949000,2.949000,1
2283,CIRCLE K #2707321,SR-60,Bartow,FL,27.886803,-81.821758,3.522333,3.522333,3.522333,1
2287,SAC SHOP #511,"I-76/I-70, EXIT 146 & I-99/US-220 EXIT 1",Bedford,PA,40.015115,-78.503017,4.099000,4.099000,4.099000,1
2306,SCOTCHMAN #3894,"I-77, EXIT 73 & SR-901",Rock Hill,SC,34.938216,-81.019177,3.079000,3.079000,3.079000,1
2310,MAPCO #3686,"I-24, EXIT 175",Chattanooga,TN,35.065958,-85.248386,2.889000,2.889000,2.889000,1
2311,SHELL,"I-24 & EPPS MILL RD, EXIT 89",Christiana,TN,35.719269,-86.412922,3.132333,3.132333,3.132333,1
2331,PINNERS POINT,SR-135,Portsmouth,VA,36.859339,-76.356973,3.499000,3.499000,3.499000,1
2336,FLYING J TRAVEL PLAZA #754,"I-77 & I-81, EXIT 77",Wytheville,VA,36.953385,-81.088438,3.549000,3.549000,3.549000,1
2340,RSTORE #4478,SR-8 & SR-13,Prentice,WI,45.541224,-90.292805,3.039000,3.039000,3.039000,1
2557,PWI #106,"I-30, EXIT 77B",Royse City,TX,32.979747,-96.316431,2.899000,2.899000,2.899000,1
2602,PILOT TRAVEL CENTERS #9,"I-75, EXIT 36",Franklin,OH,39.554951,-84.295728,3.352333,3.352333,3.352333,1
2623,TA JANESVILLE TRAVEL CENTER,"I-90/I-39, EXIT 171B & US-14",Janesville,WI,42.684698,-89.013170,3.299000,3.299000,3.299000,1
2626,WEST END SINCLAIR,"I-80, EXIT 211",Rawlins,WY,41.785130,-107.224653,3.319000,3.319000,3.319000,1
2629,PILOT TRAVEL CENTERS #253,"I-295 & NJ TRNPK,  EXIT 2B",Penns Grove,NJ,39.727704,-75.469035,3.989000,3.989000,3.989000,1
2635,FLYING J #584,"I-5, EXIT 278",Aurora,OR,45.228317,-122.757227,3.859000,3.859000,3.859000,1
2638,PIT STOP TRAVEL CENTER,US-789,Riverton,WY,43.026256,-108.381303,4.399000,4.399000,4.399000,1
2640,LITTLE NASHVILLE,"I-64, EXIT 50 & SR-127",Nashville,IL,38.353618,-89.377987,3.349000,3.299000,3.399000,2
2644,FREDERICKS TRAVEL CENTER,"I-25/US-87, EXIT 235 & SR-52",Erie,CO,40.040287,-105.038310,3.499000,3.499000,3.499000,1
2756,PAR MAR FOOD STORE #89,"I-77/SR-2, EXIT 170 & SR-14 E",Mineral Wells,WV,39.190354,-81.532068,3.499000,3.499000,3.499000,1
2761,PONY EXPRESS SERVICE CENTER,US-36 & SR-148,Hanover,KS,39.893170,-96.875067,2.955667,2.955667,2.955667,1
2764,LOVES TRAVEL STOP #046,US-64/54 & SR-94,Hooker,OK,36.861328,-101.216210,3.562333,3.562333,3.562333,1
2765,LOVES TRAVEL STOP #023,US-50 & US-287,Lamar,CO,38.075971,-102.614723,3.462333,3.462333,3.462333,1
2772,PILOT TRAVEL CENTERS #29,"I- 80, EXIT 144; I-69, EXIT 357",Fremont,IN,41.727622,-84.938855,3.899000,3.899000,3.899000,2
2779,Stinker #121,I-84 & EXIT 208,Heyburn,ID,42.559982,-113.762067,3.560667,3.560667,3.560667,1
2788,JIFFY MART #451,"I-91, EXIT 17 & SR-302",Wells River,VT,44.156476,-72.067979,3.569000,3.569000,3.569000,1
2805,Fast Stop Travel Centers #1145,"I-15,  EXIT 31",Downey,ID,42.428852,-112.123339,3.799000,3.799000,3.799000,1
2807,SUDDEN SERVICE #25,"I-24, EXIT 11",Clarksville,TN,36.566430,-87.345216,3.307333,3.307333,3.307333,1
2811,KWIK FILL #22,"I-90, EXIT 40 & SR-34/SR-31",Weedsport,NY,43.048124,-76.563607,3.899000,3.899000,3.899000,1
2817,Chevron #382354,"I-5/US-12, EXIT 72",Chehalis,WA,46.664176,-122.965425,4.299000,4.299000,4.299000,1
2848,TA TONOPAH TRAVEL CENTER,"I-10, EXIT 103",Tonopah,AZ,33.487986,-112.930811,3.939000,3.939000,3.939000,1
2851,SPEEDWAY #2958,"I-8, EXIT 12",Yuma,AZ,32.516286,-114.521782,3.479000,3.479000,3.479000,1
2862,TA TALLULAH TRAVEL CENTER,"I-20, EXIT 171 & US-65",Tallulah,LA,32.406696,-91.191700,3.209000,3.209000,3.209000,1
2864,KUM & GO #0493,I-49 BUS/SR-59,Neosho,MO,36.847508,-94.397739,3.059000,3.059000,3.059000,1
2875,CIRCLE K #2744138,"I-25, EXIT 101 & US-50/SR-47",Pueblo,CO,38.269228,-104.610816,3.399000,3.399000,3.399000,1
2883,PILOT TRAVEL CENTERS #293,"I-75, EXIT 341 & CR-484",Ocala,FL,29.177510,-82.151025,3.385667,3.359000,3.412333,2
2885,SP Truckstop & Travel Center,US-84/SR-38,Bainbridge,GA,30.906213,-84.572652,3.599000,3.599000,3.599000,1
2889,MOULTON COWBOYS,SR-157,Moulton,AL,34.488302,-87.282707,3.099000,3.099000,3.099000,1
2891,PETRO STOPPING CENTER #338,"I-80, EXIT 21",Sparks,NV,39.574341,-119.715154,3.949000,3.949000,3.949000,1
2895,EAGLE TRUCK STOP,I-77 EXIT 81,New Philadelphia,OH,40.486484,-81.440151,3.315667,3.315667,3.315667,1
2896,NORTH LEWISTON DYNAMART,US-12 & SR 128,Lewiston,ID,46.393130,-116.993472,3.669000,3.669000,3.669000,1
2897,GAS N GO #15,"I-80, EXIT 41",Lyman,WY,41.327540,-110.297449,3.465667,3.465667,3.465667,1
2910,FLYING J TRAVEL PLAZA #685,"I-29 & I- 94, EXIT 349",Fargo,ND,46.864700,-96.829080,3.569000,3.569000,3.569000,1
2913,ONE9#226,"I-40, EXIT 417 & SR-92",Dandridge,TN,36.030124,-83.429831,3.259000,3.259000,3.259000,1
2915,TP TRUCK STOP,"I-15, EXIT 80",Fort Hall,ID,43.014547,-112.457870,3.519000,3.519000,3.519000,1
2917,GOLDYS TRUCK PLAZA,US-29,Rustburg,VA,37.272189,-79.100105,3.519000,3.519000,3.519000,1
2922,LOVES TRAVEL STOP #210,"I-40, EXIT 158",Albuquerque,NM,35.104780,-106.646809,3.520667,3.520667,3.520667,1
2923,LOVES TRAVEL STOPS #435,"I-95, EXIT 104 & SR-207",Ruther Glen,VA,37.928749,-77.455815,3.600000,3.589000,3.611000,2
2924,HWY 190 FUEL STOP,US-190,Jasper,TX,30.922681,-93.993251,3.132333,3.132333,3.132333,1
2926,EXIT 77 TRAVEL PLAZA,"I-81, EXIT 77 & SR-39",Harrisburg,PA,40.275891,-76.885020,3.499000,3.499000,3.499000,1
2929,TA EXPRESS STEELE,"I-94, EXIT 200 & SR- 3",Steele,ND,46.856801,-99.918125,3.599000,3.599000,3.599000,1
2935,CIRCLE K #2726163,"I-295, EXIT 22",Jacksonville,FL,30.336864,-81.661603,3.299000,3.299000,3.299000,1
2937,FLYING J TRAVEL PLAZA #664,"I-75, EXIT 171",Walton,KY,38.862427,-84.615043,3.085667,3.085667,3.085667,1
2956,PILOT TRAVEL CENTERS #275,"I-85, EXIT 39 I-77, EXIT 13",Charlotte,NC,35.209045,-80.830990,3.552333,3.552333,3.552333,1
2963,SUPERPUMPER #26,"I-94, EXIT 258 & US-281",Jamestown,ND,46.905851,-98.693579,3.629000,3.629000,3.629000,1
2967,PETRO STOPPING CENTER #317,"I-57, EXIT 71",Perrysburg,OH,41.538986,-83.644132,3.785667,3.785667,3.785667,1
2968,E-Z MART #4460,"I-20,  EXIT 124",Monroe,LA,32.518986,-92.077180,3.129000,3.129000,3.129000,1
2977,DISCOUNT FUEL,"I-90, EXIT 150 & SR-73",Kadoka,SD,43.828613,-101.501241,3.229000,3.229000,3.229000,1
2982,CIRCLE K #2723726,"I-59/I-20, EXIT 52 & US-11/US-43/SR-7",Knoxville,AL,32.992347,-87.790567,3.089000,3.089000,3.089000,1
3003,CHEVRON,"I-20, EXIT 186",Delta,LA,32.322201,-90.958549,2.994000,2.994000,2.994000,1
3008,BUSY BEE,"I-10, EXIT 283 & US-129",Live Oak,FL,30.295650,-82.985117,3.779000,3.779000,3.779000,1
3022,TA GREENCASTLE TRAVEL CENTER,"I-81, EXIT 5",Greencastle,PA,39.790670,-77.726674,3.959000,3.959000,3.959000,1
3030,Mr Ts Riverside,US-412,Cardwell,MO,36.047480,-90.290905,3.199000,3.199000,3.199000,1
3064,PORTS TO PLAINS TRAVEL PLAZA,US-50 & US-287,Lamar,CO,38.075971,-102.614723,3.399000,3.399000,3.399000,1
3086,SPEEDWAY #4638,US-29,Madison Heights,VA,37.450301,-79.108210,3.495667,3.495667,3.495667,1
3093,RSTORE #4488,US-51,Merrill,WI,45.180635,-89.700339,3.240667,3.240667,3.240667,1
3096,HOBO PANTRY #6,US-431/SR-210,Dothan,AL,31.233698,-85.406823,3.959000,3.959000,3.959000,1
3118,MOBIL,"I-87, EXIT 42 & US-11",Champlain,NY,44.988281,-73.432429,3.799000,3.799000,3.799000,1
3128,TA ATLANTA SOUTH TRAVEL CENTER,"I-75, EXIT 201 & SR-36",Jackson,GA,33.292359,-83.967846,3.334000,3.334000,3.334000,1
3138,TA EXPRESS #6264,"I-70, EXIT 26 & US-50",Grand Junction,CO,39.089062,-108.567452,4.049000,4.049000,4.049000,1
3139,CHEROKEE TRAVEL MART,"I-40,  EXIT 108",Calumet,OK,35.601385,-98.124786,3.105667,3.105667,3.105667,1
3148,YESWAY #1038,US-60 & SR-86,Neosho,MO,36.847508,-94.397739,3.059000,3.059000,3.059000,1
3155,QUIK MART #18,US-72/SR-157,Tuscumbia,AL,34.718502,-87.702586,3.007333,3.007333,3.007333,1
3163,QUIKTRIP #71,"I-44, EXIT 238",Tulsa,OK,36.127949,-95.902316,3.039000,3.039000,3.039000,1
3164,QUIKTRIP #102,"I-44, EXIT 222A",Tulsa,OK,36.127949,-95.902316,3.039000,3.039000,3.039000,1
3165,LOVES TRAVEL STOP #213,"I-35, EXIT 211",Tonkawa,OK,36.670589,-97.315028,3.584000,3.584000,3.584000,1
3167,JASPER FOOD MART,US-78,Jasper,AL,33.851110,-87.268348,3.229000,3.229000,3.229000,1
3171,One9 #265,"I-40, EXIT 287 & SR-136",Cookeville,TN,36.146926,-85.512653,3.084000,3.084000,3.084000,1
3176,BP,US-6 & SR-15,New Paris,IN,41.501906,-85.825507,3.657333,3.657333,3.657333,1
3178,ERNIES FUEL STOP #1605,SR-167,Kent,WA,47.387970,-122.212727,4.599000,4.599000,4.599000,1
3179,MR FUEL #1020,"I-80 & I-94, EXIT 15B",Lake Station,IN,41.576735,-87.252878,3.565667,3.565667,3.565667,1
3191,BUSY CORNER TRUCK STOP AND MARKET,"I-24, EXIT 105 & US-41/SR-2",Manchester,TN,35.464125,-86.072895,3.049000,3.049000,3.049000,1
3205,CROSSROADS TRUCK STOP STATION,"I-29 & SR 34, MM 109",Colman,SD,43.983473,-96.814745,3.159000,3.159000,3.159000,1
3206,PERHAM OASIS,US-10 & SR-78,Perham,MN,46.599611,-95.577104,3.499000,3.499000,3.499000,1
3215,SHELL TRUCKSTOP,"I-4, EXIT 44",Polk City,FL,28.180471,-81.830032,3.449000,3.449000,3.449000,1
3216,MAXS #124,"I-24, EXIT 86 & US-41",Oak Grove,KY,36.673774,-87.422506,3.042333,3.042333,3.042333,1
3221,Southern Travel Plaza,"US-67, EXIT 55 & US-64/US-167 & SR-367",Bald Knob,AR,35.312539,-91.571253,3.395000,3.391000,3.399000,2
3222,POMPANO TRUCK STOP,"I-95, EXIT 36B",Pompano Beach,FL,26.241622,-80.133851,3.759000,3.759000,3.759000,1
3226,ONE9 #245,"I-81, EXIT 77 & SR-39",Harrisburg,PA,40.275891,-76.885020,3.609000,3.609000,3.609000,1
3227,MR FUEL DBA ONE9 #64,"I-26 & US-17, EXIT 199",Summerville,SC,33.005836,-80.179306,3.219000,3.219000,3.219000,2
3230,STRIPES #40815,US-281 & US-285,Falfurrias,TX,27.224410,-98.145191,3.299000,3.299000,3.299000,1
3264,TA WEST MEMPHIS TRAVEL CENTER,"I-40/US-63, EXIT 260 & SR-149",Earle,AR,35.273379,-90.464304,3.367333,3.367333,3.367333,1
3280,OUTPOST TRUCK STOP,US-85 & US-18/US-20,Lusk,WY,42.761259,-104.458403,3.689000,3.689000,3.689000,1
3281,AMERICAN TRUCK PLAZA,I-80 EXIT 215 & SR-254,Milton,PA,41.002114,-76.852339,3.799000,3.799000,3.799000,1
3284,CASEYS #4390,"I-49/US-71, EXIT 77 & US-160",Lamar,MO,37.493918,-94.278428,3.199000,3.199000,3.199000,1
3297,SAPP BROS TRAVEL CENTER,"I-80, EXIT 370",Cheyenne,WY,41.127270,-104.790220,3.700667,3.700667,3.700667,1
3316,TRUCKOMAT OF N LITTLE ROCK,"I-40, EXIT 161 & SR-391",North Little Rock,AR,34.781752,-92.235057,3.249000,3.249000,3.249000,1
3326,MIRABITO #61,"I-81, EXIT 32",Central Square,NY,43.285986,-76.141879,4.299000,4.299000,4.299000,1
3330,TA # 211 GREENLAND TRAVEL CENTER,"I-95, EXIT 3A & US-101",Greenland,NH,43.039732,-70.845622,3.759000,3.759000,3.759000,1
3349,QUEEN CITY TRUCK STOP,"I-20 & I-59, EXIT150",Meridian,MS,32.384170,-88.689448,2.939000,2.939000,2.939000,1
3383,E-Express at Central Truck Stop,"I-35, EXIT 137",Oklahoma City,OK,35.467079,-97.513657,2.879000,2.879000,2.879000,1
3386,LONGMONT TRUCK STOP,"I-25/US-87, EXIT 240 & SR-119",Longmont,CO,40.169853,-105.101841,3.239000,3.239000,3.239000,1
3401,POPS Mart #333,"I-77, EXIT 48 & SR-200",Winnsboro,SC,34.370204,-81.090612,3.090667,3.090667,3.090667,1
3413,COUNTRY GIRL TRUCK STOP,US-167 & SR-156,Winnfield,LA,31.923969,-92.642475,3.319000,3.319000,3.319000,1
3415,JAYS EL CHEAPO FUEL STOP,"I-16, EXIT 104",Metter,GA,32.394510,-82.062432,3.249000,3.249000,3.249000,1
3418,Par Mar Store #164,"I-79, EXIT 105 & CR-7",Jane Lew,WV,39.110783,-80.408009,3.999000,3.999000,3.999000,1
3421,ERNIES TRUCK STOP,"I-5, EXIT 142",Federal Way,WA,47.311596,-122.337757,4.599000,4.599000,4.599000,1
3422,PWI #167,"I-10, EXIT 601",Seguin,TX,29.590227,-97.968607,2.889000,2.889000,2.889000,1
3427,JOHNNYS MARKET,"I-69, EXIT 357",Fremont,IN,41.727622,-84.938855,3.699000,3.699000,3.699000,1
3432,PILOT TRAVEL CENTERS #34,"I-65, EXIT 201 & US-231",Remington,IN,40.769405,-87.129724,3.684000,3.659000,3.709000,2
3435,PWI #168,"I-35, EXIT 266 & SR-195",Georgetown,TX,30.668136,-97.698744,2.799000,2.799000,2.799000,1
3444,Acme Truck Stop,US-441/SR-500,Orlando,FL,28.408650,-81.254805,3.449000,3.449000,3.449000,1
3460,CHROME TRUCK STOP,US-18 & US-169,Algona,IA,43.076345,-94.231746,3.499000,3.499000,3.499000,1
3464,BOISE PETROLEUM LLC,"I-84,  EXIT 71",Boise,ID,43.600229,-116.231656,3.379000,3.379000,3.379000,1
3471,MR FUEL DBA ONE9 #72,"I-16, EXIT 160",Savannah,GA,32.018043,-81.196492,3.125667,3.119000,3.132333,2
3475,PILOT TRAVEL CENTERS #56,"I-85, EXIT 63",Kannapolis,NC,35.479904,-80.647499,3.499000,3.499000,3.499000,1
3477,CIRCLE K #4707404,"I-91, EXIT 7",Springfield,VT,43.296641,-72.481870,3.699000,3.699000,3.699000,1
3479,FAST MARKET #4550,"I-75/SR-401, EXIT 136 & US-341",Perry,GA,32.472008,-83.726245,3.099000,3.099000,3.099000,1
3493,CIRCLE K #2723675,"I-75, EXIT 290 & SR-20",Cartersville,GA,34.164579,-84.801704,3.085667,3.085667,3.085667,1
3519,PILOT TRAVEL CENTERS #431,"I-10, EXIT 873",Orange,TX,30.123528,-93.754548,3.309000,3.309000,3.309000,1
3522,SUNMART #308,US-59,Livingston,TX,30.710043,-94.937930,2.859000,2.859000,2.859000,1
3526,JOE STOP 99,"I-75, EXIT 99 & SR-119",Anna,OH,40.395364,-84.175659,3.064000,3.064000,3.064000,1
3530,SPARKYS ONE STOP #22,"I-35, EXIT 111B & US-30",Jefferson,IA,42.017743,-94.379422,3.232333,3.232333,3.232333,1
3536,PETRO STOPPING CENTER #307,I-40 EAST & S LAKESIDE Dr,Amarillo,TX,35.198064,-101.833107,3.279000,3.279000,3.279000,1
3539,Bigs 211,"I-10, EXIT 620 & SR-123",Seguin,TX,29.590227,-97.968607,3.099000,3.099000,3.099000,1
3545,STOCKMENS TRUCK PLAZA,"I-494, EXIT 64A",South Saint Paul,MN,44.888027,-93.040497,3.499000,3.499000,3.499000,1
3580,STINKER I 80 TRAVEL PLAZA,"I-80, EXIT 221 & SR-76",Sinclair,WY,41.776084,-107.119940,3.759000,3.759000,3.759000,1
3585,CHEVRON,"I-80, EXIT 129",Lovelock,NV,40.178738,-118.477442,3.499000,3.499000,3.499000,1
3588,BINGO TRUCK STOP,"I-10, EXIT 829 & SR-124",Winnie,TX,29.816716,-94.380673,2.999000,2.999000,2.999000,1
3592,TA BRIDGER TRAVEL CENTER #188,"I-80, EXIT 30 & CR-202",Fort Bridger,WY,41.318335,-110.389387,3.715667,3.715667,3.715667,1
3593,TA Parowan Travel Center,"I-15, EXIT 78",Parowan,UT,37.832577,-112.829619,3.705667,3.705667,3.705667,1
3605,SPEEDYS #6,"I-35, EXIT 33",Saint Joseph,MO,39.759460,-94.821143,3.169000,3.169000,3.169000,1
3608,FUEL MART #787,"I-57, EXIT 212 & US-36",Tuscola,IL,39.795912,-88.275483,3.199000,3.199000,3.199000,1
3614,PILOT TRAVEL CENTERS #35,"I-80/90, EXIT 72 & US-31",South Bend,IN,41.676643,-86.268809,3.799000,3.799000,3.799000,2
3616,PILOT TRAVEL CENTERS #15,"I-75, EXIT 210",Toledo,OH,41.664071,-83.581861,3.772333,3.772333,3.772333,1
3619,ROAD RANGER #141,"I-70, EXIT 23",Brazil,IN,39.522449,-87.124479,3.659000,3.659000,3.659000,1
3620,One9 #16,"I-71 & US-68, EXIT 50",Wilmington,OH,39.429125,-83.816172,3.142333,3.142333,3.142333,1
3645,SNOW SHOE TRAVEL PLAZA,"I-80, EXIT 147 & SR-144",Snow Shoe,PA,41.027650,-77.949720,3.469000,3.469000,3.469000,1
3678,TIMES MARKET #299,US-281 BUS,Alice,TX,27.755616,-98.065812,3.099000,3.099000,3.099000,1
3688,SPEEDWAY #2314,"I-94, EXIT 243 & SR-29",New Baltimore,MI,42.685306,-82.737649,3.569000,3.559000,3.579000,2
3692,CHARLOTTE TRAVEL PLAZA,"I-77,  EXIT 16B",Charlotte,NC,35.209045,-80.830990,3.532333,3.532333,3.532333,1
3699,WARREN TRAVEL PLAZA,"I-69, EXIT 278 & SR-5",Warren,IN,40.687688,-85.424650,3.399000,3.399000,3.399000,1
3702,BEARS DEN TRADING POST #101,ST 37 11 MI E OF MASSENA,Hogansburg,NY,44.973936,-74.663242,3.649000,3.649000,3.649000,1
3707,SPEEDWAY #4704,"I-90, EXIT 154",Albert Lea,MN,43.654293,-93.364148,3.299000,3.299000,3.299000,1
3718,SPEEDWAY #4706,"I-90, EXIT 265",Chamberlain,SD,43.798663,-99.329584,3.299000,3.299000,3.299000,1
3719,KEYSTONE TRUCK STOP,US-22 & SR-164,Loretto,PA,40.508398,-78.635148,3.999000,3.999000,3.999000,1
3725,GENEVA TRUCK STOP,"I-79, EXIT 35/141",Cochranton,PA,41.519097,-80.046991,3.815667,3.815667,3.815667,1
3728,PLAZA 23 TRUCK STOP,"I-787, EXIT 2",Albany,NY,42.665745,-73.798353,3.799000,3.799000,3.799000,1
3737,JORDAN'S KWIK STOP #70,US-49,West Helena,AR,34.550657,-90.641774,3.399000,3.399000,3.399000,1
3745,PILOT TRAVEL CENTER #906-TOWN PUMP,"I-90, EXIT 408 & SR-78",Columbus,MT,45.635966,-109.248784,3.580667,3.580667,3.580667,1
3759,EXXON,US-67 & SR-18,Newport,AR,35.623772,-91.231682,4.132333,4.132333,4.132333,1
3767,SIMMONS TRAVEL CENTER,"I-95, EXIT 8 & US-301",Emporia,VA,36.696182,-77.535975,3.099000,3.099000,3.099000,1
3772,Brake Time Corner Market,"I-25, EXIT 240",Burlington,CO,39.304171,-102.271466,3.499000,3.499000,3.499000,1
3774,SINCLAIR,"I-70, EXIT 438",Burlington,CO,39.304171,-102.271466,3.889000,3.889000,3.889000,1
3781,REATTA TRAVEL STOP,"I-76, EXIT 149 & SR-55/CR-81",Crook,CO,40.858779,-102.801383,3.382333,3.382333,3.382333,1
3783,CIRCLE K #2744095,"I-25, EXIT 215",Denver,CO,39.761850,-104.881105,3.299000,3.299000,3.299000,1
3794,SPEEDWAY #4701,"I-90, EXIT 73",Jackson,MN,43.625680,-94.988585,3.299000,3.299000,3.299000,1
3817,FAST MARKET,"I-25, EXIT 158",Colorado Springs,CO,38.867255,-104.760749,3.159000,3.159000,3.159000,1
3843,ONCUE EXPRESS #61,"I-35, EXIT 185 & US-77",Perry,OK,36.280149,-97.308190,3.215667,3.215667,3.215667,1
3868,SHORE STOP #279,US-13,Greenwood,DE,38.807163,-75.589996,3.249000,3.239000,3.259000,2
3888,Fics Plaza,"I-90, EXIT 184",Deer Lodge,MT,46.398345,-112.733237,3.519000,3.519000,3.519000,1
3889,CIRCLE K #2701686,"I-75, EXIT 220",Bradenton,FL,27.489798,-82.576804,3.439000,3.439000,3.439000,1
3907,SUNOCO,US-46 & SR-93,Palisades Park,NJ,40.847017,-73.997061,3.279000,3.279000,3.279000,1
3908,SEMINOLE TRUCK STOP,"I-75, EXIT 354",Fort Lauderdale,FL,26.141227,-80.146731,3.699000,3.699000,3.699000,1
3927,MICCOSUKEE SERVICE PLAZA,"I-75, EXIT 49 & SR-84",Fort Lauderdale,FL,26.141227,-80.146731,3.665667,3.665667,3.665667,1
3936,Uncle Petes Truck  Stop,"I-40, EXIT 239 & US-70/SR-26",Lebanon,TN,36.199381,-86.344634,2.989000,2.989000,2.989000,1
3946,Fast Lane,US-24 & US-63,Moberly,MO,39.418112,-92.436544,3.469000,3.469000,3.469000,1
3949,SUNSTOP #337,"I-10/SR-8, EXIT 303 & US-441",Lake City,FL,30.188638,-82.642246,3.699000,3.699000,3.699000,1
3956,CIRCLE K #2707451,US-27/SR-25 & SR-70,Lake Placid,FL,27.302605,-81.371476,3.399000,3.399000,3.399000,1
3964,SPEEDWAY #6604,"I-94, EXIT 66",Mattawan,MI,42.215635,-85.795760,3.494000,3.489000,3.499000,2
3970,EXXON - Pilot #1293,"I-30, EXIT 61",Garland,TX,32.909826,-96.630334,2.842333,2.842333,2.842333,1
3973,LOVES TRAVEL STOP #205,"I-35 & I-44, EXIT 137",Oklahoma City,OK,35.467079,-97.513657,3.319000,3.319000,3.319000,1
3974,LOVES TRAVEL STOP #201,I-40 EXIT 41,Elk City,OK,35.389612,-99.428749,3.125667,3.125667,3.125667,1
3975,SUNSTOP #334,"I-10, EXIT 335 & SR-121",Macclenny,FL,30.281039,-82.125253,3.459000,3.459000,3.459000,1
3979,PETRO GARY 369,"I-80 & I-94, EXIT 9",Gary,IN,41.590740,-87.347113,3.830667,3.830667,3.830667,1
4006,MISSILE MART #1,US-167 & SR-7,El Dorado,AR,33.218982,-92.664071,3.499000,3.499000,3.499000,1
4008,BALDWIN TRAVEL PLAZA,"I-94, EXIT 19 & US HWY 63",Baldwin,WI,44.954448,-92.371520,3.503000,3.503000,3.503000,1
4025,BP,"I-85, EXIT 21  & US-178",Anderson,SC,34.521487,-82.643517,2.909000,2.909000,2.909000,1
4035,PILOT TRAVEL CENTERS #430,"I-40,  EXIT 84",Russellville,AR,35.276328,-93.138743,3.387000,3.375000,3.399000,2
4062,DUDLEYS TRUCK STOP RESTAURANT,US-220,Rocky Mount,VA,37.004398,-79.884762,3.299000,3.299000,3.299000,1
4063,STUCKEY'S,"I-59, EXIT 67 & US-49",Hattiesburg,MS,31.307305,-89.317434,2.999000,2.999000,2.999000,1
4080,SHELL DBA PILOT DEALER #874,US-41,Miami,FL,25.775163,-80.208615,3.699000,3.699000,3.699000,2
4101,E-Z MART #4411,HIGHWAY 69 & COBBLESTONE DR,Pryor,OK,36.308428,-95.316914,3.099000,3.099000,3.099000,1
4113,ASAP GENERAL STORE #330,US-412/SR-15,Enid,OK,36.406702,-97.869861,3.082333,3.082333,3.082333,1
4115,QUIKTRIP #707,"I-85 , EXIT 96",Atlanta,GA,33.762909,-84.422675,3.340667,3.340667,3.340667,1
4119,JET FOOD STORE #82,US-441 & CR-13,Douglas,GA,31.506114,-82.854335,3.440667,3.440667,3.440667,1
4156,PETRO STOPPING CENTER #305,"I-10, EXIT 582",San Antonio,TX,29.462809,-98.524635,3.207333,3.207333,3.207333,1
4161,EL CHEAPO,I-95 & EXIT 76,Midway,GA,31.801003,-81.416664,3.525667,3.525667,3.525667,1
4164,CIRCLE K #2723897,"I-75, EXIT 138",Thomasville,GA,30.839422,-83.978781,3.235667,3.235667,3.235667,1
4169,TA KINGMAN TRAVEL CENTER,"I-40, EXIT 48 & US-93",Kingman,AZ,35.216992,-114.010529,3.899000,3.899000,3.899000,1
4171,PETRO SERVE USA #11,US-2 & US-71,Bemidji,MN,47.487034,-94.882690,3.499000,3.499000,3.499000,1
4172,FLYING J TRAVEL PLAZA #639,"I-90, EXIT 2",Post Falls,ID,47.725559,-116.944167,3.762333,3.762333,3.762333,1
4179,CIRCLE K #2705352,"I-95/SR-405, EXIT 109 & SR-30/SR-21",Port Wentworth,GA,32.192015,-81.205725,3.099000,3.099000,3.099000,1
4187,FLYING J TRAVEL PLAZA #632,"I-75, EXIT 320",Resaca,GA,34.579365,-84.943824,3.295667,3.295667,3.295667,1
4193,TIGER MART #63,"I-20, EXIT 454",Grand Prairie,TX,32.686108,-97.020804,3.599000,3.599000,3.599000,1
4199,PWI #574,"I-70, EXIT 193/US-40",Bunker Hill,KS,38.875298,-98.698938,2.959000,2.959000,2.959000,1
4204,PILOT TRAVEL CENTERS #415,"I-59, EXIT 4",Rising Fawn,GA,34.760079,-85.531076,3.839000,3.819000,3.859000,2
4211,FLYING J #513,"I-15, EXIT 1",Jean,NV,35.778868,-115.323883,3.732333,3.732333,3.732333,1
4220,KENNETT TRUCK STOP,"I-275, EXIT 16",Lawrenceburg,IN,39.107385,-84.875770,3.424000,3.424000,3.424000,1
4222,Circle K #4703906,"I-24, EXIT 24 & SR-49",Pleasant View,TN,36.389266,-87.045493,2.899000,2.899000,2.899000,1
4223,TA PEMBROKE TRAVEL CENTER,"I-90, EXIT 48A",Corfu,NY,42.961163,-78.402610,3.874000,3.829000,3.939000,4
4227,LOVES TRAVEL STOP #203,"I-40, EXIT 140",Oklahoma City,OK,35.467079,-97.513657,3.355667,3.355667,3.355667,1
4233,QUIKTRIP #7220,"I-20, EXIT 8",Shreveport,LA,32.466879,-93.792193,2.892333,2.892333,2.892333,1
4239,SPEEDWAY #8256,"I-64, EXIT 94 & SR-1958 & US-60",Winchester,KY,38.002364,-84.190586,2.922333,2.922333,2.922333,1
4241,EXXON,"I-285, EXIT 53",Conley,GA,33.642273,-84.334334,3.999000,3.999000,3.999000,1
4267,CONOCO,US-30 & SR-41,Gap,PA,39.989889,-76.021247,3.799000,3.799000,3.799000,1
4292,KUM & GO #0032,"I-80/US-6, EXIT 155 & SR-117",Colfax,IA,41.679794,-93.236280,3.082333,3.082333,3.082333,1
4301,TIGER DISCOUNT TRUCKSTOP,"I-94, EXIT 64 & I-94 BUS",Dickinson,ND,46.892780,-102.795960,3.515667,3.515667,3.515667,1
4311,Saveway Truck Plaza,"I-65, EXIT 164 & US-31",Hope Hull,AL,32.198998,-86.344383,3.139000,3.139000,3.139000,1
4331,KWIK STOP C STORES,US-61/US-151,Dubuque,IA,42.498901,-90.707258,3.559000,3.559000,3.559000,1
4332,PILOT TRAVEL CENTERS #468,"I-57, EXIT 283 & US-24",Gilman,IL,40.760528,-88.000916,3.464000,3.399000,3.559000,4
4335,HIGHWAY 20  AUTO TRUCK PLAZA,US-20,Peosta,IA,42.447714,-90.844315,3.489000,3.489000,3.489000,1
4339,ROAD RANGER #273,I-69E/US-77 & SR-107,Combes,TX,26.246514,-97.726766,3.049000,3.049000,3.049000,1
4349,ROAD RANGER #144,"I-380, EXIT 68US-20, EXIT 68",Evansdale,IA,42.465698,-92.269402,3.729000,3.729000,3.729000,1
4363,EL CHEAPO #4,"I-95, EXIT 87",Richmond Hill,GA,31.900000,-81.310961,3.095667,3.095667,3.095667,1
4368,HOODS SERVICE CENTER,"I-44, EXIT 61",Bois D Arc,MO,37.256438,-93.507696,3.074000,3.074000,3.074000,1
4372,GRADYS TRUCKSTOP,"I-16, EXIT 111",Pulaski,GA,32.390651,-81.953437,3.465667,3.465667,3.465667,1
4373,KUM & GO #0043,"I-35, EXIT 43 & SR-207/CRG76",New Virginia,IA,41.181764,-93.731070,3.114000,3.114000,3.114000,1
4389,TAYLOR QUIK-PIK,"I-29, EXIT 75 & US-30",Missouri Valley,IA,41.559319,-95.902635,3.399000,3.399000,3.399000,1
4395,BREAK TIME #3147,"I-55, EXIT 67 & US-62",Sikeston,MO,36.884997,-89.587449,3.499000,3.499000,3.499000,1
4417,TA MORIARITY TRAVEL CENTER,"I-40, EXIT 194",Moriarty,NM,35.003368,-106.044427,3.217333,3.217333,3.217333,1
4419,CASEYS #3081,"I-35, EXIT 92 & US-136",Bethany,MO,40.268164,-94.029822,3.060667,3.060667,3.060667,1
4427,CASEYS #2654,"I-80/US-6, EXIT 93 & CR-P28",Stuart,IA,41.500464,-94.318105,3.099000,3.099000,3.099000,1
4431,CASEYS #2653,"US-63 & US-30, EXIT 202",Toledo,IA,41.990174,-92.580342,3.349000,3.349000,3.349000,1
4437,UNDERWOOD TRUCK STOP I 80,"I-80, EXIT 17",Underwood,IA,41.380243,-95.682510,3.000667,3.000667,3.000667,1
4441,PILOT TRAVEL CENTERS #51,"I-81 BAILEYTON RD, EXIT 36",Greeneville,TN,36.168016,-82.819669,3.562333,3.562333,3.562333,1
4442,Minuteman Food Mart #58,US-74/US-76,Delco,NC,34.318818,-78.226661,3.507333,3.507333,3.507333,1
4445,TA Rogers,"I-94/US-52, EXIT 207 & SR-101",Rogers,MN,45.183850,-93.571669,3.274000,3.274000,3.274000,1
4446,LOVES TRAVEL STOP #200,I-40 EXIT 74,Amarillo,TX,35.198064,-101.833107,3.209000,3.209000,3.209000,1
4451,PRAIRIE JUNCTION TRUCK STOP,"I-29, EXIT 109 & SR-34",Colman,SD,43.983473,-96.814745,3.099000,3.099000,3.099000,1
4452,CASEYS #2867,US-63 & US-20,Waterloo,IA,42.492327,-92.351947,3.499000,3.499000,3.499000,1
4458,KUM & GO #1443,"I-80, EXIT 216",Williamsburg,IA,41.668884,-92.013249,3.130667,3.130667,3.130667,1
4460,EXIT 62 TRUCKSTOP,"I-71, EXIT 62 & US-127",Glencoe,KY,38.724990,-84.823276,3.165667,3.165667,3.165667,1
4463,QUIKTRIP #7901,"I-20, EXIT 556 & US-69",Lindale,TX,32.494132,-95.407344,2.807333,2.807333,2.807333,1
4482,FLYING J TRAVEL PLAZA #777,"I-84, EXIT 54(FEDERAL WAY)",Boise,ID,43.600229,-116.231656,3.787333,3.765667,3.809000,2
4492,3 MILE CORNER TRUCK STOP,US-2 & US-95,Bonners Ferry,ID,48.693579,-116.317019,3.734000,3.734000,3.734000,1
4525,STINKER #42,US-12/US-95 & SR-128,Lewiston,ID,46.393130,-116.993472,3.697333,3.697333,3.697333,1
4528,WENATCHEE VALLEY TRUCK STOP,US-97 ALT,Wenatchee,WA,47.435985,-120.329266,4.135667,4.089000,4.199000,3
4533,SPEEDWAY #1449,"I-65, EXIT 262B",Birmingham,AL,33.527174,-86.797036,2.975667,2.975667,2.975667,1
4544,BIG CHARLIES TRUCK PLAZA,"I-64, EXIT 282 & US-13",Virginia Beach,VA,36.779525,-76.029142,3.489000,3.489000,3.489000,1
4555,PILOT TRAVEL CENTERS #406,"I-65, EXIT 22 & US-31A/SR-11",Cornersville,TN,35.363395,-86.858376,3.799000,3.799000,3.799000,1
4560,FAST STOP TRAVEL CENTERS #1109,"I-15, EXIT 392",Plymouth,UT,41.873587,-112.146778,3.582333,3.582333,3.582333,1
4563,PILOT TRAVEL CENTERS #299,"I-55/I-74/US-51, EXIT 160 & US-150/SR-9",Bloomington,IL,40.475777,-88.969912,3.499000,3.399000,3.599000,6
4568,ONVO TRAVEL PLAZA,"I-90, EXIT 28",Fultonville,NY,42.946229,-74.369778,3.179000,3.159000,3.199000,2
4569,METROPOLIS TRUCK STOP,"I-24, EXIT 37 & US-45",Metropolis,IL,37.149639,-88.687354,3.599000,3.599000,3.599000,1
4574,Circle K #4701432,"I-74, EXIT 174",Mahomet,IL,40.190133,-88.389515,3.669000,3.669000,3.669000,1
4582,BIG CHIEF TRUCK STOP,"I-94/US-52, EXIT 61 & US-59/CR-82",Fergus Falls,MN,46.285017,-96.076110,3.235667,3.235667,3.235667,1
4605,PILOT DEALER #898 SADLERS TRUCK STOP,"I-95, EXIT 11B & US-58",Emporia,VA,36.696182,-77.535975,3.799000,3.799000,3.799000,1
4618,OUTPOST TRAVEL CENTER,"I-20, EXIT 5 & US-80",Greenwood,LA,32.431470,-93.959889,2.899000,2.899000,2.899000,1
4620,PILOT TRAVEL CENTERS #95,"I-75, EXIT 329 & SR-44",Wildwood,FL,28.805813,-82.007324,3.272333,3.225667,3.319000,2
4622,TA LEE HI TRAVEL PLAZA,"I-81,  EXIT 195",Lexington,VA,37.782332,-79.444320,3.659000,3.659000,3.659000,1
4628,QUARLES #4601,US-29/US-17/US-15,Warrenton,VA,38.717817,-77.797316,3.322333,3.322333,3.322333,1
4637,THORNTONS #369 DBA PILOT TRAVEL CENTER #514,"I-55, EXIT 126 & SR-10",Lincoln,IL,40.150678,-89.370273,3.449000,3.399000,3.499000,4
4642,MARSHAL JUNCTION,"I-70, EXIT 147 & SR-1",Marshall,IL,39.399532,-87.691168,3.299000,3.199000,3.399000,2
4644,CIRCLE K #4706703,"I-80, EXIT 145A",Mokena,IL,41.529863,-87.877710,3.369000,3.339000,3.399000,2
4654,7-ELEVEN #35087,"I-490, EXIT 2 & SR-33 & SR-19",Bergen,NY,43.082601,-77.942458,4.029000,4.029000,4.029000,1
4655,QUICKLEES TRAVEL CENTER,"I-86, EXIT 30 & CR-20",Belmont,NY,42.220105,-78.030794,3.999000,3.999000,3.999000,1
4690,PWI #401,"I-20 & I-30, EXIT 1B",Aledo,TX,32.697387,-97.606866,2.799000,2.799000,2.799000,1
4700,A C TRUCKSTOP,"I-80, EXIT 290",Laramie,WY,41.305955,-105.608637,3.079000,3.079000,3.079000,1
4704,THE RIDGE,"I-68/US-219, EXIT 14 & US-40",Accident,MD,39.625688,-79.319958,4.199000,4.199000,4.199000,1
4707,SMITHTON TRUCKSTOP,"I-70, EXIT 39 & SR-3059",Smithton,PA,40.153808,-79.741667,3.899000,3.899000,3.899000,1
4729,MINIT MART #600244,"I-70, EXIT 131",Straughn,IN,39.808384,-85.290842,3.859000,3.859000,3.859000,1
4742,FLYING J TRAVEL PLAZA #684,"I-94, EXIT 1 & SR-16",Beach,ND,46.918747,-104.005446,3.965667,3.965667,3.965667,1
4750,BROOKE TRAVEL PLAZA,"I-80, EXIT 259",West Liberty,IA,41.572995,-91.262639,2.987333,2.987333,2.987333,1
4762,TA MONROE TRAVEL CENTER,"I-75, EXIT 15",Monroe,MI,41.916586,-83.384324,3.316500,3.249000,3.369000,4
4806,TRACK AND TRAVEL,"I-20, EXIT 406",Weatherford,TX,32.753190,-97.771944,2.917333,2.917333,2.917333,1
4818,PILOT TRAVEL CENTERS #350,"I-84 & US-20, EXIT 95",Mountain Home,ID,43.131833,-115.696716,3.779000,3.759000,3.799000,2
4819,Alta Convenience #6333,"I-25, EXIT 11",Trinidad,CO,37.173157,-104.490326,3.399000,3.399000,3.399000,1
4826,I-20 Truck Stop,"I-20, EXIT 165",Lincoln,AL,33.580169,-86.127876,2.999000,2.999000,2.999000,1
4827,PETRO BEAUMONT #304,"I-10, EXIT 848",Beaumont,TX,30.084912,-94.145330,3.330667,3.330667,3.330667,1
4837,SHELL,US-10 & SR-210,Motley,MN,46.334754,-94.642772,3.399000,3.399000,3.399000,1
4856,PILOT TRAVEL CENTER #910- TOWN PUMP,"I-90, EXIT 274 & US-287",Three Forks,MT,45.889568,-111.552748,3.597333,3.597333,3.597333,1
4858,PILOT TRAVEL CENTER #1346,"I-135, EXIT 31",Newton,KS,38.037683,-97.345018,3.360250,3.311500,3.409000,2
4860,PILOT TRAVEL CENTERS #476,"I-74, EXIT 32 & SR-17",Woodhull,IL,41.178433,-90.322179,3.899000,3.899000,3.899000,2
4872,TA COMMERCE TRAVEL CENTER,"I-85, EXIT 149 & US-441",Commerce,GA,34.214298,-83.475713,3.215667,3.215667,3.215667,1
4874,PWI #110,"I-20, EXIT 112 & FM-1936",Odessa,TX,31.880461,-102.345314,3.049000,3.049000,3.049000,1
4878,SHELL DBA ONE9 #1426,"I-84, EXIT 35",Nampa,ID,43.585541,-116.565631,3.374000,3.374000,3.374000,1
4881,PETRO STOPPING CENTER #14,"I-295, EXIT 56",Bordentown,NJ,40.149693,-74.707679,4.029000,4.029000,4.029000,1
4885,LOVES TRAVEL STOP #384,"I-70, EXIT 45",Greenville,IL,38.886602,-89.389425,3.709000,3.689000,3.749000,6
4887,SUNOCO,"I-80 & I-90, EXIT 3",Wauseon,OH,41.553441,-84.140136,3.699000,3.699000,3.699000,1
4894,CLOVERDALE TRAVEL PLAZA,"I-70, EXIT 41 & US-231",Cloverdale,IN,39.521221,-86.798689,3.699000,3.699000,3.699000,1
4905,HY-MILER #2204,SR-250,Sandusky,OH,41.455885,-82.714436,3.532333,3.532333,3.532333,1
4909,CIRCLE K #2723916,US-441/US-301/US/27/SR-500,Ocala,FL,29.177510,-82.151025,3.459000,3.459000,3.459000,1
4910,PILOT TRAVEL CENTER #892,"I-70 EXIT 164, & US-50",Green River,UT,38.993460,-110.173424,3.685667,3.685667,3.685667,1
4918,PILOT TRAVEL CENTERS #219,"I-40, EXIT 398",Knoxville,TN,35.970680,-83.949270,3.699000,3.699000,3.699000,1
4920,TA LAPLACE,"I-10, EXIT 209 & US-5",La Place,LA,30.072157,-90.477008,3.227333,3.227333,3.227333,1
4921,PILOT TRAVEL CENTERS #231,"I-75, EXIT 29",Corbin,KY,36.931584,-84.100790,3.609000,3.609000,3.609000,1
4927,CIRCLE K #2704886,"I-65, EXIT 205 & US-31/SR-22",Clanton,AL,32.845572,-86.619494,3.207333,3.207333,3.207333,1
4933,VILLAGE TRUCK STOP,"I-81, EXIT 18",Rural Retreat,VA,36.905132,-81.277250,3.299000,3.299000,3.299000,1
4977,KWIK TRIP #331,SR-54,Wisconsin Rapids,WI,44.392923,-89.826749,3.262333,3.262333,3.262333,1
4981,JOHNNYS MARKET,"I-94, EXIT 110 & US-27",Marshall,MI,42.262630,-84.958739,3.499000,3.499000,3.499000,1
4983,KWIK TRIP #603,"I-94, EXIT 28 & SR-128",Wilson,WI,44.958611,-92.170494,3.549000,3.549000,3.549000,1
4996,ZIP TRIP #54,"I-90, EXIT 452",Billings,MT,45.788538,-108.552475,3.590667,3.590667,3.590667,1
5003,TRAILWAY TRUCK STOP,US-301/SR-304,Centreville,MD,39.042265,-76.062538,3.259000,3.259000,3.259000,1
5006,SUNOCO,US-1/US-9,Linden,NJ,40.627337,-74.236310,3.799000,3.799000,3.799000,1
5024,I 55 MOTOR PLAZA,"I-55,  EXIT 180",Pevely,MO,38.288089,-90.400038,2.990667,2.990667,2.990667,1
5030,YESWAY #1030,US-63 & E MARY ST,Ottumwa,IA,41.022251,-92.423263,3.399000,3.399000,3.399000,1
5044,TA MOUNT VERNON TRAVEL CENTER,"I-44, EXIT 46 & SR-39/SR265",Mount Vernon,MO,37.104825,-93.818664,3.409000,3.409000,3.409000,1
5050,ROCK PORT TRUCK PLAZA,"I-29 & US-136, EXIT 110",Rock Port,MO,40.410911,-95.533087,3.099000,3.099000,3.099000,1
5056,TREX MART #16,"I-35, EXIT, 61 & US-69",Winston,MO,39.869946,-94.141744,3.119000,3.119000,3.119000,1
5057,PHILLIPS 66,"I-35, EXIT 54 & I-35 BUS/US-36",Cameron,MO,39.744499,-94.232324,3.099000,3.099000,3.099000,1
5060,CRAZY FREDS TRUCK SHOP,"I-40, EXIT 44 & US-66",Kingman,AZ,35.216992,-114.010529,3.539000,3.539000,3.539000,1
5064,CLARK OIL #44,"I-59, EXIT 97",Laurel,MS,31.695077,-89.144955,2.879000,2.879000,2.879000,1
5079,FASTLANE TAYLOR 63,US-61 & SR-6,Taylor,MO,39.903783,-92.205892,3.015667,3.015667,3.015667,1
5085,K AN T TRUCKSTOP,"I-79, EXIT 137 & SR-310",Fairmont,WV,39.476877,-80.149089,3.399000,3.399000,3.399000,1
5111,CIRCLE K #2723385,"I-59, EXIT 67 & US-49/SR-42",Hattiesburg,MS,31.307305,-89.317434,3.149000,3.149000,3.149000,1
5117,CIRCLE K #4702361,"I-65, EXIT 130 & SR-334",Whitestown,IN,39.971672,-86.371739,3.292333,3.292333,3.292333,1
5128,CASEYS #2769,"I-80, EXIT 220 & SR-149",Williamsburg,IA,41.668884,-92.013249,3.142333,3.142333,3.142333,1
5131,TRAILS END TRUCK STOP,"I-29, EXIT 110 & US-136",Rock Port,MO,40.410911,-95.533087,3.405667,3.405667,3.405667,1
5132,Travel Centers of America,"I-44, EXIT 208 & SR-19",Cuba,MO,38.067096,-91.405733,3.265667,3.265667,3.265667,1
5160,FUEL MART #727,"I-70, EXIT 193",Quaker City,OH,39.969656,-81.297357,3.165667,3.165667,3.165667,1
5163,Blue Sky #733,"US-78, EXIT 81 & SR-178",Belden,MS,34.310383,-88.788389,2.939000,2.939000,2.939000,1
5165,ONE9 #046,"I-65, EXIT 6 & SR-100",Franklin,KY,36.718029,-86.557576,3.085667,3.085667,3.085667,1
5167,SPEEDWAY #7575,"I-65, EXIT 255",Hobart,IN,41.513530,-87.276399,3.632333,3.632333,3.632333,1
5170,FLYING J #516,"I-76, EXIT 161 & I-70",Breezewood,PA,39.999251,-78.238623,5.099000,5.099000,5.099000,1
5183,PETRO STOPPING CENTER #74,I-95 & EXIT 106,Kenly,NC,35.600767,-78.127935,3.709000,3.709000,3.709000,1
5191,NORTH POINT PLAZA,"I-90 & I-94, EXIT 115",Poynette,WI,43.392165,-89.404787,3.172333,3.172333,3.172333,1
5202,Chevron #306185,US-30,Montpelier,ID,42.325992,-111.298826,3.699000,3.699000,3.699000,1
5203,OASIS TRAVEL CENTER,"I-10, EXIT 53",Robertsdale,AL,30.557139,-87.704723,3.469000,3.469000,3.469000,1
5207,JJ TRAVEL PLAZA,"I-70, EXIT 70 & US-83",Oakley,KS,39.123456,-100.844973,3.615667,3.615667,3.615667,1
5227,PILOT TRAVEL CENTERS #900,"I-95, EXIT 75",Dunn,NC,35.311635,-78.612962,3.709000,3.709000,3.709000,1
5230,ONE9 #496,"I-80, EXIT 265",Atalissa,IA,41.571687,-91.166454,3.015667,3.015667,3.015667,1
5232,CM EUNICE,US-190,Eunice,LA,30.490429,-92.419064,3.399000,3.399000,3.399000,1
5234,SINCLAIR,SR-37,Monett,MO,36.921470,-93.927108,3.290667,3.290667,3.290667,1
5236,FLYING J #875,"I-95,  EXIT 109",Elkton,MD,39.605776,-75.821686,4.199000,4.199000,4.199000,1
5245,CASEYS #3842,US-36 & US-283,Norton,KS,39.836219,-99.891596,3.157333,3.157333,3.157333,1
5247,EDGERTON TRAVEL PLAZA,"I-90, EXIT 160 & US-51",Edgerton,WI,42.838947,-89.069571,3.199000,3.199000,3.199000,1
5249,Taylor's Stateline Travel Center,US-67 & SR-278,Neelyville,MO,36.556292,-90.513676,2.999000,2.999000,2.999000,1
5254,TA CANDLER TRAVEL CENTER,"I-40, EXIT 37",Candler,NC,35.536498,-82.692907,3.799000,3.799000,3.799000,1
5255,7-ELEVEN #35788,"I-35, EXIT 215",Olathe,KS,38.882031,-94.820054,3.339000,3.339000,3.339000,1
5258,PT TRUCK STOP,"I-12, EXIT 42",Hammond,LA,30.505650,-90.456493,3.249000,3.249000,3.249000,1
5282,CASEYS #3548,US-54 & US-61,Pratt,KS,37.698576,-98.765936,3.140667,3.140667,3.140667,1
5285,TULLO TRUCK STOP,"I-95, EXIT 15E & US-1/US-9",Kearny,NJ,40.752332,-74.123093,3.799000,3.799000,3.799000,1
5297,ERNIES TRUCK STOP,"I-90,  EXIT 179 & I-90 BUS/SR-17",Moses Lake,WA,47.127850,-119.276384,4.042333,3.949000,4.179000,3
5299,Sudden Service #62,"I-65, EXIT 6 & SR-100",Franklin,KY,36.718029,-86.557576,3.084000,3.084000,3.084000,1
5302,ONE9 #258,"I-81, EXIT 150 & US-220 ALT & US-11",Troutville,VA,37.416654,-79.878096,3.032333,3.032333,3.032333,1
5306,PILOT TRAVEL CENTERS #11,"I-76, EXIT 232",North Lima,OH,40.947372,-80.664007,3.799000,3.799000,3.799000,1
5309,NEWBORN TRUCK STOP,I-20 EXIT 5,Tallapoosa,GA,33.736656,-85.287358,3.407333,3.407333,3.407333,1
5310,FLYING J #576,"I-35, EXIT 69",Northfield,MN,44.455645,-93.170311,3.859000,3.859000,3.859000,1
5324,HY-MILER #2245,SR-53,Fremont,OH,41.353019,-83.115590,3.382333,3.382333,3.382333,1
5341,KWIK STAR #1160,"US-75, EXIT 118 & SR-3",Le Mars,IA,42.781514,-96.173311,3.299000,3.299000,3.299000,1
5349,JET FOOD STORE #17,US-1/SR=4/SR-540 & US-220/SR-47,Wrens,GA,33.207434,-82.387583,3.415667,3.415667,3.415667,1
5363,SPEEDWAY #6767,"I-75, EXIT 20",Manheim,PA,40.163273,-76.395973,4.499000,4.499000,4.499000,1
5389,FLYING J TRAVEL PLAZA #744,"I-15, EXIT 343",Ogden,UT,41.228391,-111.968147,3.749000,3.749000,3.749000,1
5391,PWI #605,"I-10, EXIT 378",San Simon,AZ,32.268169,-109.230200,2.959000,2.959000,2.959000,1
5399,FLYING J TRAVEL PLAZA #750,"I-81 & I-77, EXIT 80",Max Meadows,VA,36.978941,-80.961796,3.549000,3.549000,3.549000,1
5407,CASEYS #4535,US 81,Concordia,KS,39.566865,-97.646767,2.912333,2.912333,2.912333,1
5414,Pride Travel Center dba One9 #1216,"I-10 ,EXIT 200 & SR-84",Eloy,AZ,32.741255,-111.594015,3.199000,3.199000,3.199000,2
5419,USA TRAVEL CENTER,"I-40, EXIT 48 & US-93",Kingman,AZ,35.216992,-114.010529,3.399000,3.399000,3.399000,1
5422,K AND H TRUCK PLAZA,"I-57, EXIT 283 & US-24",Gilman,IL,40.760528,-88.000916,3.129000,3.099000,3.159000,2
5424,WK TRUCK STOP,"US-231 & SR-9001, EXIT 75",Beaver Dam,KY,37.403758,-86.873606,3.399000,3.399000,3.399000,1
5435,MEADE AUTO AND TRUCK PLAZA,US-54,Meade,KS,37.283612,-100.343022,3.799000,3.799000,3.799000,1
5436,PARKWAY MARATHON,"US-79, EXIT 94",Caneyville,KY,37.422980,-86.499732,3.732333,3.732333,3.732333,1
5446,PETRO STOPPING CENTER #308,"I-20, EXIT 8 & SR-526",Shreveport,LA,32.466879,-93.792193,3.175667,3.175667,3.175667,1
5462,BOOZER KWIK STOP,"I-15, EXIT 118",Idaho Falls,ID,43.488851,-112.036297,3.447333,3.447333,3.447333,1
5464,PILOT TRAVEL CENTERS #48,"I-65, EXIT 86",Glendale,KY,37.601728,-85.905519,3.609000,3.609000,3.609000,1
5474,One9 #88,"I-95/SR-9, EXIT 201 & SR-520",Cocoa,FL,28.376643,-80.763306,3.375667,3.375667,3.375667,1
5477,CHEVRON #383766,"I-5, EXIT 216",Halsey,OR,44.382845,-123.109487,3.099000,3.099000,3.099000,1
5479,PILOT TRAVEL CENTERS #94,"I-75, EXIT 161",Punta Gorda,FL,26.897754,-82.065812,3.799000,3.799000,3.799000,2
5491,49ER FUEL CENTER,"I-75, EXIT 49",East Bernstadt,KY,37.192677,-84.129211,2.999000,2.999000,2.999000,1
5492,BFS FOODS #68,"I-70, EXIT 3",Hancock,MD,39.704578,-78.163270,4.129000,4.129000,4.129000,1
5522,ONE9 #301,"I-55,  EXIT 40",Marston,MO,36.517177,-89.605831,3.109000,3.109000,3.109000,1
5523,TA LIMON TRAVEL CENTER,"I-70, EXIT 359 & US-24",Limon,CO,39.265074,-103.685911,3.920667,3.920667,3.920667,1
5529,FLYING J #549,"I-77, EXIT 100 & 101",Mount Airy,NC,36.508487,-80.614538,3.599000,3.599000,3.599000,1
5537,HUCKS TRAVEL CENTER #51 DBA FLYING J #889,"I-57/I-64, EXIT 95 & SR-15",Mount Vernon,IL,38.314205,-88.917470,3.463000,3.359000,3.599000,5
5554,Southfork TRUCK STOP,"I-30, EXIT 63 & SR-53",Gurdon,AR,33.916032,-93.153910,3.459000,3.459000,3.459000,1
5560,MIDWAY TRAVEL PLAZA,I-70 EXIT 121 & US-40,Columbia,MO,38.947290,-92.326387,3.539000,3.539000,3.539000,1
5569,TA EXPRESS NORWOOD #0450,US-60,Norwood,MO,37.107192,-92.418931,3.449000,3.449000,3.449000,1
5570,PETRO STOPPING CENTER #310,"I-12, EXIT 40 & US-51 BUS",Hammond,LA,30.505650,-90.456493,3.249000,3.249000,3.249000,1
5579,SAPP BROS TRAVEL CENTER,US-30,Columbus,NE,41.437066,-97.357351,3.219000,3.219000,3.219000,1
5592,TA COLUMBIA NORTH,"I-20, EXIT 71 & US-21",Columbia,SC,34.040519,-80.906099,3.439000,3.439000,3.439000,1
5597,CM LAKE CHARLES FUEL STOP 36,"I-10, EXIT 36 & SR-397",Lake Charles,LA,30.199020,-93.210835,3.299000,3.299000,3.299000,1
5601,BP,"I-24, EXIT 16",Paducah,KY,37.070892,-88.644477,3.429000,3.429000,3.429000,1
5603,TA NORTH CANTON TRAVEL CENTER,"I-77, EXIT 111",North Canton,OH,40.874146,-81.397134,3.624000,3.624000,3.624000,1
5606,FLYING J #511,"I-94, EXIT 147",Mandan,ND,46.829484,-100.887060,3.952333,3.952333,3.952333,1
5607,RICE MART,"I-45 & FM 1603, EXIT 238",Rice,TX,32.239260,-96.497137,3.019000,3.019000,3.019000,1
5608,SHOP A LOTT  #3,US-84 & US-171,Mansfield,LA,32.035341,-93.699665,3.135667,3.135667,3.135667,1
5613,CHEVRON #381108,"I-82, EXIT 36",Yakima,WA,46.590938,-120.549400,3.999000,3.999000,3.999000,1
5618,MCCLURE OIL #52,"I-65/US-52, EXIT 140 & SR-32",Lebanon,IN,40.033106,-86.448155,3.584000,3.584000,3.584000,1
5649,Fast Stop,"I-10, EXIT 182 & SR-22",Sorrento,LA,30.183623,-90.866567,3.699000,3.699000,3.699000,1
5651,LOVES TRAVEL STOP #303,"I-64, EXIT 43 & SR-395",Waddy,KY,38.137015,-85.074398,3.749000,3.749000,3.749000,1
5659,TEX-BEST #526,US-59 & US-281,George West,TX,28.330000,-98.118304,3.299000,3.299000,3.299000,1
5660,Pride Convenience Store,"I-90, EXIT 51 & I-291",Chicopee,MA,42.177586,-72.570189,3.509000,3.509000,3.509000,1
5661,TA Express #287,"I-40, EXIT 288 & SR-111",Cookeville,TN,36.146926,-85.512653,3.299000,3.299000,3.299000,1
5667,PILOT TRAVEL CENTERS #393,"I-40, EXIT 24 & SR-209",Waynesville,NC,35.485593,-82.999290,3.759000,3.759000,3.759000,1
5669,KWIK TRIP #497,I-90 EXIT 266 & CR-12,Dakota,MN,43.911548,-91.361362,3.474000,3.474000,3.474000,1
5670,TA MOUNT VERNON TRAVEL CENTER,"I-57 & I-64, EXIT 95",Mount Vernon,IL,38.314205,-88.917470,3.495667,3.449000,3.539000,3
5674,TA MADISON TRAVEL CENTER,"I-20, EXIT 114 & US-441",Madison,GA,33.579038,-83.475971,3.890667,3.890667,3.890667,1
5677,YESWAY #1178,CR-13,Kadoka,SD,43.828613,-101.501241,3.189000,3.189000,3.189000,1
5691,Pilot Travel Center #666,"I-94, EXIT 30",Benton Harbor,MI,42.113495,-86.447250,3.059000,3.059000,3.059000,1
5700,BEACON & BRIDGE #18,US-131 BUS,Big Rapids,MI,43.699671,-85.481250,3.405667,3.319000,3.559000,3
5718,TOOT N TOTUM #104,US-287,Dalhart,TX,36.057423,-102.512212,3.199000,3.199000,3.199000,1
5721,TA BALTIMORE SOUTH TRAVEL CENTER,"I-95, EXIT 41A & SR-175 & US-1",Jessup,MD,39.149094,-76.776388,4.599000,4.599000,4.599000,1
5729,MENOMONIE FARMERS UNION,"I-94, EXIT 45 & CR-B",Menomonie,WI,44.889200,-91.909570,3.649000,3.649000,3.649000,1
5730,SCOTTS QUICK STOP,SR-53 & SR-46,Marlette,MI,43.326439,-83.080519,3.399000,3.399000,3.399000,1
5739,PILOT TRAVEL CENTERS #284,"I-75, EXIT 18",Monroe,MI,41.916586,-83.384324,3.389000,3.249000,3.559000,5
5751,TA LAKE PARK TRAVEL CENTER,"I-75,  EXIT 2",Lake Park,GA,30.685560,-83.187704,3.315667,3.315667,3.315667,1
5754,ROAD TRIP OASIS PERRY,"I-69, EXIT 105 & SR-52",Perry,MI,42.832184,-84.224071,3.749000,3.699000,3.799000,2
5758,SPEEDY Q MARKET #8206,"I-94, EXIT 274",Port Huron,MI,42.993766,-82.433743,3.899000,3.899000,3.899000,1
5770,Kwik Trip # 1281,"I-43, EXIT 107",Belgium,WI,43.501807,-87.847551,3.255667,3.255667,3.255667,1
5771,DUNES AUTO TRUCK PLAZA,"I-94, EXIT 12",Sawyer,MI,41.885321,-86.589467,3.549000,3.499000,3.599000,2
5774,PJ TRAVEL PLAZA,"I-80, EXIT 192 & SR-880",Loganton,PA,41.034229,-77.302333,3.479000,3.479000,3.479000,1
5780,BILLS TRUCKSTOP,"I-85, EXIT 86",Linwood,NC,35.750694,-80.317831,3.449000,3.449000,3.449000,1
5799,STAPLES OIL,"I-90, EXIT 146",Alden,MN,43.667494,-93.569804,3.299000,3.299000,3.299000,1
5801,TA WYTHEVILLE TRAVEL CENTER,"I-81, EXIT 72 & I-77, EXIT 41",Wytheville,VA,36.953385,-81.088438,3.519000,3.519000,3.519000,1
5821,TA PORTLAND TRAVEL CENTER,"I-5,  EXIT 278",Aurora,OR,45.228317,-122.757227,4.032333,4.032333,4.032333,1
5823,ENMARKET #863,"I-95, EXIT 8 & SR-88",Hardeeville,SC,32.295308,-81.040983,3.082333,3.082333,3.082333,1
5830,115 TRUCKSTOP #5001,"I-94, EXIT 115",Marshall,MI,42.262630,-84.958739,3.505667,3.429000,3.589000,3
5842,PETRO STOPPING CENTER #6367,"I-57,  EXIT 335",Monee,IL,41.418083,-87.750136,3.452333,3.399000,3.499000,3
5860,SPEEDWAY #4610,"I-35, EXIT 59 & SR-21",Faribault,MN,44.299709,-93.278946,3.759000,3.759000,3.759000,1
5873,SOUTHERN VALLEY COOP,ST 14 BYPASS,Mankato,MN,44.171122,-93.976380,3.499000,3.499000,3.499000,1
5901,ROTHSAY TRUCK STOP,"I-94, EXIT 38",Rothsay,MN,46.473091,-96.284242,3.209000,3.209000,3.209000,1
5903,Circle K #2746447,I-94/US-52 EXIT 127 & US-71/SR-28,Sauk Centre,MN,45.736472,-94.952729,3.189000,3.189000,3.189000,1
5907,SPEEDWAY #4035,CR-101,Shakopee,MN,44.771906,-93.475699,3.599000,3.599000,3.599000,1
5909,SINCLAIR,"I-90, EXIT 233",Saint Charles,MN,43.968747,-92.059295,3.529000,3.529000,3.529000,1
5927,HARRISONBURG TRAVEL CENTER,"I-81,  EXIT 243 & US-11",Harrisonburg,VA,38.436255,-78.873303,2.899000,2.899000,2.899000,1
5935,WESTHAMPTON VALERO,I-295 EXIT 47A,Mount Holly,NJ,39.995336,-74.786473,3.329000,3.329000,3.329000,1
5942,EXPRESS MART TRUCK STOP,"I-55, EXIT 185 & US-67/US-61",Barnhart,MO,38.336604,-90.403095,2.997333,2.997333,2.997333,1
5944,LAKE MILLS TRAVEL PLAZA,"I-94, EXIT 259 & SR- 89/CR-G",Lake Mills,WI,43.077639,-88.906411,3.360667,3.360667,3.360667,1
5946,PILOT TRAVEL CENTERS #918,I-90 EXIT 55,Rapid City,SD,44.071071,-103.217924,3.999000,3.999000,3.999000,1
5949,EXXON,US-59 & LOOP 151,Texarkana,TX,33.451136,-94.090087,3.165667,3.165667,3.165667,1
5951,ROAD RANGER #157,I-64 EXIT 41,Okawville,IL,38.434417,-89.547978,3.799000,3.799000,3.799000,1
5963,OZONA ONE STOP,"I-10, EXIT 372",Ozona,TX,30.707399,-101.206059,2.982333,2.982333,2.982333,1
5965,TRUCK TOWNE,I-29 EXIT 47 & SR-46,Beresford,SD,43.079646,-96.780224,3.159000,3.159000,3.159000,1
5971,WACO TRAVEL CENTER,SR-19,Perry,FL,30.109053,-83.582275,3.699000,3.699000,3.699000,1
5979,TA LAFAYETTE TRAVEL CENTER,"I-10 & SR-182, EXIT 101",Lafayette,LA,30.205600,-92.028058,3.134000,3.134000,3.134000,1
5980,THRIFT MART TRUCK PLAZA,"I-85/US-460, EXIT 63A & US-1/US-460 BUS",Petersburg,VA,37.204730,-77.392368,3.199000,3.199000,3.199000,1
5990,360 TRUCK STOP,US-360,Amelia Court House,VA,37.335858,-77.986639,3.599000,3.599000,3.599000,1
5996,Fast Stop Travel Centers #1134,"I-80/US-30, EXIT 99 & US-191/SR-373",Rock Springs,WY,41.594704,-109.220922,3.499000,3.499000,3.499000,1
5999,PILOT TRAVEL CENTER #492,"I-30, EXIT 78 & SR-7",Arkadelphia,AR,34.127380,-93.070851,3.529000,3.499000,3.559000,2
6001,ALLSUPS #2392,US-70 & US-285,Roswell,NM,33.373442,-104.529393,3.199000,3.199000,3.199000,1
6009,CASEYS #2652,US-65 & US-36,Chillicothe,MO,39.796079,-93.549957,3.289000,3.289000,3.289000,1
6010,SEGOVIA TRUCK STOP,"I-10, EXIT 465",Junction,TX,30.490759,-99.773222,2.999000,2.999000,2.999000,1
6018,TA BLOOMINGTON TRAVEL CENTER,"I-55, I-74 & I-39 , EXIT 160",Bloomington,IL,40.475777,-88.969912,3.571000,3.449000,3.649000,5
6033,EMERY'S,US-54,Deerfield,MO,37.838652,-94.507702,3.349000,3.349000,3.349000,1
6037,CRYSTAL OIL,"I-129/US-20/US-75,  EXIT 2",South Sioux City,NE,42.463048,-96.413248,3.549000,3.549000,3.549000,1
6041,COCKERHAM FUEL CENTER #4,"I-77, EXIT 14 & US-58/US-221",Hillsville,VA,36.761614,-80.736704,3.282333,3.282333,3.282333,1
6047,FAST LANE #26,US-61,Eolia,MO,39.237890,-91.013166,3.099000,3.099000,3.099000,1
6051,CIRCLE K #2709846,"I-25, EXIT 240",Longmont,CO,40.169853,-105.101841,3.057333,3.057333,3.057333,1
6057,PILOT TRAVEL CENTERS #903,"I-70/US-40, EXIT 252",Salina,KS,38.813085,-97.614477,3.769000,3.759000,3.779000,2
6058,MOTOR INN AUTO TRUCK STOP,I-75 EXIT 110,Mendon,OH,40.672717,-84.517854,3.199000,3.199000,3.199000,1
6068,AYERCO #24,US-61 & CR MM,Hannibal,MO,39.710208,-91.394044,3.099000,3.099000,3.099000,1
6082,Palmetto Truck Plaza,US-27/SR-25 & SR-826,Hialeah,FL,25.869941,-80.302865,3.399000,3.399000,3.399000,1
6083,BP,"I-35, EXIT 33",Holt,MO,39.454209,-94.338511,3.049000,3.049000,3.049000,1
6087,BREAK TIME #3173,US-54 & CR-HH,Fulton,MO,38.855146,-91.950802,3.299000,3.299000,3.299000,1
6093,ONE9 #901,"I-80 & US-183, EXIT 257",Elm Creek,NE,40.720084,-99.375590,2.965667,2.965667,2.965667,1
6096,Waverly Travel Center,US-23,Waverly,OH,39.125970,-82.983687,3.415667,3.415667,3.415667,1
6097,SAPP BROS TRAVEL CENTER,"I-80, EXIT 263",Elm Creek,NE,40.720084,-99.375590,3.187333,3.187333,3.187333,1
6106,TA HUNTINGTON,"I-84, EXIT 353",Huntington,OR,44.350086,-117.266763,3.639000,3.639000,3.639000,1
6111,HAWGS EXXON,US-167/SR-25,Batesville,AR,35.768572,-91.622652,3.359000,3.359000,3.359000,1
6150,CIRCLE K #2723707,"I-81,  EXIT 150",Troutville,VA,37.416654,-79.878096,3.065667,3.065667,3.065667,1
6154,TA MOBILE TRAVEL CENTER,"I-10,  EXIT 4",Grand Bay,AL,30.472082,-88.344401,3.135667,3.135667,3.135667,1
6164,PILOT TRAVEL CENTERS #268,"I-80/US-6, EXIT 284",Walcott,IA,41.587319,-90.780518,3.872333,3.859000,3.885667,2
6165,TEMP STOP #117,I-70 & GRAIN VALLEY RD EXIT 24,Grain Valley,MO,39.014988,-94.216371,2.959000,2.959000,2.959000,1
6167,PILOT TRAVEL CENTERS #167,US-71,Nevada,MO,37.844908,-94.350321,3.495667,3.495667,3.495667,1
6172,SPEEDWAY #2319,"I-96, EXIT 77",Portland,MI,42.869794,-84.898930,3.624000,3.549000,3.699000,2
6173,PILOT TRAVEL CENTERS #21,"I-94, EXIT 167",Dexter,MI,42.332256,-83.881027,3.621500,3.579000,3.659000,4
6175,ONVO TRAVEL PLAZA - MIFFLINTOWN,US-322/US-22 & SR-35,Mifflintown,PA,40.571174,-77.395140,3.479000,3.479000,3.479000,1
6179,HENDERSON TRAVEL PLAZA,"I-10, EXIT 115 & SR-347",Breaux Bridge,LA,30.283099,-91.905919,3.385667,3.385667,3.385667,1
6180,Circle #4703923,"I-24, EXIT 180B & US-27",Chattanooga,TN,35.065958,-85.248386,2.785667,2.785667,2.785667,1
6182,Exxon,"I-20, EXIT 205 & SR-46",Heflin,AL,33.647400,-85.569339,3.015667,3.015667,3.015667,1
6188,SIGNAL FOOD STORE #112,US-65 & SR-J,Ozark,MO,37.033600,-93.218044,2.999000,2.999000,2.999000,1
6198,DAVIS TRAVEL CENTER #102,"I-95/US-301, EXIT 33 & SR-602",Stony Creek,VA,36.948010,-77.400067,3.065667,3.065667,3.065667,1
6200,KWIK FILL #388,"I-80, EXIT 29 & SR-8",Harrisville,PA,41.136407,-80.010746,3.404000,3.404000,3.404000,1
6206,PETRO PORTAGE,"I-90 & I-94, EXIT 108-A",Portage,WI,43.548951,-89.465866,3.807333,3.807333,3.807333,1
6212,MR FUEL,"I-55, EXIT 180",Pevely,MO,38.288089,-90.400038,3.015667,3.015667,3.015667,1
6214,PIONEER Travel Plaza,"I-41, EXIT 60 & SR-145",Richfield,WI,43.239390,-88.234017,3.215667,3.215667,3.215667,1
6215,FUEL HUB,"I-87, EXIT 21B",West Coxsackie,NY,42.360640,-73.816792,3.599000,3.599000,3.599000,1
6218,LOVES TRAVEL STOP #215,"I-40, EXIT 16 & US-40 BUS/US-66",Gallup,NM,35.513753,-108.743733,3.437333,3.437333,3.437333,1
6219,SCHATZ CROSSROADS,US-2 /US-52,Minot,ND,48.236125,-101.277533,3.549000,3.549000,3.549000,1
6221,LOVES TRAVEL STOP #214,I-10 EXIT 37,El Paso,TX,31.847780,-106.431106,3.075667,3.075667,3.075667,1
6222,QUIKTRIP #236,"I-29/US-71, EXIT 18 & SR-92",Platte City,MO,39.359733,-94.756317,2.999000,2.999000,2.999000,1
6227,MARLOWS FUEL CENTER,"I-20, EXIT 479",Dallas,TX,32.793333,-96.766513,3.240667,3.240667,3.240667,1
6229,FUEL MART #764,"I-70, EXIT 66 & SR- 54",South Vienna,OH,39.929321,-83.613934,3.129000,3.129000,3.129000,1
6232,OASIS TRUCK STOP,"I-44 & SR-133, MM 145",Richland,MO,37.861142,-92.399744,3.324000,3.324000,3.324000,1
6242,TA FORISTELL TRAVEL CENTER,"I-70, EXIT 203",Foristell,MO,38.814393,-90.958962,3.019000,3.019000,3.019000,1
6243,GARDEN INN TRAVEL PLAZA,US-60/US-63,Cabool,MO,37.126482,-92.103217,3.299000,3.299000,3.299000,1
6251,BREAUX BRIDGE VALERO #1408,"I-10 & SR-347, EXIT 115",Breaux Bridge,LA,30.283099,-91.905919,3.499000,3.499000,3.499000,1
6252,PILOT TRAVEL CENTERS #12,I-80 & I-90 EXIT 71,Perrysburg,OH,41.538986,-83.644132,3.759000,3.759000,3.759000,1
6258,CASEYS #6342,"I-29, EXIT 144 & US-169",Saint Joseph,MO,39.759460,-94.821143,3.169000,3.169000,3.169000,1
6271,TA DENTON TRAVEL CENTER,"I-35, EXIT 471 & US-77",Denton,TX,33.217449,-97.141346,3.254000,3.254000,3.254000,1
6275,TA SEATTLE EAST TRAVEL CENTER,"I-90, EXIT 34",North Bend,WA,47.487967,-121.768786,3.905667,3.859000,3.959000,3
6284,7-ELEVEN #40513,I-90/80-IN TOLL RD MM 22W,Portage,IN,41.591612,-87.178939,3.999000,3.999000,3.999000,1
6286,APPLE MARKET #526,"I-64, EXIT 94",Winchester,KY,38.002364,-84.190586,2.915667,2.915667,2.915667,1
6290,FUEL KING NAPOLEON TRAVEL CENTER,"US-6/US-24/SR/CR-3, EXIT 41",Napoleon,OH,41.397969,-84.124984,3.439000,3.439000,3.439000,1
6293,PETRO STOPPING CENTER #313,"I-40, EXIT 79",Milan,NM,35.196782,-107.892371,3.570667,3.570667,3.570667,1
6296,GRAY TRUCK STOP,US-71/US-136,Maryville,MO,40.342515,-94.870048,3.265667,3.265667,3.265667,1
6299,HWY 34 TRUCKSTOP,"US-34, EXIT 258",West Burlington,IA,40.821628,-91.175475,3.374000,3.374000,3.374000,1
6305,I-95 Fuel Stop,"I-95, EXIT 126 & US-17/US-1",Fredericksburg,VA,38.299272,-77.486658,3.264000,3.264000,3.264000,1
6307,QUIKTRIP #608,"I-70, MID RIVERS MALL",Saint Peters,MO,38.781565,-90.604168,2.904000,2.904000,2.904000,1
6308,Pilot Travel Centers #354,"I-64, EXIT 28",Simpsonville,KY,38.216856,-85.349602,3.759000,3.759000,3.759000,1
6309,WINNERS CIRCLE #1,"I-30 & US-270, EXIT 98A",Malvern,AR,34.373579,-92.821250,3.352333,3.352333,3.352333,1
6310,CIRCLE K #2707515,US-27/SR-25 & US-98/US-700/SR-700/SR-66,Sebring,FL,27.471396,-81.451568,3.389000,3.389000,3.389000,1
6315,AYERCO #25,US-24,Taylor,MO,39.903783,-92.205892,3.015667,3.015667,3.015667,1
6318,Chisholm Corner #15,"I-35, EXIT 72 & US-19",Pauls Valley,OK,34.710206,-97.224027,3.387333,3.387333,3.387333,1
6326,KANZA TRAVEL PLAZA,"I-35, EXIT 231 AND US-177",Braman,OK,36.923644,-97.335815,3.027333,3.027333,3.027333,1
6327,PETRO STOPPING CENTER #312,"I-40 & I-75, EXIT 369",Knoxville,TN,35.970680,-83.949270,3.425667,3.425667,3.425667,1
6330,TA EDINBURG TRAVEL CENTER,I-69C/US-281 & FM-2812,Edinburg,TX,26.321056,-98.162837,3.010667,3.010667,3.010667,1
6334,231 PLAZA AND TRUCK STOP,US-231/SR-75 & SR-20,Youngstown,FL,30.398681,-85.458991,3.494000,3.494000,3.494000,1
6341,TA RAWLINS TRAVEL CENTER,"I-80, EXIT 214",Rawlins,WY,41.785130,-107.224653,3.722333,3.722333,3.722333,1
6346,SPEEDWAY #4710,US-71/SR-60,Windom,MN,43.873552,-95.119136,3.299000,3.299000,3.299000,1
6351,FLYING J TRAVEL PLAZA #608,"I-10, EXIT 1",Ehrenberg,AZ,33.614208,-114.483007,3.959000,3.959000,3.959000,1
6356,CIRCLE K #2721536,ST 6 EAST,Batesville,MS,34.320982,-89.924878,3.240667,3.240667,3.240667,1
6370,TA ROCKWALL TRAVEL CENTER,"I-30/US-67, EXIT 68 & SR-205",Rockwall,TX,32.918056,-96.438050,3.137333,3.137333,3.137333,1
6374,TA ELGIN WEST TRAVEL CENTER,I-90 &  US-20,Hampshire,IL,42.115607,-88.505165,3.513000,3.459000,3.599000,5
6387,FLYING J FRANCHISE #966,"I-80, EXIT 229",Battle Mountain,NV,40.628371,-116.948553,3.792333,3.792333,3.792333,1
6391,TOOT N TOTUM #106,US-287,Dumas,TX,35.862020,-101.964972,3.005667,3.005667,3.005667,1
6393,PILOT TRAVEL CENTERS #478,"I-64, EXIT 92",Leavenworth,IN,38.200084,-86.350105,3.959000,3.959000,3.959000,2
6401,CIRCLE K #2723457,"I-10, EXIT 34-B",Gulfport,MS,30.419487,-89.069022,2.989000,2.989000,2.989000,1
6434,AMPRIDE ALL ROUND TRUCK STOP,US-20,Fort Dodge,IA,42.509863,-94.175675,3.299000,3.299000,3.299000,1
6441,GRAND OIL,"I-75, EXIT 41 & SR-80",London,KY,37.109952,-84.081679,3.499000,3.499000,3.499000,1
6442,CLARK OIL #49,US-84,Laurel,MS,31.695077,-89.144955,2.999000,2.999000,2.999000,1
6448,CIRCLE K #2723392,"I-59, EXIT 97 & US-84",Laurel,MS,31.695077,-89.144955,2.952333,2.952333,2.952333,1
6462,ARCO #471770,US-281 & SR-5,Dunseith,ND,48.813033,-100.062233,3.499000,3.499000,3.499000,1
6468,TA SAYRE TRAVEL CENTER,"I-40 & CEMETARY RD, EXIT 26",Sayre,OK,35.295653,-99.628239,3.064000,3.064000,3.064000,1
6480,FLYING J #934,"I-84, EXIT 265",La Grande,OR,45.324471,-118.086891,3.535667,3.535667,3.535667,1
6492,FLICKS,US-49,Richland,MS,32.230413,-90.159622,2.999000,2.999000,2.999000,1
6496,SPEEDY EXPRESS #38,"I-35, EXIT 305",Mathis,TX,28.090918,-97.817048,3.199000,3.199000,3.199000,1
6502,SQUAW CREEK TRAVEL PLAZA,"I-29, EXIT 79 & US-159",Forest City,MO,39.982950,-95.188310,3.339000,3.339000,3.339000,1
6517,HARDYS #5,"I-80, EXIT 4   4",Wendover,UT,40.724025,-114.025097,3.499000,3.499000,3.499000,1
6518,TOWN PUMP FOOD STORE #310,"I-15, EXIT 164",Boulder,MT,46.235840,-112.119749,3.559000,3.559000,3.559000,1
6526,TULIP CITY TRUCK STOP,"I-196 & SR-40, EXIT 49",Holland,MI,42.768074,-86.098598,3.739000,3.739000,3.739000,1
6527,ZIP TRIP #50,"I-90, EXIT 426",Park City,MT,45.630946,-108.925311,3.584000,3.584000,3.584000,1
6547,FLYING J TRAVEL PLAZA #762,"I-90, EXIT 126 & SR-59",Gillette,WY,44.272580,-105.498936,3.899000,3.899000,3.899000,1
6562,PILOT #1323,"I-29, EXIT 35",Faucett,MO,39.600244,-94.797470,3.272333,3.272333,3.272333,1
6563,Road Ranger #282,"I-35, EXIT 500",Gainesville,TX,33.638647,-97.148413,3.175667,3.175667,3.175667,1
6564,FLYING J FRANCHISE #970,US-395,Pasco,WA,46.266113,-119.121426,4.599000,4.599000,4.599000,1
6565,TA Greeneville Travel Center,"I-81,  EXIT 36",Greeneville,TN,36.168016,-82.819669,3.552333,3.552333,3.552333,1
6567,YELLOWSTONE TRUCK SHOP,"I-90, EXIT 330",Livingston,MT,45.665503,-110.555884,3.649000,3.649000,3.649000,1
6577,AC & T TRAVEL CENTER,"I-81, EXIT 5 W",Hagerstown,MD,39.640182,-77.722691,3.659000,3.659000,3.659000,1
6578,PILOT TRAVEL CENTER #909- TOWN PUMP,"I-15 & US-2, EXIT 363",Shelby,MT,48.502129,-111.862036,3.635667,3.635667,3.635667,1
6588,TOWN PUMP FOOD STORE #4300,"I-90, EXIT 249",Whitehall,MT,45.870987,-112.097584,3.659000,3.659000,3.659000,1
6593,LITTLE AMERICA TRAVEL CENTER,"I-40, EXIT 198",Flagstaff,AZ,35.185212,-111.620698,3.539000,3.539000,3.539000,1
6607,TRANSIT TRUCK STOP,"I-97, EXIT 10",Millersville,MD,39.059554,-76.648022,3.465667,3.465667,3.465667,1
6608,7-ELEVEN #35560,SR-16,Charlotte,NC,35.209045,-80.830990,3.999000,3.999000,3.999000,1
6628,FLYING J TRAVEL PLAZA #682,"I-85, EXIT 150",Haw River,NC,36.091898,-79.358943,3.942333,3.942333,3.942333,1
6632,TA SAVANNAH TRAVEL CENTER,"I-95/SR-405,  EXIT 87 & US-17/SR-25",Richmond Hill,GA,31.900000,-81.310961,3.350667,3.350667,3.350667,1
6633,BAKER TRUCK CORRAL,"I-84, EXIT 304",Baker City,OR,44.774886,-117.831986,3.425667,3.425667,3.425667,1
6640,PETRO STOPPING CENTER JOHNSTOWN,"I-25, EXIT 254",Johnstown,CO,40.307248,-104.911205,3.427333,3.427333,3.427333,1
6642,TA VERO BEACH TRAVEL CENTER #197,"I-95/SR-9, EXIT 147 & SR-60",Vero Beach,FL,27.647220,-80.393136,3.484000,3.484000,3.484000,1
6646,FAMILY EXPRESS #35 (DISCOUNT AVAILABLE),"I-65, EXIT 215 & SR-114",Rensselaer,IN,40.939598,-87.168659,3.132333,3.132333,3.132333,1
6655,BP DBA TA ELKTON TRAVEL CENTER,"I-95,  EXIT 109B",Elkton,MD,39.605776,-75.821686,4.969000,4.969000,4.969000,1
6659,GURNEE TRUCK STOP,US-41,Gurnee,IL,42.370085,-87.936805,3.334000,3.289000,3.379000,2
6661,TA FRANKLIN TRAVEL CENTER,"I-65, EXIT 61",Franklin,TN,35.914025,-86.852161,3.839000,3.839000,3.839000,1
6663,TA of Mocksville,"I-40, EXIT 170 & US-601",Mocksville,NC,35.899716,-80.561095,3.699000,3.699000,3.699000,1
6677,ROADWAY TRAVEL CENTER,"I-29, EXIT 73",Sioux Falls,SD,43.540696,-96.731962,3.199000,3.199000,3.199000,1
6693,SAPP BROS TRAVEL CENTER,US-77,Fremont,NE,41.439842,-96.487000,3.345667,3.345667,3.345667,1
6701,JACKS TRUCK STOP,"I-65, EXIT 304 & SR-69",Cullman,AL,34.176870,-86.840656,3.999000,3.999000,3.999000,1
6704,FL Roberts,"I-91, EXIT 24",Whately,MA,42.430995,-72.642437,3.559000,3.559000,3.559000,1
6716,MARATHON,"I-29/US-81, EXIT 65 & I-94 BUS/US-10",Fargo,ND,46.864700,-96.829080,3.449000,3.449000,3.449000,1
6721,STAMART 1222,"I-29, EXIT 64",Fargo,ND,46.864700,-96.829080,3.385667,3.385667,3.385667,1
6725,TA EXPRESS GRAND FORKS #948,"I-29, EXIT 141 & US-2",Grand Forks,ND,47.919595,-97.087328,3.539000,3.539000,3.539000,1
6734,TOMAHAWK TRUCK STOP,"I-25, EXIT 128",Fountain,CO,38.689020,-104.680559,3.299000,3.299000,3.299000,1
6736,EAGLEVILLE TRAVEL CENTER,"I-35 & ROUTE N, EXIT 106",Eagleville,MO,40.468725,-93.985963,2.935667,2.935667,2.935667,1
6742,Holiday #3810,"I-94/US-52, EXIT 178 & SR-24",Clearwater,MN,45.409879,-94.044560,3.220667,3.220667,3.220667,1
6744,FLYING J #550,US-2/US-52,Minot,ND,48.236125,-101.277533,3.935667,3.935667,3.935667,1
6745,TIGER TRUCK STOP,"I-10, EXIT 139",Grosse Tete,LA,30.415418,-91.439400,3.059000,3.059000,3.059000,1
6755,PETRO STOPPING CENTER #326,"I-40, EXIT 161 & SR-391",North Little Rock,AR,34.781752,-92.235057,3.207333,3.207333,3.207333,1
6760,BETTY BEAVERS TRUCKSTOP,"I-87, EXIT 32",Lewis,NY,44.318369,-73.581246,3.669000,3.619000,3.719000,2
6765,CIRCLE C TRAVEL PLAZA,"I-95, EXIT 68 & SR-61",Walterboro,SC,32.900928,-80.675944,3.079000,3.079000,3.079000,1
6806,Onvo Travel Plaza,"I-78/US-22, EXIT 45 & SR-863",Kutztown,PA,40.521313,-75.777288,3.327333,3.327333,3.327333,1
6810,TA RICHMOND,"I-95, EXIT 89 & SR-802",Ashland,VA,37.760417,-77.472414,3.605667,3.605667,3.605667,1
6811,PUMP & PANTRY #24,US-6/CR-74,Hastings,NE,40.596264,-98.390320,3.399000,3.399000,3.399000,1
6823,PETRO STOPPING CENTER #301,"I-10, EXIT 37",El Paso,TX,31.847780,-106.431106,3.124000,3.124000,3.124000,1
6840,PETRO DEMING,"I-10, EXIT 68",Deming,NM,32.263076,-107.752490,3.385667,3.385667,3.385667,1
6842,FLYNNS TRUCK PLAZA,"US-20, EXIT 11 & SR-140",Shrewsbury,MA,42.284767,-71.714228,3.615667,3.615667,3.615667,1
6845,NEBRASKALAND TIRE SHOP,"I-80, EXIT 237 & US-283",Lexington,NE,40.777323,-99.746616,2.999000,2.999000,2.999000,1
6850,BROKEN WHEEL TRUCK STOP,"I-25, EXIT 135",Douglas,WY,42.754773,-105.397802,3.759000,3.759000,3.759000,1
6857,TA SPARKS TRAVEL CENTER,"I-80, EXIT 19 & SR-659",Sparks,NV,39.574341,-119.715154,3.899000,3.899000,3.899000,1
6859,PRIME STOP,US-81,Norfolk,NE,42.028216,-97.427807,3.229000,3.229000,3.229000,1
6864,JJS TRUCK STOP,"I-30, EXIT 106",Malvern,AR,34.373579,-92.821250,3.315667,3.315667,3.315667,1
6869,TA WHEELING TRAVEL CENTER,"I-70, EXIT 11 & CR-41",Valley Grove,WV,40.086261,-80.577049,3.529000,3.529000,3.529000,1
6883,PILOT TRAVEL CENTERS #517,US- 22 & SR-322,Duncannon,PA,40.395178,-77.027730,4.199000,4.199000,4.199000,1
6885,GO MART FOOD STORE #31,"I-77, EXIT 95 & SR-61",Charleston,WV,38.348692,-81.632324,3.499000,3.499000,3.499000,1
6886,PWI #535,"I-70, EXIT 47",Palisade,CO,39.107931,-108.357330,3.379000,3.379000,3.379000,1
6897,Speedee Mart #2890,US-20 & US-83,Valentine,NE,42.875511,-100.547067,3.329000,3.329000,3.329000,1
6901,PRIME STOP,US-275,Wisner,NE,41.989686,-96.914926,3.259000,3.259000,3.259000,1
6915,FLITE LINE SUNOCO,"I-95, EXIT 3",Portsmouth,NH,43.060594,-70.780349,3.695667,3.695667,3.695667,1
6927,TORCH 85 TRUCK PLAZA,"I-85, EXIT 42",Tuskegee,AL,32.418723,-85.682509,3.272333,3.272333,3.272333,1
6944,CROSSROADS TRUCK STOP,"I-82, EXIT 1 & US-730",Umatilla,OR,45.917612,-119.331979,3.239000,3.239000,3.239000,1
6948,PILOT #4563,"I-8I, EXIT 77",Harrisburg,PA,40.275891,-76.885020,3.869000,3.869000,3.869000,1
6951,ARROWHEAD TRAVEL PLAZA,"I-84, EXIT 216 & SR 331,",Pendleton,OR,45.675629,-118.819733,3.259000,3.259000,3.259000,1
6954,BOLLA MARKET #198,SR-17MAHWA,Mahwah,NJ,41.082067,-74.183061,3.585667,3.585667,3.585667,1
6960,FLYING J TRAVEL PLAZA #761,"I-80 & US-189, EXIT 3",Evanston,WY,41.260088,-110.963739,3.699000,3.699000,3.699000,1
6961,LITTLE AMERICA,"I-80, EXIT 358 & I-25, EXIT 9 & US-30",Cheyenne,WY,41.127270,-104.790220,3.709000,3.709000,3.709000,1
6962,LITTLE AMERICA TRAVEL CENTER,"I-80, EXIT 68 & SR-374",Little America,WY,41.549363,-109.884876,3.525667,3.525667,3.525667,1
6963,Atlantis Fresh Market #553,"I-84, EXIT 1",Montague,NJ,41.280958,-74.730511,3.509000,3.509000,3.509000,1
6968,R STORE #4513,US-41,Fond Du Lac,WI,43.772182,-88.440264,3.299000,3.299000,3.299000,1
6970,TA Twin City East Travel Center,I-94  EXIT 4 & US-12,Hudson,WI,44.963882,-92.730253,3.547333,3.547333,3.547333,1
6971,KWIK TRIP #1013,"I-41, EXIT 57 & SR-167",Richfield,WI,43.239390,-88.234017,3.390667,3.390667,3.390667,1
6975,TRUCKERS INN STOP,"I-90/I-94, EXIT 132 & US-51",De Forest,WI,43.247769,-89.343728,3.199000,3.199000,3.199000,1
6976,MOASIS TRUCK CENTER,US-41,Little Chute,WI,44.291128,-88.320399,3.199000,3.199000,3.199000,1
6980,TA MADISON TRAVEL CENTER,"I-90/I-94/I-39, EXIT 132 & US-51",De Forest,WI,43.247769,-89.343728,3.839000,3.839000,3.839000,1
6981,Kwik Trip #1197,"US-151, EXIT 26",Belmont,WI,42.737670,-90.334326,3.564000,3.564000,3.564000,1
6984,TA HURRICANE TRAVEL CENTER,"I-64, EXIT 39 & SR-34",Hurricane,WV,38.427474,-82.018082,3.632333,3.632333,3.632333,1
6986,LOVES TRAVEL STOPS #448,"I-5, EXIT 136B, SR-509",Tacoma,WA,47.252199,-122.459832,4.589000,4.589000,4.589000,2
6987,One9 #965,"I-90, EXIT 109 & US-97",Ellensburg,WA,47.001168,-120.549588,3.865667,3.839000,3.899000,3
6992,FLYING J #1169,"I-5, EXIT 99",Tumwater,WA,46.989463,-122.917277,4.599000,4.599000,4.599000,1
6994,FLYING J FRANCHISE #967,"I-90, EXIT 286",Spokane,WA,47.666935,-117.433322,4.035000,3.929000,4.159000,5
6999,SIMMONS TRAVEL CENTER,"I-85, EXIT 4 & SR-93/SR-903",Bracey,VA,36.581233,-78.113798,3.099000,3.099000,3.099000,1
7003,TA ASHLAND TRAVEL CENTER,"I-95, EXIT 92 & SR-54",Ashland,VA,37.760417,-77.472414,3.642333,3.642333,3.642333,1
7004,FRANKS TRUCKING CENTER,"I-264, EXIT 13B",Chesapeake,VA,36.679376,-76.301788,3.449000,3.449000,3.449000,1
7005,PETRO STOPPING CENTER,"I-81 & I-64, EXIT 205",Raphine,VA,37.937355,-79.232810,3.659000,3.659000,3.659000,1
7007,KUM & GO #0201,"I-80, EXIT 242",Coralville,IA,41.698795,-91.596800,3.294000,3.294000,3.294000,1
7013,ERNIES TRUCK PLAZA,"I-15, EXIT 112",Beaver,UT,38.275872,-112.638098,3.399000,3.399000,3.399000,1
7016,TA SALT LAKE CITY TRAVEL CENTER,"I-80, EXIT 99",Tooele,UT,40.539396,-112.307843,3.769000,3.769000,3.769000,1
7018,FLYING J TRAVEL PLAZA #746,"I-15 & I-80 SR 201, EXIT 305",Salt Lake City,UT,40.776928,-111.930991,3.732333,3.732333,3.732333,1
7023,TA AMARILLO WEST TRAVEL CENTER,"I-40, EXIT 74",Amarillo,TX,35.198064,-101.833107,3.279000,3.279000,3.279000,1
7037,SAMS TRUCK STOP,"I-10, EXIT 138",Van Horn,TX,31.040672,-104.834154,3.999000,3.999000,3.999000,1
7045,BUBBLE CITY TRUCK STOP,US-64,Farmington,NM,36.753833,-108.180530,3.705667,3.705667,3.705667,1
7051,PILOT #887,US-84 & US-180,Snyder,TX,32.713561,-100.911902,3.245667,3.245667,3.245667,1
7056,TA SWEETWATER TRAVEL CENTER,"I-20, EXIT 242",Sweetwater,TX,32.469389,-100.408651,3.152333,3.152333,3.152333,1
7058,YESWAY #1125,"I-27, EXIT 1C",Lubbock,TX,33.561901,-101.888883,2.969000,2.969000,2.969000,1
7059,TA BIG SPRING TRAVEL CENTER,"I-20, EXIT 177 & US-87",Big Spring,TX,32.238341,-101.485739,3.699000,3.699000,3.699000,1
7064,SPEEDWAY #9804,"I-10, EXIT 25",El Paso,TX,31.847780,-106.431106,3.415667,3.415667,3.415667,1
7066,REFUEL #328,"I-35,  EXIT 204",San Marcos,TX,29.872399,-97.936022,2.999000,2.999000,2.999000,1
7072,TA ANTIOCH TRAVEL CENTER,"I-24, EXIT 62",Antioch,TN,35.684513,-88.442549,3.505667,3.505667,3.505667,1
7077,THE TENNESSEAN TRUCKSTOP,"I-65, EXIT 22 & US-31 ALT/SR-11",Cornersville,TN,35.363395,-86.858376,3.799000,3.799000,3.799000,1
7078,TA DENMARK TRAVEL CENTER,"I-40 & SR-138, EXIT 68",Denmark,TN,35.532854,-89.003952,3.539000,3.539000,3.539000,1
7080,ONE9 #1422,"I-40, EXIT 197",Moriarty,NM,35.003368,-106.044427,3.115667,3.115667,3.115667,1
7082,Chevron,"I-65, EXIT 6",Ardmore,TN,35.004441,-86.850713,3.599000,3.599000,3.599000,1
7084,Holiday StationStore #2746500,US-12 & US-281,Aberdeen,SD,45.464678,-98.468104,3.114000,3.114000,3.114000,1
7087,PILOT #599,"I-90, EXIT 192 & I-90 BUS/US-83",Murdo,SD,43.889361,-100.714156,3.799000,3.799000,3.799000,1
7088,FLYING J FRANCHISE #931,"I-90, EXIT 61",Rapid City,SD,44.071071,-103.217924,3.157333,3.157333,3.157333,1
7092,LOVES TRAVEL STOP #445,I-90 EXIT 399 & SR 115,Sioux Falls,SD,43.540696,-96.731962,3.889000,3.889000,3.889000,1
7095,TA MANNING TRAVEL CENTER,"I-95, EXIT 119",Manning,SC,33.693323,-80.216761,3.517333,3.517333,3.517333,1
7106,PILOT DEALER #1163,"I-80, EXIT 42",Emlenton,PA,41.180245,-79.708550,4.035667,4.035667,4.035667,1
7112,TA HARRISBURG TRAVEL CENTER,"I-81, EXIT 77 & SR-39",Harrisburg,PA,40.275891,-76.885020,3.815667,3.815667,3.815667,1
7116,TA MILESBURG TRAVEL CENTER,"I-80, EXIT 158",Milesburg,PA,40.942383,-77.791686,4.049000,4.049000,4.049000,1
7121,TA BLOOMSBURG TRAVEL CENTER,"I-80, EXIT 232",Bloomsburg,PA,41.002717,-76.456580,3.957333,3.957333,3.957333,1
7126,SAPP BROS TRAVEL CENTER,"I-80, EXIT 120",Clearfield,PA,41.021498,-78.439398,3.899000,3.899000,3.899000,1
7128,FLYING J #518,"I-78, EXIT 10 (PA 645)",Myerstown,PA,40.372139,-76.305579,3.869000,3.869000,3.869000,1
7129,TA BROOKVILLE TRAVEL CENTER,"I-80 EXIT 78, & SR-36",Brookville,PA,41.161676,-79.082652,4.029000,4.029000,4.029000,1
7131,TA BREEZEWOOD TRAVEL CENTER,"I-76 & US30, EXIT 161",Breezewood,PA,39.999251,-78.238623,4.299000,4.299000,4.299000,1
7132,Terrible Herbst dba/One9 #1395,"I-15, EXIT 12",Jean,NV,35.778868,-115.323883,3.459000,3.459000,3.459000,1
7135,PETRO STOPPING CENTER #336,"I-81, EXIT 52 & I-76, EXIT 226",Carlisle,PA,40.199994,-77.204149,4.149000,4.149000,4.149000,1
7136,TA LAMAR TRAVEL CENTER,"I-80, EXIT 173 & SR-64",Lamar,PA,41.010035,-77.523444,4.035667,4.035667,4.035667,1
7137,TA BARKEYVILLE TRAVEL CENTER,"I-80, EXIT 29 & SR-8",Harrisville,PA,41.136407,-80.010746,4.044000,4.044000,4.044000,1
7147,JUBITZ TRAVEL PLAZA,"I-5, EXIT 307",Portland,OR,45.536951,-122.649971,3.859000,3.859000,3.859000,1
7148,TA TROUTDALE TRAVEL CENTER,"I-84, EXIT 17",Troutdale,OR,45.539220,-122.392673,3.932333,3.932333,3.932333,1
7154,TA OKLAHOMA CITY WEST TRAVEL CENTER,"I-40, EXIT 140",Oklahoma City,OK,35.467079,-97.513657,3.302333,3.302333,3.302333,1
7156,TA OKLAHOMA CITY EAST TRAVEL CENTER,"I-40, EXIT 142",Oklahoma City,OK,35.467079,-97.513657,3.300667,3.300667,3.300667,1
7166,TA London Travel Center,"I-70 & US-42, EXIT 79",London,OH,39.892845,-83.438875,3.492333,3.492333,3.492333,1
7169,TA YOUNGSTOWN TRAVEL CENTER,"I-80 & SR 46, EXIT 223",Youngstown,OH,41.099095,-80.645902,3.444000,3.444000,3.444000,1
7170,TRUCK WORLD TRUCKSTOP,"I-80, EXIT 234",Hubbard,OH,41.158121,-80.564651,3.259000,3.259000,3.259000,1
7172,TA TOLEDO EAST TRAVEL CENTER,"I-80 & I-280, EXIT 71",Perrysburg,OH,41.538986,-83.644132,3.780667,3.780667,3.780667,1
7173,SPEEDWAY #9954,"SR-17, EXIT 66",Apalachin,NY,42.063844,-76.156757,4.049000,3.999000,4.099000,2
7176,TA DAYTON TRAVEL CENTER,"I-70,  EXIT 10 & US-127",Eaton,OH,39.750107,-84.634469,3.400667,3.400667,3.400667,1
7179,JIMS TRUCK PLAZA,"I-90, EXIT 52E",Buffalo,NY,42.892492,-78.859686,3.729000,3.659000,3.799000,2
7180,TA HebronTravel Center,"I-70, EXIT 126 & SR-37",Hebron,OH,39.965248,-82.486506,3.382333,3.382333,3.382333,1
7183,TA KINGSVILLE TRAVEL CENTER,"I-90, EXIT 235 & SR-193",Kingsville,OH,41.882032,-80.674965,3.882333,3.882333,3.882333,1
7184,TA JEFFERSONVILLE EAST TRAVEL CENTER,"I-71, EXIT 65 & SR-435 & US-35",Jeffersonville,OH,39.653439,-83.551562,3.327333,3.327333,3.327333,1
7189,S and R Truck Plaza,"I-94, EXIT 260",Jamestown,ND,46.905851,-98.693579,3.585667,3.585667,3.585667,1
7190,Tower Travel Center,"I-94, EXIT 307",Tower City,ND,46.926308,-97.676035,3.515667,3.515667,3.515667,1
7196,SALUDA TRUCK PLAZA,"I-26, EXIT 28",Saluda,NC,35.237523,-82.346908,3.099000,3.099000,3.099000,1
7197,7-ELEVEN #35115,"I-90, EXIT 42",Phelps,NY,42.958058,-77.062120,4.034000,4.019000,4.049000,2
7198,LOVES TRAVEL STOP #507,"I-85, EXIT 71",Salisbury,NC,35.665499,-80.488930,3.510667,3.510667,3.510667,1
7212,ONVO TRAVEL PLAZA,"I-90 & RTE 22, EXIT B-3",Canaan,NY,42.403004,-73.456777,3.419000,3.399000,3.439000,2
7213,SENECA ONE STOP,"I-90, EXIT 58",Irving,NY,42.567559,-79.112817,2.949000,2.899000,2.999000,2
7215,TA FULTONVILLE TRAVEL CENTER,"I-90, EXIT 28",Fultonville,NY,42.946229,-74.369778,4.039000,4.039000,4.039000,1
7216,ONVO TRAVEL PLAZA - LOUNSBERRY,"SR-17, EXIT 63",Nichols,NY,42.020017,-76.370402,3.419000,3.399000,3.439000,2
7220,CUMBERLAND FARMS #001662,US-9W/SR-32,Glenmont,NY,42.604802,-73.769566,3.774000,3.749000,3.799000,2
7222,TA SANTA ROSA TRAVEL CENTER,"I-40/US-54, EXIT 277 & US-84",Santa Rosa,NM,34.936051,-104.675021,3.452333,3.452333,3.452333,1
7225,LOVES TRAVEL STOP #329,US-60,Clovis,NM,34.438569,-103.194194,4.089000,4.089000,4.089000,1
7226,TA LAS CRUCES TRAVEL CENTER,"I-10, EXIT 139",Las Cruces,NM,32.326444,-106.789695,3.140667,3.140667,3.140667,1
7227,NATIONAL TRUCK STOP,"I-10, VADO EXIT 155",Vado,NM,32.127881,-106.657073,2.999000,2.999000,2.999000,1
7228,MAVERIK COUNTRY STORE #638,"I-40, EXIT 159D & I-25/US-85, EXIT 227",Albuquerque,NM,35.104780,-106.646809,3.207333,3.207333,3.207333,1
7229,TA GALLUP TRAVEL CENTER,"I-40, EXIT 16 & HWY 66",Gallup,NM,35.513753,-108.743733,3.432333,3.432333,3.432333,1
7230,DEMING TRUCK STOP,"I-10, EXIT 81",Deming,NM,32.263076,-107.752490,2.899000,2.899000,2.899000,1
7231,TA ALBUQUERQUE TRAVEL CENTER,"I-25, EXIT 227 OR 225",Albuquerque,NM,35.104780,-106.646809,3.587333,3.587333,3.587333,1
7234,TA BLOOMSBURY TRAVEL CENTER,"I-78/US-22, EXIT 7 & SR-173",Bloomsbury,NJ,40.656886,-75.076225,3.790667,3.790667,3.790667,1
7237,TA COLUMBIA TRAVEL CENTER,"I-80, EXIT 4 & SR-94",Columbia,NJ,40.925868,-75.094062,4.099000,4.099000,4.099000,1
7239,TA PAULSBORO TRAVELCENTER,"I-295, EXIT 18A",Paulsboro,NJ,39.839975,-75.239960,3.999000,3.999000,3.999000,1
7240,Pilot Travel Centers #190,"I-78, EXIT 12 & US-22",Hampton,NJ,40.704570,-74.971525,3.809000,3.809000,3.809000,1
7244,TA LAS VEGAS TRAVEL CENTER,"I-15, EXIT 33",Las Vegas,NV,36.233499,-115.264037,3.735667,3.735667,3.735667,1
7248,WILD WILD WEST TRAVEL PLAZA,"I-15, EXIT 37",Las Vegas,NV,36.233499,-115.264037,3.767333,3.767333,3.767333,1
7263,FLYING J #904,"I-80, EXIT 107",Big Springs,NE,41.060902,-102.074466,3.482333,3.482333,3.482333,1
7264,TA GRAND ISLAND WEST TRAVEL CENTER,"I-80, EXIT 305",Alda,NE,40.866580,-98.467939,3.169000,3.169000,3.169000,1
7265,Fast Stop Travel Centers #1151,"I-80, EXIT 164 & CR-56C",Hershey,NE,41.160187,-100.998528,3.499000,3.499000,3.499000,1
7267,TA OGALLALA TRAVEL CENTER,"I-80, EXIT 126",Ogallala,NE,41.129595,-101.720677,3.465667,3.465667,3.465667,1
7268,SAPP BROS TRAVEL CENTER,"I-80, EXIT 440 & SR-50, EXIT 440",Omaha,NE,41.262705,-96.053475,3.280667,3.280667,3.280667,1
7269,GRAND ISLAND TRAVEL CENTER,"I-80, EXIT 312 & US-281/US-34",Grand Island,NE,40.921352,-98.358559,3.265667,3.265667,3.265667,1
7282,ALLTOWN FRESH,"I-87, EXIT 17N & US-9",Fort Edward,NY,43.268618,-73.582617,3.769000,3.759000,3.779000,2
7284,MURALTS TRUCK PLAZA,"I-90, EXIT 96 & US-93/SR-200",Missoula,MT,46.874359,-114.026136,3.609000,3.609000,3.609000,1
7285,SENECA ONE STOP,"SR-17, EXIT 20",Salamanca,NY,42.164734,-78.741263,3.309000,3.309000,3.309000,1
7286,TA MISSOULA,"I-90, EXIT 96 & US-93",Missoula,MT,46.874359,-114.026136,3.699000,3.699000,3.699000,1
7288,TA LAUREL,"I-90, EXIT 437",Laurel,MT,45.674007,-108.776789,3.612333,3.612333,3.612333,1
7289,TA STRAFFORD,"I-44, EXIT 88 & SR-125",Strafford,MO,37.269013,-93.117968,3.365667,3.365667,3.365667,1
7291,TA OAK GROVE TRAVEL CENTER,"I-70, EXIT 28",Oak Grove,MO,39.007033,-94.128441,3.222333,3.222333,3.222333,1
7293,TA Matthews Travel Center,"I-55, EXIT 58 & SR-80",Matthews,MO,36.756800,-89.567477,3.205667,3.205667,3.205667,1
7299,GASPERS - FAST LANE,"I-70, EXIT 148 & US-54",Kingdom City,MO,38.947306,-91.935419,2.959000,2.959000,2.959000,1
7300,B AND D AUTO TRUCK PLAZA,"I-44, EXIT 127",Lebanon,MO,37.672131,-92.659670,3.099000,3.099000,3.099000,1
7310,AAA HOSPITALITY,"I-55, EXIT 220",Tillatoba,MS,33.985086,-89.896060,2.784000,2.784000,2.784000,1
7312,208 FUEL PLAZA,"I-70, EXIT 208",Belmont,OH,40.027979,-81.040933,3.419000,3.419000,3.419000,1
7314,TA MERIDIAN TRAVEL CENTER,"I-20 & I-59, EXIT 160",Meridian,MS,32.384170,-88.689448,2.912333,2.912333,2.912333,1
7323,TRUCKERS INN,"I-94/US-52, EXIT 127 & US-71",Sauk Centre,MN,45.736472,-94.952729,3.225667,3.225667,3.225667,1
7326,PETRO STOP #398,"I-35 & I-90, EXIT 11",Albert Lea,MN,43.654293,-93.364148,4.099000,4.099000,4.099000,1
7327,TA TEKONSHA,"I-69,EXIT 25 & SR-60",Tekonsha,MI,42.097365,-84.991924,3.629000,3.589000,3.699000,3
7331,SPEEDWAY #9266,US-52 & SR-234,Ironton,OH,38.532596,-82.678090,3.699000,3.699000,3.699000,1
7332,FLYING J #895,"I-75, EXIT 32A",Trenton,MI,42.140058,-83.192914,3.379000,3.249000,3.559000,5
7335,TA SAWYER TRAVEL CENTER,"I-94, EXIT 12",Sawyer,MI,41.885321,-86.589467,3.694000,3.689000,3.699000,2
7337,TA BATTLE CREEK,"I-94, EXIT 104",Battle Creek,MI,42.299176,-85.229267,4.001500,3.979000,4.039000,4
7341,INTERSTATE TRAVEL PLAZA,"I-495, EXIT 14A & US-1",Wrentham,MA,42.052671,-71.356858,3.699000,3.699000,3.699000,1
7344,BEST QUICK STOP,US-1,Peabody,MA,42.534310,-70.969443,3.615667,3.615667,3.615667,1
7353,DYSARTS SERVICE,"I-95, EXIT 44",Bangor,ME,44.829625,-68.788767,3.799000,3.799000,3.799000,1
7354,CIRCLE K #4707065,"I-95, EXIT 2",Kittery,ME,43.089985,-70.738321,3.899000,3.899000,3.899000,1
7357,TA SLIDELL TRAVEL CENTER,"I-10, EXIT 266 & US-190",Slidell,LA,30.288913,-89.782926,3.154000,3.154000,3.154000,1
7360,KINGS TRUCK STOP,ST 103,Port Barre,LA,30.555523,-91.955962,3.189000,3.189000,3.189000,1
7364,Petro Stopping Center,"I-80, EXIT 226",Girard,OH,41.165648,-80.696089,3.452333,3.452333,3.452333,1
7370,TA SMITHS GROVE,"I-65, EXIT 38 & SR-101",Smiths Grove,KY,37.050205,-86.208076,3.432333,3.432333,3.432333,1
7371,One9 #392,"I-65, EXIT 81 & SR-84",Sonora,KY,37.532294,-85.895608,3.195667,3.195667,3.195667,1
7372,TA WALTON #28,"I-75/I-71, EXIT 175 & SR-338",Walton,KY,38.862427,-84.615043,3.002333,3.002333,3.002333,1
7379,KEYSTOP TRAVEL CENTER,"I-65, EXIT 2 & US-31W",Franklin,KY,36.718029,-86.557576,2.899000,2.899000,2.899000,1
7382,TA FLORENCE TRAVEL CENTER,"I-75, EXIT 181",Florence,KY,38.993405,-84.648186,3.070667,3.070667,3.070667,1
7385,WAKEENEY 24 7 STORE #3,"I-70/US-40, EXIT 127 & US-283",Wakeeney,KS,39.023449,-99.881455,3.090667,3.090667,3.090667,1
7387,TA Oakley,"I-70, EXIT 76 & US-40/US-83",Oakley,KS,39.123456,-100.844973,3.649000,3.649000,3.649000,1
7389,GO MART FOOD STORE #58,"I-77, EXIT 1 & SR-7",Marietta,OH,39.423166,-81.446426,3.799000,3.799000,3.799000,1
7396,7-ELEVEN #36180,US-20/SR-18,Monroeville,OH,41.243843,-82.702575,3.614000,3.614000,3.614000,1
7398,FLYING J TRAVEL PLAZA #913,"I-80, EXIT 142 & US-65",Altoona,IA,41.646353,-93.478611,3.349000,3.342333,3.355667,2
7403,FUEL MART #714,"I-75, EXIT 168",North Baltimore,OH,41.179755,-83.668259,3.112333,3.112333,3.112333,1
7406,PILOT TRAVEL CENTER #594,"I-29, EXIT 143",Sioux City,IA,42.495290,-96.389858,3.652333,3.605667,3.699000,2
7407,TA IOWA 80 TRAVEL PLAZA,"I-80, EXIT 284",Walcott,IA,41.587319,-90.780518,3.902333,3.902333,3.902333,1
7408,FRIENDSHIP FOOD MART #99,US-224 & SR-61/SR-598,Willard,OH,41.051941,-82.723533,3.632333,3.632333,3.632333,1
7410,PILOT TRAVEL CENTERS #373,"I-35 & I-80, EXIT 126",Urbandale,IA,41.636794,-93.779833,3.349000,3.342333,3.355667,2
7412,PETRO STOPPING CENTER #374,"I-69, EXIT 245 & SR-28",Gaston,IN,40.314005,-85.501005,3.535667,3.535667,3.535667,1
7416,GOOD TO GO #40,"I-65, EXIT 215 & SR-114",Rensselaer,IN,40.939598,-87.168659,3.200667,3.200667,3.200667,1
7417,SKY CITGO,US-30 & SR-23,Grovertown,IN,41.375043,-86.504734,3.499000,3.499000,3.499000,1
7418,JJS TRAVEL PLAZA,US-31 & US-24,Peru,IN,40.758651,-86.070561,3.444000,3.444000,3.444000,1
7421,MIDLAND #1901,"I-70, EXIT 137 AT MILE 137",Cambridge City,IN,39.812084,-85.170820,3.432333,3.432333,3.432333,1
7425,Petro Brazil,"I-70,  EXIT 23",Brazil,IN,39.522449,-87.124479,3.989000,3.989000,3.989000,1
7429,TA CLAYTON,"I-70, EXIT 59 & SR-39",Clayton,IN,39.688392,-86.521856,3.939000,3.939000,3.939000,1
7435,PETRO STOPPING CENTER #375,"I-65, EXIT 201 & US-231/US-24",Remington,IN,40.769405,-87.129724,3.699000,3.699000,3.699000,1
7436,TA WHITESTOWN,"I-65/US-52, EXIT 130",Whitestown,IN,39.971672,-86.371739,3.570667,3.570667,3.570667,1
7437,PETRO STOPPING CENTER #379,"I-74,  EXIT 143",Greensburg,IN,39.351019,-85.501189,3.999000,3.999000,3.999000,1
7457,TA EFFINGHAM TRAVEL CENTER,"I-57 & I-70, EXIT 160",Effingham,IL,39.119750,-88.550896,3.434000,3.349000,3.549000,4
7459,TA Morris Travel Center,"I-80, EXIT 112 & SR-47",Morris,IL,41.380229,-88.424332,3.849000,3.849000,3.849000,1
7466,PILOT TRAVEL CENTER #595,"I-57, EXIT 54B & SR-13",Marion,IL,37.734445,-88.941164,3.759000,3.759000,3.759000,2
7469,PILOT TRAVEL CENTERS #313,"I-70/I-55, EXIT 4 & SR-203",East Saint Louis,IL,38.616361,-90.130528,3.524000,3.379000,3.699000,4
7471,ROAD RANGER #185,"I-55, EXIT 145 & US-136",Mc Lean,IL,40.313579,-89.168606,3.399000,3.349000,3.449000,2
7482,TA BOISE TRAVEL CENTER,"I-84, EXIT 54",Boise,ID,43.600229,-116.231656,3.770667,3.770667,3.770667,1
7492,Mobil dba One9 #1365,"I-85, EXIT 70",Cusseta,AL,32.787637,-85.305769,2.999000,2.999000,2.999000,2
7495,RACETRAC #2574,"I-75, EXIT 237, SR-331 & US-41",Forest Park,GA,33.620543,-84.358181,3.109000,3.109000,3.109000,1
7504,TEXACO,"I-75, EXIT 306 & SR-140",Adairsville,GA,34.370846,-84.921192,3.105667,3.105667,3.105667,1
7506,CHAPMANS TRUCK STOP,"I-85 & SR-219, EXIT 13",Lagrange,GA,33.026980,-85.038261,3.915667,3.915667,3.915667,1
7523,EXPRESS STOP FOOD STORE #4644,"I-75, EXIT 181",Pinconning,MI,43.857225,-83.964629,3.639000,3.639000,3.639000,1
7533,TA WILDWOOD TRAVEL CENTER,"I-75, EXIT 329 & SR-44",Wildwood,FL,28.805813,-82.007324,3.214000,3.214000,3.214000,1
7534,TA BALDWIN TRAVEL CENTER,"I-10, EXIT 343 & US-301",Jacksonville,FL,30.336864,-81.661603,3.899000,3.899000,3.899000,1
7535,GIANT #198,"I-4/SR-400, EXIT 7 & US-301/SR-41",Tampa,FL,27.966262,-82.477618,3.257333,3.257333,3.257333,1
7543,TA NEW HAVEN TRAVEL CENTER,"I-95, EXIT 56",Branford,CT,41.279949,-72.785950,5.069000,5.069000,5.069000,1
7545,CITGO,"I-95, EXIT 40",Milford,CT,41.223644,-73.064556,3.399000,3.399000,3.399000,1
7546,SHELL DBA PILOT DEALER #882,"I-95, EXIT 93 & SR-216",North Stonington,CT,41.470969,-71.872525,4.299000,4.299000,4.299000,2
7551,PWI #525,"I-70, EXIT 295",Watkins,CO,39.698399,-104.577223,3.139000,3.139000,3.139000,1
7552,TA DENVER WEST TRAVEL CENTER,"I-70, EXIT 266",Wheat Ridge,CO,39.772675,-105.104801,3.415667,3.415667,3.415667,1
7553,BRUSH TRAVEL PLAZA,"I-76, EXIT 90B & SR-71",Brush,CO,40.259263,-103.636334,3.699000,3.699000,3.699000,1
7574,108 FOOD AND FUEL,"I-40, EXIT 108 & US-66/US-281 BUS",Calumet,OK,35.601385,-98.124786,3.135667,3.135667,3.135667,1
7611,LOVES TRAVEL STOP #167,"I-44, EXIT 83",Chickasha,OK,35.040543,-97.947173,3.165667,3.165667,3.165667,1
7615,HOPI TRAVEL PLAZA CONOCO DBA ONE9 #1270,"I-40, EXIT 292",Holbrook,AZ,34.904624,-110.167210,3.179000,3.139000,3.219000,2
7617,TUCSON TRUCK TERMINAL,"I-10, EXIT 268",Tucson,AZ,32.153036,-110.870773,3.222333,3.222333,3.222333,1
7622,COPAN TRUCK STOP,US-75,Copan,OK,36.900473,-95.925291,3.119000,3.119000,3.119000,1
7624,WILLCOX TRUCK PLAZA,"I-10, EXIT 340",Willcox,AZ,32.251804,-109.835698,3.340667,3.340667,3.340667,1
7625,LOVES TRAVEL STOP #248,"I-40, EXIT 71",Clinton,OK,35.507101,-98.970503,3.172333,3.172333,3.172333,1
7627,DAVIS TRADING POST,"I-35, EXIT 55",Davis,OK,34.429427,-97.174438,2.979000,2.979000,2.979000,1
7629,ARNOLDS TRUCK STOP,US-72/SR-20/SR-157 & CR-59,Tuscumbia,AL,34.718502,-87.702586,3.169000,3.169000,3.169000,1
7635,TA MONTGOMERY TRAVEL CENTER,"I-65, EXIT 168 & US-80/US-82/SR-6/SR-8",Montgomery,AL,32.348503,-86.267307,3.252333,3.252333,3.252333,1
7636,PILOT TRAVEL CENTERS #76,"I-20 & I-59, EXIT 76",Tuscaloosa,AL,33.234404,-87.528300,3.049000,2.999000,3.099000,2
7655,LOVES TRAVEL STOP #253,I-40 EXIT 7 & SR 30,Erick,OK,35.215604,-99.868683,3.205667,3.205667,3.205667,1
7705,FLYING J TRAVEL PLAZA #610,"I-40, EXIT 53",Kingman,AZ,35.216992,-114.010529,3.882333,3.882333,3.882333,1
7708,PILOT TRAVEL CENTERS #352,"I-75, EXIT 139",Fort Myers,FL,26.620074,-81.829547,3.799000,3.799000,3.799000,2
7715,LONDON AUTO TRUCK CENTER,"I-75, EXIT 41 & SR-80",London,KY,37.109952,-84.081679,3.399000,3.399000,3.399000,1
7718,MR FUEL #717,"I-44, EXIT 251",Villa Ridge,MO,38.465699,-90.882348,3.015667,3.015667,3.015667,1
7719,FLYING J TRAVEL PLAZA #674,"I-70, EXIT 188",Warrenton,MO,38.819056,-91.137933,3.115667,3.115667,3.115667,1
7721,TRAIL STAR TRUCK STOP,"ST 16, EXIT 213",Glendive,MT,47.106473,-104.710856,3.459000,3.459000,3.459000,1
7722,SAPP BROS TRAVEL CENTER,"I-80, EXIT 353 & US-81",York,NE,40.870379,-97.592745,3.324000,3.324000,3.324000,1
7724,FUEL MART #767,US-6 & US-23,Bradner,OH,41.323884,-83.436366,3.407333,3.407333,3.407333,1
7725,BELL STORES #48,US-30 & SR-94,Dalton,OH,40.799562,-81.703719,3.385667,3.385667,3.385667,1
7733,FLYING J TRAVEL PLAZA #723,"I-40, EXIT 76",Amarillo,TX,35.198064,-101.833107,3.265667,3.265667,3.265667,1
7746,PILOT TRAVEL CENTER #888,"I-27, EXIT 74",Tulia,TX,34.537864,-101.774434,3.340667,3.340667,3.340667,1
7753,LOVES TRAVEL STOP #166,SR-351,Muskogee,OK,35.743797,-95.356405,3.337333,3.337333,3.337333,1
7767,FLYING J TRAVEL PLAZA #759,"I-25, EXIT 7",Cheyenne,WY,41.127270,-104.790220,3.709000,3.709000,3.709000,1
7768,BIG D #30,"I-25/US-87, EXIT 9 & I-80, EXIT 359C & I-80 BUS/US-30",Cheyenne,WY,41.127270,-104.790220,3.204000,3.204000,3.204000,1
7792,FLYING J TRAVEL PLAZA #630,"I-75/SR-401, EXIT 201 & SR-36",Jackson,GA,33.292359,-83.967846,3.384000,3.384000,3.384000,1
7798,CIRCLE K #2745100,"I-95, EXIT 7",Woodbine,GA,30.959855,-81.718098,3.232333,3.232333,3.232333,1
7825,PILOT TRAVEL CENTERS #356,"I-65, EXIT 121",Shepherdsville,KY,37.981425,-85.702007,3.609000,3.609000,3.609000,1
7838,PILOT #581,"US-52/SR-55, & 117TH ST, MM300",Inver Grove Heights,MN,44.829015,-93.060072,3.579000,3.579000,3.579000,1
7871,STRIPES 7FLEET #42454,"US-60, US-70 & US-84",Texico,NM,34.389212,-103.050682,3.829000,3.829000,3.829000,1
7873,One9 #387,"I-80, EXIT 280 & SR- 278",Carlin,NV,40.719013,-116.108045,3.439000,3.439000,3.439000,1
7886,PETRO STOPPING CENTER #357,"I-70, EXIT 156B & US-40",New Paris,OH,39.856678,-84.791916,3.487333,3.487333,3.487333,1
7930,I 24 TRUCK PLAZA,"I-24, EXIT 114 & US-41",Manchester,TN,35.464125,-86.072895,3.099000,3.099000,3.099000,1
7946,PILOT TRAVEL CENTERS #289,"I-90/I-39, EXIT 158 & I-43/SR-81, EXIT 1",Beloit,WI,42.523506,-89.017660,3.799000,3.799000,3.799000,1
7959,SPF #45,"I-25/US-87, EXIT 7 & US-212",Cheyenne,WY,41.127270,-104.790220,3.225667,3.225667,3.225667,1
8840,LOVES TRAVEL STOP #211,"I-35, EXIT 120",Oklahoma City,OK,35.467079,-97.513657,3.255667,3.255667,3.255667,1
8895,PAULS VALLEY TRAVEL CENTER,"I-35, EXIT 72  & SR-19",Pauls Valley,OK,34.710206,-97.224027,2.999000,2.999000,2.999000,1
8927,LOVES TRAVEL STOP #219,"I-40, EXIT 200",Seminole,OK,35.234772,-96.649329,3.362333,3.362333,3.362333,1
8936,CIRCLE K #107,US-220 & CR-902,Ridgeway,VA,36.578174,-79.858290,3.399000,3.399000,3.399000,1
8948,PARK N PUMP CIRCLE C,"I-15, EXIT 222",Nephi,UT,39.704697,-111.833350,3.449000,3.449000,3.449000,1
8961,FLYING J TRAVEL PLAZA #736,"I-20, EXIT 42 & US-285",Pecos,TX,31.471918,-103.701761,3.465667,3.465667,3.465667,1
8977,LOVES TRAVEL STOP #168,"I-44, EXIT 20",Walters,OK,34.358433,-98.356883,3.194000,3.194000,3.194000,1
8987,LOVES TRAVEL STOP #255,"I-40, EXIT 287 & SR-100",Webbers Falls,OK,35.517003,-95.164221,3.789000,3.789000,3.789000,1
9160,PILOT TRAVEL CENTERS #912,"I-80, EXIT 300 & SR-40D",Wood River,NE,40.819572,-98.604175,3.282333,3.282333,3.282333,1
9161,TREXLER PLAZA TRUCK STOP,I-78/US-22,Allentown,PA,40.593648,-75.478393,3.632333,3.632333,3.632333,1
9206,CIRCLE K #4707005,US-2 & SR-4,Farmington,ME,44.668373,-70.144039,3.899000,3.899000,3.899000,1
9216,309 TRUCK STOP,SR-309,Coopersburg,PA,40.510368,-75.391920,3.759000,3.759000,3.759000,1
9241,7-ELEVEN #40286,"I-76,  EXIT 23/312",Elverson,PA,40.153719,-75.830826,3.889000,3.889000,3.889000,1
9280,ONVO TRAVEL PLAZA - LAKEWOOD,"I-84, EXIT 20 & SR-507",Greentown,PA,41.321755,-75.305459,3.545667,3.545667,3.545667,1
9289,ONVO EXPRESS,"I-81, EXIT 217 & SR-547",Harford,PA,41.781996,-75.706221,3.609000,3.609000,3.609000,1
9340,LANCASTER TRAVEL PLAZA,US-30,Ronks,PA,40.028441,-76.176080,3.899000,3.899000,3.899000,1
9354,BFS FOODS TRUCK PLAZA,"I-79, EXIT 1",Mount Morris,PA,39.733250,-80.081989,4.499000,4.499000,4.499000,1
9365,FLYING J TRAVEL PLAZA #713,"I-95, EXIT 181",Latta,SC,34.338940,-79.433564,3.349000,3.349000,3.349000,1
9381,SCOTT FUEL TRAVEL PLAZA,"I-81, EXIT 199",Dalton,PA,41.537610,-75.738270,3.599000,3.599000,3.599000,1
9382,PILOT TRAVEL CENTERS #286,"I-70, EXIT 10 & SR-127",Eaton,OH,39.750107,-84.634469,3.462333,3.462333,3.462333,1
9383,PILOT TRAVEL CENTERS #285,"I-70, EXIT 126 & SR-37",Hebron,OH,39.965248,-82.486506,3.445667,3.445667,3.445667,1
9386,PETRO STOPPING CENTER #325,"I-75,  EXIT 167",North Baltimore,OH,41.179755,-83.668259,3.270667,3.270667,3.270667,1
9403,PILOT TRAVEL CENTERS #280,"I-78, EXIT 7 & SR-173",Bloomsbury,NJ,40.656886,-75.076225,3.809000,3.809000,3.809000,1
9415,7-ELEVEN #40287,"I-76, EXIT 24A/326",Wayne,PA,40.039604,-75.392660,3.889000,3.889000,3.889000,1
9423,PETRO STOPPING CENTER #318,"I-70, EXIT 148",Kingdom City,MO,38.947306,-91.935419,3.057333,3.057333,3.057333,1
9449,CORNER PANTRY #127,"I-26, EXIT 115 & US-321",West Columbia,SC,33.990130,-81.099354,3.412333,3.412333,3.412333,1
9451,TA BETO JUNCTION TRAVEL CENTER,"I-35, EXIT 155 & US-75",Lebo,KS,38.416179,-95.862482,3.230667,3.230667,3.230667,1
9467,TA PORTER TRAVEL CENTERS,"I-94, EXIT 22B & US-20",Chesterton,IN,41.599822,-87.054996,3.849000,3.849000,3.849000,1
9468,TA LAKE STATION,"I-80 & I-94, EXIT 15B",Lake Station,IN,41.576735,-87.252878,3.849000,3.849000,3.849000,1
9469,TA EXPRESS COWPENS #477,"I-85, EXIT 83 & SR-110",Cowpens,SC,35.018617,-81.804121,3.399000,3.399000,3.399000,1
9485,PILOT TRAVEL CENTER #4559,"I-20, EXIT 26",Villa Rica,GA,33.728365,-84.916662,3.419000,3.389000,3.449000,2
9513,CIRCLE K #2705350,"I-20, EXIT 5 & US-25",North Augusta,SC,33.523303,-81.956566,3.159000,3.159000,3.159000,1
9525,SCOTCHMAN #3891,"I-77, EXIT 65 & SR-9",Richburg,SC,34.716622,-81.019578,3.109000,3.109000,3.109000,1
9528,GO MART FOOD STORE #43,"I-64, EXIT 39 & SR-34",Teays,WV,38.441757,-81.952912,3.499000,3.499000,3.499000,1
9542,SPINX #266,"I-26, EXIT 104",Columbia,SC,34.040519,-80.906099,3.132333,3.132333,3.132333,1
9550,Mauston Interstate BP,"I-90/I-94, EXIT 69 & SR-82",Mauston,WI,43.799976,-90.079554,3.227333,3.227333,3.227333,1
9553,LYNDON STATION BP,I-90 & 94 EXIT 79,Lyndon Station,WI,43.708788,-89.893654,3.177000,3.177000,3.177000,1
9554,BIG D OIL #2,US-85 & US-34,Belle Fourche,SD,44.663798,-103.859143,3.227333,3.227333,3.227333,1
9614,DITTYS,"I-90, EXIT 284 & SR-45",Kimball,SD,43.746962,-98.956559,3.089000,3.089000,3.089000,1
9618,FLYING J #477,US-75,Anna,TX,33.348167,-96.553452,3.239000,3.239000,3.239000,1
9638,PILOT TRAVEL CENTERS #62,"I-95, EXIT 170 & SR-327",Florence,SC,34.178923,-79.792217,3.349000,3.349000,3.349000,1
9668,COFFEE CUP FUEL STOP #4,"I-90, EXIT 310 & SR-281",Plankinton,SD,43.715421,-98.483616,3.027333,3.027333,3.027333,1
9675,FLYING J TRAVEL PLAZA #722,"I-75 & I-40, EXIT 369",Knoxville,TN,35.970680,-83.949270,3.439000,3.439000,3.439000,1
9699,SPEEDWAY #9400,US-30/US-62 & SR-297,Canton,OH,40.807650,-81.367228,3.369000,3.369000,3.369000,1
9703,PILOT TRAVEL CENTERS #2,"I-90, EXIT 223 & SR-45",Austinburg,OH,41.769168,-80.855605,3.859000,3.859000,3.859000,1
9712,TA GREENSBORO TRAVEL CENTER,"I-40 & I-85, EXIT 138 & SR-61",Whitsett,NC,36.079180,-79.572345,3.997333,3.997333,3.997333,1
9713,TA Express Vermillion #275,"I-29, EXIT 26 & SR-50",Burbank,SD,42.746080,-96.832718,3.099000,3.099000,3.099000,1
9717,COFFEE CUP FUEL STOP #8,"I-90, EXIT 212 & SR-83",Vivian,SD,43.927267,-100.301123,3.097333,3.097333,3.097333,1
9724,One9 #1339,"I-81,  EXIT 34",Parish,NY,43.405802,-76.126370,3.799000,3.799000,3.799000,1
9746,TA MILL CITY TRAVEL CENTER,"I-80, EXIT 151",Imlay,NV,40.658106,-118.144098,3.794000,3.794000,3.794000,1
9747,GOOD TO GO TRAVEL CENTER,"I-80, EXIT 353 & US-81",York,NE,40.870379,-97.592745,3.317333,3.317333,3.317333,1
9763,DELUXE TRUCK STOP,SR-759,Saint Joseph,MO,39.759460,-94.821143,3.149000,3.149000,3.149000,1
9783,KANGAROO CROSSING #1101,"I-55, EXIT 144",Pickens,MS,32.891320,-89.968775,3.099000,3.099000,3.099000,1
9803,TA KNOXVILLE WEST TRAVEL CENTER,"I-40 & I-75, EXIT 369",Knoxville,TN,35.970680,-83.949270,3.425667,3.425667,3.425667,1
9808,TA ANN ARBOR TRAVEL CENTER,"I-94, EXIT 167",Dexter,MI,42.332256,-83.881027,3.619000,3.499000,3.699000,4
9812,LEES FOOD MART #1398,"I-40, EXIT 398",Knoxville,TN,35.970680,-83.949270,3.299000,3.299000,3.299000,1
9818,CIRCLE K #4707002,"I-95, EXIT 157",Newport,ME,44.836429,-69.254846,3.899000,3.899000,3.899000,1
9821,PILOT TRAVEL CENTERS #52,"I-24, EXIT 64",La Vergne,TN,36.022237,-86.559384,3.472333,3.472333,3.472333,1
9842,Petes #03,US-59 & US-54,Moran,KS,37.916542,-95.171429,3.265667,3.265667,3.265667,1
9843,MAPLE HILL TRUCK STOP,"I-70, EXIT 341",Maple Hill,KS,39.085423,-96.028015,3.052333,3.052333,3.052333,1
9851,KWIK STOP #86,US-151/US-52/US-61,Dubuque,IA,42.498901,-90.707258,3.489000,3.489000,3.489000,1
9855,PILOT TRAVEL CENTERS #37,"I-65, EXIT 95",Whiteland,IN,39.555138,-86.074352,3.959000,3.959000,3.959000,2
9860,PARADISE AUTO TRUCK PLAZA,US-31,Rochester,IN,41.060392,-86.198313,3.405667,3.405667,3.405667,1
9862,PILOT TRAVEL CENTERS #271,"I-80, EXIT 6",Gary,IN,41.590740,-87.347113,3.814000,3.799000,3.829000,2
9887,7-ELEVEN #40354,"I-95, EXIT 173",Palm Bay,FL,27.964890,-80.658275,3.215667,3.215667,3.215667,1
9941,FLYING J TRAVEL PLAZA #609,"I-10, EXIT 208-A",Eloy,AZ,32.741255,-111.594015,3.452333,3.452333,3.452333,1
9945,CIRCLE K #2706690,"I-85/US-29, EXIT 62 & US-280/US-431/SR-38/SR-1",Opelika,AL,32.660739,-85.378890,2.999000,2.999000,2.999000,1
9959,FLYING J #876,"I-95, EXIT 104",Ruther Glen,VA,37.928749,-77.455815,3.619000,3.619000,3.619000,1
9962,STRIPES #40673,"I-45, EXIT 179",Mcallen,TX,26.224966,-98.246083,3.289000,3.289000,3.289000,1
9971,TA DANSVILLE TRAVEL CENTER,"I-390 & COMMERCE, EXIT 5",Dansville,NY,42.562482,-77.696927,4.499000,4.499000,4.499000,1
9973,BOLLA MARKET,"I-287, EXIT 66",Mahwah,NJ,41.082067,-74.183061,3.532333,3.532333,3.532333,1
9990,JIMS  BEST STOP,US-45 & US-64,Selmer,TN,35.170593,-88.595102,3.174000,3.174000,3.174000,1
9995,LOVES TRAVEL STOP #411,"I-35 & I-80, EXIT 125 & US-6",Clive,IA,41.613243,-93.797871,3.340667,3.340667,3.340667,1
9997,Circle K #2723687,"I-20, EXIT 11 & US-27/SR-1",Bremen,GA,33.710765,-85.151897,3.087333,3.087333,3.087333,1
10006,FLINT HILLS FUEL MART,US-50 & US-77,Florence,KS,38.243075,-96.929155,3.499000,3.499000,3.499000,1
10007,CIRCLE K #2705346,SR-307,Savannah,GA,32.018043,-81.196492,3.032333,3.032333,3.032333,1
10014,Sudden Service #6604,"I-40, EXIT 212",Nashville,TN,36.171800,-86.785002,3.399000,3.399000,3.399000,1
10015,Loves Travel Stop #429,"I-65 & I-24, EXIT 87",Nashville,TN,36.171800,-86.785002,3.462333,3.462333,3.462333,1
10020,Maplefields,"US-4, EXIT 2 & SR-22A",Fair Haven,VT,43.592783,-73.268898,3.599000,3.599000,3.599000,1
10024,MILLERS TRAVEL CENTER,US-6 & US-50,Wellington,UT,39.535860,-110.734374,3.659000,3.659000,3.659000,1
10028,GOOD TO GO #10,US-35,Winamac,IN,41.053501,-86.603678,3.914000,3.914000,3.914000,1
10030,LOVES TRAVEL STOP #715,I-77 EXIT 58 & SR-666 & US-52,Bastian,VA,37.153528,-81.152495,3.597333,3.597333,3.597333,1
10033,SHELL,"I-95, EXIT 133 & US-17 BUS",Fredericksburg,VA,38.299272,-77.486658,3.255667,3.255667,3.255667,1
10047,TOWN PUMP FOOD STORE #8929,"I-15, EXIT 339",Conrad,MT,48.174083,-111.946593,3.599000,3.599000,3.599000,1
10053,BECKS #27,"I-39/US-51, EXIT 72 & US-34",Mendota,IL,41.556655,-89.100507,3.269000,3.269000,3.269000,1
10057,Flying J Travel Plaza #649,"I-465, EXIT 4",Indianapolis,IN,39.776664,-86.145935,3.899000,3.899000,3.899000,2
10058,CITGO,US-431/SR-1 & SR-27,Abbeville,AL,31.564706,-85.259121,3.399000,3.399000,3.399000,1
10065,ROAD MART,US-71/US-59,Ashdown,AR,33.674529,-94.126627,3.299000,3.299000,3.299000,1
10077,FLYING J TRAVEL PLAZA #607,"I-55, EXIT 4 & I-40, EXIT 280",West Memphis,AR,35.149554,-90.199266,3.150667,3.150667,3.150667,1
10085,EL CENTRO TRAVEL CENTER,"I-8, EXIT 115 & SR-86",El Centro,CA,32.786351,-115.560206,4.499000,4.499000,4.499000,1
10101,PILOT TRAVEL CENTERS #65,"I-20, EXIT 194",Augusta,GA,33.365531,-82.073422,3.859000,3.859000,3.859000,2
10104,GEO H GREEN OIL,"I-85/SR-403, EXIT 41 & US-27 ALT",Newnan,GA,33.379672,-84.771204,3.199000,3.199000,3.199000,1
10109,GIT N GO CONVENIENCE STORE #34,"US-30, EXIT 185 & SR-14",Marshalltown,IA,42.034300,-92.906266,3.119000,3.119000,3.119000,1
10110,JACKSON'S FOODS DBA ONE9 #1427,"I-84, EXIT 36",Nampa,ID,43.585541,-116.565631,3.370667,3.370667,3.370667,1
10116,Petro Stopping Center #359,"I-39/US-51, EXIT 99 & SR-38",Rochelle,IL,41.919149,-89.063661,3.759000,3.759000,3.759000,1
10122,LOVES TRAVEL STOP #417,"I-80 & I-94, EXIT 9A",Gary,IN,41.590740,-87.347113,3.809000,3.809000,3.809000,1
10126,PILOT TRAVEL CENTERS #152,"I-65, EXIT 16 & MEMPHIS RD",Memphis,IN,38.494822,-85.767036,3.959000,3.959000,3.959000,2
10128,PETES #20,US-54/SR-7 & US-69,Fort Scott,KS,37.828000,-94.704141,3.199000,3.199000,3.199000,1
10135,YESWAY #1116,"I-35, EXIT 60",Mcpherson,KS,38.369881,-97.664518,3.259000,3.259000,3.259000,1
10142,PILOT TRAVEL CENTERS #438,"I-65, EXIT 6 & SR-100",Franklin,KY,36.718029,-86.557576,3.169000,3.169000,3.169000,1
10144,PILOT TRAVEL CENTERS #358,"I-24 & US-305, EXIT 3",Paducah,KY,37.070892,-88.644477,3.699000,3.699000,3.699000,1
10146,PILOT TRAVEL CENTERS #437,"I-75, EXIT 11 & SR-92",Williamsburg,KY,36.738714,-84.165651,3.609000,3.609000,3.609000,1
10150,PILOT TRAVEL CENTERS #300,"I-12, EXIT 40",Hammond,LA,30.505650,-90.456493,3.232333,3.232333,3.232333,1
10154,I 49 TRUCK STOP,"I-49, EXIT 23 & US-167",Opelousas,LA,30.524897,-92.081654,3.199000,3.199000,3.199000,1
10157,J AND  H OIL,"US-131, EXIT 72",Byron Center,MI,42.809460,-85.726365,3.549000,3.499000,3.599000,2
10161,SPEEDWAY #8740,"I-69, EXIT 87",Dewitt,MI,42.838828,-84.583837,3.679000,3.599000,3.759000,2
10168,Express Stop,"I-94, EXIT 145",Jackson,MI,42.242156,-84.402038,3.589000,3.589000,3.589000,1
10172,EXPRESS STOP FOOD STORE #4647,"I-75, EXIT 151 & SR- 81",Saginaw,MI,43.419945,-83.950172,3.399000,3.399000,3.399000,1
10181,QUIKTRIP #611,I-55 EXIT 178,Herculaneum,MO,38.257558,-90.393130,2.990667,2.990667,2.990667,1
10184,CIRCLE K #2721544,"I-55, EXIT 243 & US-278/SR-6",Batesville,MS,34.320982,-89.924878,3.309000,3.309000,3.309000,1
10192,INTERSTATE STATION #8,"I-55, EXIT 78",Natchez,MS,31.542438,-91.385649,3.399000,3.399000,3.399000,1
20000,BIG BOYS TRUCK STOP,"I-95, EXIT 105",Kenly,NC,35.600767,-78.127935,3.299000,3.299000,3.299000,1
20003,PILOT #7976,"I-77, EXIT 42",Troutman,NC,35.700462,-80.887702,3.659000,3.659000,3.659000,1
20006,CENEX C STORE,US-52,Kenmare,ND,48.672812,-102.072030,3.467333,3.467333,3.467333,1
20009,BIG SPRINGS TRUCK AND TRAVEL,"I-80, EXIT 107",Big Springs,NE,41.060902,-102.074466,3.074000,3.074000,3.074000,1
20011,CUBBYS #111,US-81,Norfolk,NE,42.028216,-97.427807,3.209000,3.209000,3.209000,1
20012,FLYING J TRAVEL PLAZA #686,"I-80, EXIT 432",Gretna,NE,41.127917,-96.196863,3.282333,3.282333,3.282333,1
20014,SIMONS EXIT 16,"I-89, EXIT 16",Enfield,NH,43.643800,-72.146872,3.499000,3.499000,3.499000,1
20019,SUNOCO,"I-295, EXIT 2C & SR-140",Penns Grove,NJ,39.727704,-75.469035,3.459000,3.459000,3.459000,1
20024,LOVES TRAVEL STOP #259,"I-10 & AIRPORT RD, EXIT 132",Las Cruces,NM,32.326444,-106.789695,3.214000,3.214000,3.214000,1
20027,LOVES TRAVEL STOP #262,"I-40, EXIT 333",Tucumcari,NM,35.170291,-103.705046,3.889000,3.889000,3.889000,1
20028,MORTONS TRUCK STOP,"I-15, EXIT 46",North Las Vegas,NV,36.289865,-115.089181,3.399000,3.399000,3.399000,1
20031,FLYING J TRAVEL PLAZA #770,"I-80, EXIT 176",Winnemucca,NV,40.964440,-117.724594,3.777333,3.777333,3.777333,1
20033,LOVES TRAVEL STOP #772,"I-86 & SR-17, EXIT 37",Bath,NY,42.336093,-77.316860,4.489000,4.489000,4.489000,1
20036,SMOKIN JOES,I-90 EXIT 24,Sanborn,NY,43.145054,-78.877748,3.699000,3.699000,3.699000,1
20042,FLYING J TRAVEL PLAZA #700,I-80 & I-90 EXIT 71,Perrysburg,OH,41.538986,-83.644132,3.759000,3.759000,3.759000,1
20043,FRIENDSHIP FOOD MART #70,SR-2 & SR-53,Port Clinton,OH,41.509718,-82.938339,3.939000,3.939000,3.939000,1
20045,PILOT TRAVEL CENTERS #281,"I-80, EXIT 226",Girard,OH,41.165648,-80.696089,3.452333,3.452333,3.452333,1
20049,LOVES TRAVEL STOP #263,"I-44, EXIT 45 & SR-49",Lawton,OK,34.619218,-98.421106,3.217333,3.217333,3.217333,1
20050,LOVES TRAVEL STOP #260,"I-35, EXIT 106 & SR-9 W",Norman,OK,35.240569,-97.345299,3.254000,3.254000,3.254000,1
20054,Jacksons Food Stores,"I-84, EXIT 261",La Grande,OR,45.324471,-118.086891,3.687000,3.687000,3.687000,1
20062,PILOT TRAVEL CENTERS #298,"I-80, EXIT 256 & SR-93",Drums,PA,41.018139,-75.994925,3.975667,3.975667,3.975667,1
20066,KWIK FILL #228,"I-90, EXIT 45 & US-20",North East,PA,42.213367,-79.833351,4.089000,4.089000,4.089000,1
20070,ONVO TRAVEL PLAZA - PROMISED LAND,"I-84, EXIT 26 & SR-390",Tafton,PA,41.404534,-75.182953,3.545667,3.545667,3.545667,1
20072,PILOT TRAVEL CENTERS #310,"I-85, EXIT 63 & SR-290",Duncan,SC,34.929181,-82.147615,3.432333,3.432333,3.432333,1
20079,PETRO KINGSTON SPRINGS #349,"I-40, EXIT 188",Kingston Springs,TN,36.081868,-87.108965,3.232333,3.232333,3.232333,1
20082,GOLDEN EXPRESS TRUCK STOP,US-287/US-81 & CR-1595,Alvord,TX,33.356968,-97.696026,3.049000,3.049000,3.049000,1
20083,FLYING J TRAVEL PLAZA #724,"I-10, EXIT 0",Anthony,TX,31.986731,-106.598634,3.459000,3.459000,3.459000,1
20086,LOVES TRAVEL STOP #609,"I-35, EXIT 471 & US-77",Denton,TX,33.217449,-97.141346,3.247333,3.247333,3.247333,1
20105,CEFCO #1050,"I-30, EXIT 146 & US-37",Mount Vernon,TX,33.177431,-95.224447,2.942333,2.942333,2.942333,1
20108,TEX-BEST #501,"I-37, EXIT 125",Elmendorf,TX,29.253331,-98.323027,2.949000,2.949000,2.949000,1
20109,PILOT TRAVEL CENTERS #306,"I-10, EXIT 582",San Antonio,TX,29.462809,-98.524635,3.214000,3.214000,3.214000,1
20114,CROSSROADS,"I-10, EXIT 829 & SR-124",Winnie,TX,29.816716,-94.380673,4.249000,4.249000,4.249000,1
20118,KWIK TRIP #648,"I-94, EXIT 116 & SR-54",Black River Falls,WI,44.298452,-90.842787,3.237333,3.237333,3.237333,1
20119,FREMONT CITGO,US-10 & SR-110,Fremont,WI,44.259933,-88.870137,3.399000,3.399000,3.399000,1
20121,GO MART FOOD STORE #50,"I-77/I-64, EXIT 44 & SR-3",Beckley,WV,37.773148,-81.161550,3.599000,3.599000,3.599000,1
44228,I-69 TRUCKSTOP TRAVEL CENTER,"I-69, EXIT 184 & SR-19",Memphis,MI,42.895234,-82.768258,3.549000,3.499000,3.599000,3
52040,REBEL TRUCK STOP,"I-5, EXIT 27",Kalama,WA,46.017142,-122.841937,4.499000,4.499000,4.499000,1
52048,PILOT TRAVEL CENTERS #302,"I-10, EXIT 13 & CR-30",Theodore,AL,30.538686,-88.187573,3.179000,3.159000,3.199000,2
52052,EXPRESSWAY MOBIL,US-63 & US-167,El Dorado,AR,33.218982,-92.664071,3.599000,3.599000,3.599000,1
52065,76 DBA ONE9 #1415,"I-75, EXIT 49",Lake Panasoffkee,FL,28.784289,-82.123072,3.172333,3.172333,3.172333,1
52067,PETRO STOPPING CENTER #322,"I-285, EXIT 12",Atlanta,GA,33.762909,-84.422675,3.445667,3.445667,3.445667,1
52070,FRIENDLY EXPRESS #31,US-1 & US-301,Folkston,GA,30.839068,-82.007342,3.099000,3.099000,3.099000,1
52081,MCCLURE OIL #9,US-31 & SR-18,Kokomo,IN,40.464011,-86.127349,3.839000,3.839000,3.839000,1
52085,RUSSELL 24/7,"I-70, EXIT 184",Russell,KS,38.887455,-98.851392,3.007333,3.007333,3.007333,1
52088,CASEYS #4459,"I-64, EXIT 265",Mayfield,KY,36.737459,-88.644491,3.249000,3.249000,3.249000,1
52089,SHELL,US-84 & SR-28,Jonesville,LA,31.622318,-91.834430,3.399000,3.399000,3.399000,1
52090,SHOP A LOTT #10,"I-49, EXIT 138 & SR-6",Natchitoches,LA,31.734775,-93.100942,3.125667,3.125667,3.125667,1
52099,BEACON & BRIDGE #7,"I-75, EXIT 126",Mount Morris,MI,43.117664,-83.698729,3.379000,3.379000,3.379000,1
52103,SPRINT MART #27,US-45 & US-72,Corinth,MS,34.948353,-88.513618,3.055667,3.055667,3.055667,1
52104,BLUE SKY #734,SR-1,Saltillo,MS,34.380293,-88.696217,3.082333,3.082333,3.082333,1
52106,FLYING J TRAVEL PLAZA #923 -TOWN PUMP,"I-90, EXIT 455",Billings,MT,45.788538,-108.552475,3.580667,3.580667,3.580667,1
52107,PILOT #7983,"I-85,  EXIT 71",Salisbury,NC,35.665499,-80.488930,3.499000,3.499000,3.499000,1
52112,SROKAS SERVICE CENTER,SR-149,Fort Ann,NY,43.415731,-73.490513,3.899000,3.799000,3.999000,3
52128,Sudden Service #8087,I-40 EXIT 238,Lebanon,TN,36.199381,-86.344634,3.199000,3.199000,3.199000,1
52140,Sinclair,"I-82, EXIT 69",Sunnyside,WA,46.315712,-120.005762,4.599000,4.599000,4.599000,1
52142,PILOT TRAVEL CENTERS #296,"I-94 & BAKER RD, EXIT 167",Dexter,MI,42.332256,-83.881027,3.596500,3.499000,3.659000,4
52143,One9 #319,"I-75, EXIT 328",Dalton,GA,34.767898,-84.972812,3.015667,3.015667,3.015667,1
52145,Pilot Travel Center #318,"I-465/I-74/US-52/US-40/SR-67, EXIT 4 & SR-37",Indianapolis,IN,39.776664,-86.145935,3.899000,3.899000,3.899000,2
52146,FLYING J TRAVEL PLAZA #758,"I-25, EXIT 185 & SR-258",Casper,WY,42.842120,-106.321282,3.999000,3.999000,3.999000,1
52149,PILOT TRAVEL CENTERS #321,"I-75/71, EXIT 175 & SR-338",Walton,KY,38.862427,-84.615043,3.085667,3.085667,3.085667,1
52150,PILOT TRAVEL CENTERS #311,"I-90, EXIT 27 & SR-97",Erie,PA,42.116594,-80.073503,4.215667,4.215667,4.215667,1
52152,PILOT TRAVEL CENTERS #308,"I-80 , EXIT 310",Laramie,WY,41.305955,-105.608637,3.609000,3.609000,3.609000,1
52153,PILOT TRAVEL CENTER #1412,"I-94 & RUSSELL RD, EXIT 1",Wadsworth,IL,42.450687,-87.925147,3.789000,3.769000,3.829000,3
52155,TA SOUTHINGTON TRAVEL CENTER,"I-84, EXIT 28 & US-65",Milldale,CT,41.565931,-72.891768,5.199000,5.199000,5.199000,1
52163,PILOT TRAVEL CENTERS #67,"I-75, EXIT 296",Cartersville,GA,34.164579,-84.801704,3.557333,3.549000,3.565667,2
52212,FLYING J TRAVEL PLAZA #763,"I-80, EXIT 209",Rawlins,WY,41.785130,-107.224653,3.749000,3.749000,3.749000,1
52221,FLYING J TRAVEL PLAZA #726,"I-20, EXIT 472",Dallas,TX,32.793333,-96.766513,3.182333,3.182333,3.182333,1
52222,FLYING J TRAVEL PLAZA #735,"I-10, EXIT 873 & SR-62",Orange,TX,30.123528,-93.754548,3.309000,3.309000,3.309000,1
52230,ONE9 #294,"I-15 & I-84, EXIT 344 SR-39",Ogden,UT,41.228391,-111.968147,3.325667,3.325667,3.325667,1
52233,SPEEDWAY #2953,"US-80, EXIT 3",Yuma,AZ,32.516286,-114.521782,3.465667,3.465667,3.465667,1
52235,PETRO STOPPING CENTER #303,"I-80, EXIT 310",Laramie,WY,41.305955,-105.608637,3.575667,3.575667,3.575667,1
52236,CHEVRON,US-60,Globe,AZ,33.393642,-110.741106,4.299000,4.299000,4.299000,1
52239,PILOT TRAVEL CENTERS #192,"I-75, EXIT 60",Tifton,GA,31.462099,-83.520499,3.609000,3.599000,3.619000,2
52241,Rocket,"I-25/US-85/US-87, EXIT 161 & SR-105",Monument,CO,39.074406,-104.844221,3.195000,3.195000,3.195000,1
52250,PILOT TRAVEL CENTERS #222,I-84 EXIT 1,Sturbridge,MA,42.097106,-72.054995,4.159000,4.159000,4.159000,1
52255,GREATER CHICAGO I 55,"I-55, EXIT 267 & SR-53",Bolingbrook,IL,41.688062,-88.100965,3.464000,3.319000,3.609000,2
52262,CIRCLE K #2721577,US-84 & SR-21,Monroeville,AL,31.516223,-87.327714,3.434000,3.434000,3.434000,1
52278,NEIGHBORS EXPRESS,US-25/SR-121/SR-23/SR-67,Millen,GA,32.806892,-81.942039,3.382333,3.382333,3.382333,1
52297,IGA EXPRESS SHELL #874,"I-65, EXIT 20",Bowling Green,KY,36.975653,-86.435962,2.999000,2.999000,2.999000,1
52299,415 TRUCK STOP,"I-10, EXIT 151 & SR-415",Port Allen,LA,30.443835,-91.207410,3.089000,3.089000,3.089000,1
52302,LONGHORN TRUCK AND CAR PLAZA,"I-10, EXIT 4",Vinton,LA,30.195435,-93.582246,3.274000,3.274000,3.274000,1
52304,Fast Stop,"I-10, EXIT 182 & SR-22",Sorrento,LA,30.183623,-90.866567,3.699000,3.699000,3.699000,1
52307,CASEYS #3002,SR-60 & SR-30/SR-4,Saint James,MN,43.983362,-94.625392,3.219000,3.219000,3.219000,1
52313,CIRCLE K #2723445,"I-20, EXIT 5A & US-61/SR-27",Vicksburg,MS,32.322004,-90.881557,2.959000,2.959000,2.959000,1
52322,BOLLA MARKET,"I-95, EXIT 13",Elizabeth,NJ,40.666367,-74.193503,3.099000,3.099000,3.099000,1
52323,POWER,"I-78, EXIT 58 & SR-9/SR-1",Newark,NJ,40.724220,-74.172574,4.299000,4.299000,4.299000,1
52325,MIRABITO #69,"I-88, EXIT 15 & SR-23",Oneonta,NY,42.454818,-75.066884,3.999000,3.999000,3.999000,1
52326,MR FUEL #715,"I-70, EXIT 203",Foristell,MO,38.814393,-90.958962,2.925667,2.925667,2.925667,1
52334,KWIK TRIP #775,"I-90, EXIT 69 & SR-82",Mauston,WI,43.799976,-90.079554,3.287333,3.287333,3.287333,1
52335,SHELL,"I-295, EXIT 3",Disputanta,VA,37.123551,-77.224856,3.029000,3.029000,3.029000,1
52340,KWIK FILL #249,US-22,Duncansville,PA,40.426307,-78.430260,4.072333,4.072333,4.072333,1
52344,STAMART 1224,"I-94, EXIT 166",Bismarck,ND,46.814583,-100.770089,3.615667,3.615667,3.615667,1
52346,QUARLES #4436,"I-695, EXIT 41 & SR-151",Dundalk,MD,39.266824,-76.496531,3.699000,3.699000,3.699000,1
52348,SHELL,"I-75, EXIT47 & SR-85",Detroit,MI,42.383037,-83.102237,3.699000,3.699000,3.699000,1
52361,PAYLESS FUEL TRAVEL CENTER,"I-20, EXIT 470",Dallas,TX,32.793333,-96.766513,2.985667,2.985667,2.985667,1
52363,SPEEDWAY #2376,US-131 & SR-46,Cedar Springs,MI,43.220424,-85.554367,3.899000,3.899000,3.899000,1
52364,PILOT TRAVEL CENTERS #335,"I-20 & SR-137, EXIT 138",Rayville,LA,32.470982,-91.757449,3.212333,3.212333,3.212333,1
52365,MOORES SUPER STORE,US-43/US-278/SR-171,Hamilton,AL,34.138713,-87.970833,3.799000,3.799000,3.799000,1
52366,ALMA TRAVEL MART,"I-40, EXIT 13 & US-71",Alma,AR,35.492375,-94.213947,3.332333,3.332333,3.332333,1
52367,DOSWELL TRUCK STOP,"I-95, EXIT 98 & SR-30",Doswell,VA,37.860140,-77.464149,2.899000,2.899000,2.899000,1
52383,FLYING J TRAVEL PLAZA #601,"I-20/I-59, EXIT 104",Mc Calla,AL,33.303112,-87.026660,3.170667,3.170667,3.170667,1
52384,PILOT TRAVEL CENTERS #337,"I-95, EXIT 164 & US-52",Florence,SC,34.178923,-79.792217,3.349000,3.349000,3.349000,1
52385,Flying J Travel Plaza #696,"I-71, EXIT 131",Sunbury,OH,40.249405,-82.880199,3.719000,3.719000,3.719000,1
52387,MARATHON,"I-55, EXIT 265 & SR-4",Senatobia,MS,34.608650,-89.980994,3.199000,3.199000,3.199000,1
52388,FLYING J TRAVEL PLAZA #711,"I-85, EXIT 102",Blacksburg,SC,35.122088,-81.518119,3.429000,3.429000,3.429000,1
52393,CASEYS #3004,SR-15 & CR-52,Truman,MN,43.827872,-94.436569,3.299000,3.299000,3.299000,1
52400,PILOT TRAVEL CENTERS #324,"I-94/US-41, EXIT 329",Franksville,WI,42.760019,-87.913413,3.889000,3.889000,3.889000,1
52401,LOVES TRAVEL STOP #267,"I-40, EXIT 107 & SR-95",Morrilton,AR,35.155456,-92.738932,3.360667,3.360667,3.360667,1
52402,FLYING J TRAVEL PLAZA #665,"I-20, EXIT 3 & SR-79",Greenwood,LA,32.431470,-93.959889,3.145667,3.145667,3.145667,1
52403,FLYING J TRAVEL PLAZA #676,"I-10, EXIT 31",Gulfport,MS,30.419487,-89.069022,3.145667,3.145667,3.145667,1
52404,PETRO WELLS,"I-80, EXIT 352",Wells,NV,41.113155,-114.953537,3.732333,3.732333,3.732333,1
52405,FLYING J TRAVEL PLAZA #636,"I-80, EXIT 292",Davenport,IA,41.556820,-90.603948,3.872333,3.872333,3.872333,1
52411,SAPP BROS TRAVEL CENTER,"I-215, EXIT 21",Salt Lake City,UT,40.776928,-111.930991,3.399000,3.399000,3.399000,1
52413,PILOT TRAVEL CENTERS #360,"I-75 & SR-613, EXIT 164",Findlay,OH,41.047364,-83.638093,3.315667,3.315667,3.315667,1
52414,Mobil dba ONE9 #1341,"I-5, EXIT 208",Arlington,WA,48.170372,-122.144553,3.799000,3.799000,3.799000,1
52421,SHEETZ #194,"I-80, EXIT 97",Falls Creek,PA,41.141959,-78.806947,3.307333,3.307333,3.307333,1
52422,KWIK TRIP #674,"I-94, EXIT 45 & US-12/SR-29",Menomonie,WI,44.889200,-91.909570,3.499000,3.499000,3.499000,1
52423,PILOT TRAVEL CENTER #908- TOWN PUMP,"I-15 & I-90, EXIT 122",Butte,MT,45.896232,-112.660071,3.565667,3.565667,3.565667,1
52426,J MART #322,"I-65, EXIT 322",Falkville,AL,34.377019,-86.909547,3.199000,3.199000,3.199000,1
52427,PILOT TRAVEL CENTERS #340,"I-80, EXIT 46",Fernley,NV,39.564770,-119.189433,3.915667,3.915667,3.915667,1
52428,PILOT TRAVEL CENTERS #338,"I-26, EXIT 115 & US-321",West Columbia,SC,33.990130,-81.099354,3.499000,3.499000,3.499000,1
52430,CHEVRON FOOD MART,"I-75, EXIT 350 & SR-2",Ringgold,GA,34.913657,-85.121503,2.859000,2.859000,2.859000,1
52431,WOODBINE TRAVEL CENTER,"I-95, EXIT 14",Woodbine,GA,30.959855,-81.718098,3.032333,3.032333,3.032333,1
52435,CM WINNERS CHOICE,"I-10 & SR-108, EXIT 23",Sulphur,LA,30.229792,-93.356343,3.299000,3.299000,3.299000,1
52438,NEW MADRID,"I-55, EXIT 52/SR-P",New Madrid,MO,36.586409,-89.551222,3.269000,3.269000,3.269000,1
52439,CIRCLE K #2723395,US-11,Hattiesburg,MS,31.307305,-89.317434,3.199000,3.199000,3.199000,1
52441,PILOT #6990,"I-95, EXIT 106",Kenly,NC,35.600767,-78.127935,3.709000,3.709000,3.709000,1
52450,PILOT #1290,"I-35, EXIT 410 & US-77",Red Oak,TX,32.509552,-96.783980,3.299000,3.299000,3.299000,1
52452,PLAINVIEW TRAVEL PLAZA,"US-41, EXIT 113 & SR-26",Oshkosh,WI,44.023168,-88.562260,3.199000,3.199000,3.199000,1
52454,PILOT TRAVEL CENTERS #6,"I-70, EXIT 178 & SR-209",Cambridge,OH,40.021047,-81.585548,3.509000,3.509000,3.509000,1
52455,LOVES TRAVEL STOP #266,"I-35, EXIT 32",Ardmore,OK,34.196507,-97.131848,3.649000,3.649000,3.649000,1
52456,PILOT TRAVEL CENTERS #317,"I-44, EXIT 4 (ST 435)",Joplin,MO,37.075218,-94.501259,3.412333,3.412333,3.412333,1
52458,PILOT TRAVEL CENTERS #332,"I-40, EXIT 161 & SR-391",North Little Rock,AR,34.781752,-92.235057,3.238000,3.237000,3.239000,2
52461,FLORENCE VALERO,US-130,Burlington,NJ,40.078824,-74.852483,3.135667,3.135667,3.135667,1
52463,PILOT TRAVEL CENTERS #341,"I-15, EXIT 48",North Las Vegas,NV,36.289865,-115.089181,3.695667,3.695667,3.695667,1
52464,7-ELEVEN #40118,ST 220 & I-180,Muncy,PA,41.202161,-76.785507,4.359000,4.359000,4.359000,1
52465,FLYING J TRAVEL PLAZA #605,"I-40, EXIT 84",Russellville,AR,35.276328,-93.138743,3.369000,3.369000,3.369000,1
52466,FLYING J TRAVEL PLAZA #784,"I-95, EXIT 100 & SR-272",North East,MD,39.608037,-75.941655,4.199000,4.199000,4.199000,1
52467,FLYING J TRAVEL PLAZA #712,"I-20, EXIT 70",Columbia,SC,34.040519,-80.906099,3.432333,3.432333,3.432333,1
52468,FLYING J TRAVEL PLAZA #703,"I-40, EXIT 140",Oklahoma City,OK,35.467079,-97.513657,3.309000,3.309000,3.309000,1
52469,LOVES TRAVEL STOPS #269,US-287/US-82/SR-79 & US-281,Wichita Falls,TX,33.906654,-98.525848,3.136000,3.123000,3.149000,2
52470,QUIKTRIP #562,"I-80, EXIT 136",Des Moines,IA,41.572590,-93.610243,3.047333,3.047333,3.047333,1
52471,FLYING J TRAVEL PLAZA #695,"I-75, EXIT 135",Beaverdam,OH,40.832487,-83.973383,3.330667,3.330667,3.330667,1
52472,FLYING J TRAVEL PLAZA #708,"I-81, EXIT 52",Carlisle,PA,40.199994,-77.204149,4.109000,4.109000,4.109000,1
52473,FLYING J TRAVEL PLAZA #743,"I-15, EXIT 222",Nephi,UT,39.704697,-111.833350,3.715667,3.715667,3.715667,1
52474,PILOT TRAVEL CENTERS #17,"I-94, EXIT 104",Battle Creek,MI,42.299176,-85.229267,3.979000,3.959000,3.999000,3
52477,PETRO FARGO #361,"I-94, EXIT 348",Fargo,ND,46.864700,-96.829080,3.499000,3.499000,3.499000,1
52478,LOVES TRAVEL STOP #418,"I-64, EXIT 172",Grayson,KY,38.333895,-82.935811,3.755667,3.755667,3.755667,1
52479,PETRO CARNESVILLE #377,"I-85, EXIT 160",Carnesville,GA,34.375266,-83.227532,3.154000,3.154000,3.154000,1
52480,LOVES TRAVEL STOP #268,US6-9 & US-75,Atoka,OK,34.386353,-96.131101,3.489000,3.489000,3.489000,1
52482,KING TRAVEL PLAZA,"I-95, EXIT 6",Kingsland,GA,30.846097,-81.790911,3.109000,3.109000,3.109000,1
52483,FLYING J TRAVEL PLAZA #659,"I-70, EXIT 253",Salina,KS,38.813085,-97.614477,3.772333,3.772333,3.772333,1
52484,KWIK STAR #303,"I-80, EXIT 201 & US-21",Brooklyn,IA,41.732052,-92.444981,3.129000,3.129000,3.129000,1
52510,Valero,SR-9,Maysville,KY,38.650015,-83.792961,3.599000,3.599000,3.599000,1
52511,JOES JUNCTION #9,"I-65, RAYMOND EXIT",Indianapolis,IN,39.776664,-86.145935,3.459000,3.459000,3.459000,1
52512,LOVES TRAVEL STOPS #270,"I-20, EXIT 349",Ranger,TX,32.469491,-98.675740,3.201000,3.189000,3.213000,2
52513,FLYING J TRAVEL PLAZA #678,"I-20 & I-55, EXIT 47",Pearl,MS,32.272456,-90.091827,3.149000,3.149000,3.149000,1
52514,FLYING J TRAVEL PLAZA #671,"I-55, EXIT 58",Matthews,MO,36.756800,-89.567477,3.239000,3.239000,3.239000,1
52516,FLYING J TRAVEL PLAZA #612,"I-40, EXIT 255",Winslow,AZ,35.024236,-110.709331,3.624000,3.624000,3.624000,1
52517,STRIPES 7FLEET #42562,US-84 & US-385,Littlefield,TX,33.919183,-102.334804,3.199000,3.199000,3.199000,1
52520,DANDY MINI MART #19,"ROUTE 17, EXIT 59-A",Sayre,PA,41.985722,-76.520848,3.992333,3.992333,3.992333,1
52527,PETRO STOPPING CENTER #323,"I-75, EXIT 368",Reddick,FL,29.368698,-82.197561,3.352333,3.352333,3.352333,1
52528,QUIKTRIP #150,"I-70, EXIT 28",Oak Grove,MO,39.007033,-94.128441,2.959000,2.959000,2.959000,1
52529,BIG SKY TRUCK STOP,"I-15, EXIT 56 N",Dillon,MT,45.217876,-112.634580,3.689000,3.689000,3.689000,1
52531,FLYING J FUEL STOP #768,"I-435, EXIT 57",Kansas City,MO,39.122361,-94.555117,3.382333,3.382333,3.382333,1
52534,LEES FOOD MART #1122,"I-75, EXIT 122 & SR-61",Clinton,TN,36.097338,-84.128945,2.969000,2.969000,2.969000,1
52535,PWI #115,"I-45, EXIT 178",Buffalo,TX,31.458905,-96.066163,2.899000,2.899000,2.899000,1
52537,TA Express Osseo #431,"I-94, EXIT 88",Osseo,WI,44.579831,-91.213829,3.469000,3.469000,3.469000,1
52539,PILOT TRAVEL CENTERS #331,"I-285 , EXIT 51",Atlanta,GA,33.762909,-84.422675,3.599000,3.599000,3.599000,2
52541,PANTRY TRUCKSTOP,US-2/US-41,Rapid River,MI,45.926394,-86.974284,3.405667,3.319000,3.499000,3
52542,FLYING J TRAVEL PLAZA #624,"I-75, EXIT 285 & SR-52",San Antonio,FL,28.339858,-82.278605,3.599000,3.599000,3.599000,1
52546,CIRCLE K #2723910,US-84 & US-27,Bainbridge,GA,30.906213,-84.572652,3.599000,3.599000,3.599000,1
52548,Henderson Fuel Mart,"I-80, EXIT 342",Henderson,NE,40.780250,-97.812209,2.899000,2.899000,2.899000,1
52549,SPEEDWAY #3328,"I-77, EXIT 159 A",Cleveland,OH,41.478462,-81.679435,3.799000,3.799000,3.799000,1
52550,PILOT TRAVEL CENTERS #404,"I-24, EXIT 81 SE",Murfreesboro,TN,35.853915,-86.421224,3.472333,3.472333,3.472333,1
52551,PILOT TRAVEL CENTERS #374,"I-10, EXIT 142 & SR-71",Marianna,FL,30.761445,-85.256258,3.599000,3.599000,3.599000,2
52552,FLYING J TRAVEL PLAZA #672,"I-49/US-71, EXIT167 & CR-J",Peculiar,MO,38.730826,-94.468597,3.422333,3.422333,3.422333,1
52553,FLYING J TRAVEL PLAZA #689,"I-40, EXIT 153",Albuquerque,NM,35.104780,-106.646809,3.549000,3.549000,3.549000,1
52557,SPRINT MART #40,US-72 & SR-247,Tuscumbia,AL,34.718502,-87.702586,3.189000,3.189000,3.189000,1
52558,LOVES TRAVEL STOP #271,"I-40, EXIT 37 & US-219",Ozark,AR,35.501858,-93.848378,3.392333,3.392333,3.392333,1
52562,MOBIL,"I-87, EXIT 36",Plattsburgh,NY,44.692025,-73.458276,3.799000,3.799000,3.799000,1
52563,FLYING J TRAVEL PLAZA #631,"I-75, EXIT 2",Lake Park,GA,30.685560,-83.187704,3.322333,3.322333,3.322333,1
52564,FLYING J TRAVEL PLAZA #669,"I-44, EXIT 11A & US-71/SR-249 & SR-FF",Joplin,MO,37.075218,-94.501259,3.412333,3.412333,3.412333,1
52565,PILOT TRAVEL CENTERS #377,"I-35, EXIT 13",Laredo,TX,27.560379,-99.489181,3.599000,3.599000,3.599000,1
52566,YUMM,"I-35, EXIT 8",Laredo,TX,27.560379,-99.489181,2.875667,2.875667,2.875667,1
52575,PILOT TRAVEL CENTERS #775,"I-15, EXIT 4",Saint George,UT,37.077006,-113.576534,3.675667,3.675667,3.675667,1
52577,PILOT TRAVEL CENTERS #329,"I-29 & I-80, EXIT 1B",Council Bluffs,IA,41.235987,-95.853163,3.659000,3.659000,3.659000,2
52580,LOVES TRAVEL STOPS #405,"I-95, EXIT 29",Brunswick,GA,31.136149,-81.466936,3.355000,3.321000,3.389000,2
52581,TA WILLCOX TRAVEL CENTER,"I-10, EXIT 340",Willcox,AZ,32.251804,-109.835698,3.282333,3.282333,3.282333,1
52582,JRs Oasis,SR-50,Yankton,SD,42.889751,-97.392687,3.149000,3.149000,3.149000,1
52585,SUPERPUMPER #22,"I-94, EXIT 42",Belfield,ND,46.886789,-103.195481,3.529000,3.529000,3.529000,1
52587,PILOT TRAVEL CENTERS #380,"I-81, EXIT 25 & I-90, EXIT 36",Liverpool,NY,43.105566,-76.209664,4.159000,4.159000,4.159000,1
52588,STRIPES #42564,US-87,Lubbock,TX,33.561901,-101.888883,3.199000,3.199000,3.199000,1
52590,FLYING J TRAVEL PLAZA #661,"I-65, EXIT 2 & US-31W",Franklin,KY,36.718029,-86.557576,3.169000,3.169000,3.169000,1
52591,FLYING J TRAVEL PLAZA #749,"I-95, EXIT 104",Ruther Glen,VA,37.928749,-77.455815,3.619000,3.619000,3.619000,1
52594,PILOT TRAVEL CENTERS #348,"I-70, EXIT 32B",Bentleyville,PA,40.117846,-80.004420,4.109000,4.109000,4.109000,1
52595,7-ELEVEN #40281,"I-476,  EXIT 35/95",Jim Thorpe,PA,40.857215,-75.776338,3.589000,3.589000,3.589000,1
52597,7-ELEVEN #40278,"I-81, EXIT 44 & I-76",Plainfield,PA,40.201172,-77.283279,3.967333,3.967333,3.967333,1
52598,7-ELEVEN #40283,"I-76, EXIT 19/247",Middletown,PA,40.644006,-75.324584,3.970667,3.970667,3.970667,1
52599,7-ELEVEN #40285,"I-76, EXIT 21/286",Bowmansville,PA,40.201730,-76.021030,3.970667,3.970667,3.970667,1
52601,LOVES TRAVEL STOP #236,"I-40, EXIT 161 & SR-391",North Little Rock,AR,34.781752,-92.235057,3.220667,3.220667,3.220667,1
52602,7-ELEVEN #40277,"I-76, EXIT 16/226",Newburg,PA,40.839436,-78.684958,4.299000,4.299000,4.299000,1
52603,CASEYS #3364,US-281 & SR-200,Carrington,ND,47.452851,-99.131033,3.439000,3.439000,3.439000,1
52605,PILOT TRAVEL CENTERS #39,"I-57, EXIT 335",Monee,IL,41.418083,-87.750136,3.451000,3.399000,3.559000,5
52607,PILOT TRAVEL CENTERS #409,"I-40, EXIT 172",Dickson,TN,36.063320,-87.368842,3.192333,3.192333,3.192333,1
52608,PILOT #7971,"I-40, EXIT 133",Conover,NC,35.715216,-81.216825,3.699000,3.699000,3.699000,1
52610,TA HARBORCREEK TRAVEL CENTER,"I-90, EXIT 35",Erie,PA,42.116594,-80.073503,4.199000,4.199000,4.199000,1
52611,STRIPES #40530,SR-239,Del Rio,TX,29.373045,-100.881851,3.229000,3.229000,3.229000,1
52612,STRIPES 7FLEET #42568,US-60 & CR-G,Hereford,TX,34.822603,-102.400159,3.350667,3.350667,3.350667,1
52615,PILOT TRAVEL CENTERS #4,"I-90, EXIT 151",Avon,OH,41.445100,-82.005109,3.879000,3.879000,3.879000,1
52616,PILOT TRAVEL CENTERS #28,I-69 EXIT 234,Daleville,IN,40.118872,-85.556247,3.584000,3.519000,3.649000,2
52618,PILOT TRAVEL CENTERS #63,"I-85, EXIT 35",Piedmont,SC,34.705617,-82.466746,3.222333,3.222333,3.222333,1
52620,GOODLAND 24/7 STORE,"I-70, EXIT 19",Goodland,KS,39.348512,-101.713819,3.087333,3.087333,3.087333,1
52621,CORNER MARKET #111,"I-70, EXIT 27",Goodland,KS,39.348512,-101.713819,3.059000,3.059000,3.059000,1
52622,STRIPES 7FLEET #42567,I-20,Stanton,TX,32.131695,-101.792457,3.015667,3.015667,3.015667,1
52623,TA WILLINGTON TRAVEL CENTER,"I-84, EXIT 71",Willington,CT,41.897267,-72.251848,5.199000,5.199000,5.199000,1
52624,PILOT TRAVEL CENTERS #390,"I-84, EXIT 188 & US-395",Stanfield,OR,45.782259,-119.216130,3.469000,3.469000,3.469000,1
52625,FLYING J TRAVEL PLAZA #673,"I-44, EXIT 226 & SR-85",Sullivan,MO,38.212893,-91.163616,3.324000,3.324000,3.324000,1
52626,FLYING J TRAVEL PLAZA #627,"I-95/SR-405, EXIT 29 & US-82/US-17/SR-25/SR-520",Brunswick,GA,31.136149,-81.466936,3.395667,3.395667,3.395667,1
52628,Pride Travel Center dba One9 #1215,"I-10, EXIT 45",Salome,AZ,33.777771,-113.606047,3.369000,3.359000,3.379000,2
52629,LOVES TRAVEL STOPS #413,"I-90, EXIT 106 & US-97",Ellensburg,WA,47.001168,-120.549588,3.889000,3.829000,3.949000,4
52630,PILOT TRAVEL CENTERS #386,"I-5, EXIT 263",Salem,OR,44.923900,-123.023007,3.859000,3.859000,3.859000,1
52632,LOVES TRAVEL STOP #451,"I-65, EXIT 95 & CR-500",Whiteland,IN,39.555138,-86.074352,3.949000,3.949000,3.949000,1
52633,PILOT TRAVEL CENTERS #57,"I-40 & I-85, EXIT 152",Mebane,NC,36.081679,-79.276742,3.959000,3.959000,3.959000,1
52634,PETRO STOPPING CENTER #362,"I-80, EXIT 353",York,NE,40.870379,-97.592745,3.299000,3.299000,3.299000,1
52635,E EXPRESS at MLK,"I-40 & I-35, EXIT 127",Oklahoma City,OK,35.467079,-97.513657,2.889000,2.889000,2.889000,1
52636,LOVES TRAVEL STOP #414,"I-64, EXIT 25B & US-41",Haubstadt,IN,38.203242,-87.574735,3.949000,3.949000,3.949000,1
52638,STRIPES 7FLEET #42555,"I-20, EXIT 80 & SR-18",Monahans,TX,31.655721,-103.083694,2.929000,2.929000,2.929000,1
52640,SPEEDWAY #8316,US-30 & US-41,Dyer,IN,41.497804,-87.509012,3.649000,3.649000,3.649000,1
52641,PILOT TRAVEL CENTERS #71,"I-95, EXIT 109",Port Wentworth,GA,32.192015,-81.205725,3.395667,3.372333,3.419000,2
52642,One9 #61,"I-26, EXIT 52 & SR-56",Clinton,SC,34.473887,-81.860899,3.099000,3.099000,3.099000,1
52643,Minit Mart #3,HIGHWAY 277 & FM 1589,Eagle Pass,TX,28.712803,-100.484812,3.199000,3.199000,3.199000,1
52644,ONE9 #058,"I-95, EXIT 180 & SR-48",Pleasant Hill,NC,36.254037,-80.894621,3.399000,3.399000,3.399000,1
52646,FLYING J TRAVEL PLAZA #619,"I-70, EXIT 285",Aurora,CO,39.703633,-104.720088,3.392333,3.392333,3.392333,1
52647,FLYING J TRAVEL PLAZA #699,"I-70, EXIT 122",Millersport,OH,39.896382,-82.541954,3.445667,3.445667,3.445667,1
52648,Stripes #42566,US-67 & SR-158,Ballinger,TX,31.739146,-99.955413,3.055667,3.055667,3.055667,1
52649,FLYING J TRAVEL PLAZA #623,"I-10, EXIT 192 & US-90",Midway,FL,30.405055,-87.009612,3.799000,3.799000,3.799000,1
52651,TA NEW BRAUNFELS TRAVEL CENTER,"I-35, EXIT 193",New Braunfels,TX,29.699306,-98.115127,3.449000,3.449000,3.449000,1
52652,PILOT TRAVEL CENTERS #47,"I-275, EXIT 129",Georgetown,KY,38.260181,-84.534921,3.205667,3.205667,3.205667,1
52656,TRAVELING TIGER CENTER,"I-10, EXIT 87",Sierra Blanca,TX,31.183426,-105.339540,3.155667,3.155667,3.155667,1
52658,LOVES TRAVEL STOP #274,"I-40, EXIT 221 & SR-27",Okemah,OK,35.429269,-96.300309,3.355667,3.355667,3.355667,1
52659,LOVES TRAVEL STOP #276,"I-10, EXIT 20",Lordsburg,NM,32.343777,-108.702120,3.457333,3.457333,3.457333,1
52661,LOVES TRAVEL STOP #281,"I-35 WEST, EXIT 40",Fort Worth,TX,32.781954,-97.348573,3.187333,3.187333,3.187333,1
52663,EXXON,"I-20/I-59, EXIT 17 & SR-28",Livingston,AL,32.595549,-88.186929,2.979000,2.979000,2.979000,1
52664,PETRO STOPPING CENTER #378,I-81 EXIT 178B,Pittston,PA,41.327920,-75.785684,4.165667,4.165667,4.165667,1
52667,EXPRESS LANE TRAVEL CENTER,"I-20, EXIT 100 & US-80",Lawrence,MS,32.325144,-89.232839,3.299000,3.299000,3.299000,1
52669,COLUMBIA TRUCK STOP,US-46,Columbia,NJ,40.925868,-75.094062,3.079000,3.079000,3.079000,1
52674,FLYING J TRAVEL PLAZA #738,"I-20/FM707, EXIT 277",Tye,TX,32.452218,-99.866537,3.124000,3.124000,3.124000,1
52675,PILOT TRAVEL CENTER #907- TOWN PUMP,"I-94, EXIT 138",Miles City,MT,46.405823,-105.838944,3.499000,3.499000,3.499000,1
52676,PILOT TRAVEL CENTERS #336,"I-80, EXIT 97 & US-219",Du Bois,PA,41.119228,-78.760030,4.034000,4.034000,4.034000,1
52678,STRIPES 7FLEET #42433,US-277,Bronte,TX,31.886052,-100.295123,3.474000,3.474000,3.474000,1
52679,LOVES TRAVEL STOP #404,"I-295, EXIT 56 & I-95, EXIT 7",Bordentown,NJ,40.149693,-74.707679,3.979000,3.979000,3.979000,1
52680,PILOT TRAVEL CENTERS #91,"I-95, EXIT 329",Saint Johns,FL,29.952077,-81.517952,3.461500,3.424000,3.499000,2
52683,PILOT TRAVEL CENTERS #145,"I-40/US-71/US-62, EXIT 72 AND US-412",Springdale,AR,36.191438,-94.155062,3.461000,3.459000,3.463000,2
52684,KWIK STAR #348,US-30/US-67,Clinton,IA,41.842365,-90.242816,3.624000,3.624000,3.624000,1
52685,LOVES TRAVEL STOP #275,"I-40/US-63, EXIT 233 & SR-261",Palestine,AR,34.970307,-90.908225,3.315667,3.315667,3.315667,1
52686,LOVES TRAVEL STOP #278,"I-40, EXIT 277",Joseph City,AZ,34.963693,-110.329039,3.607333,3.607333,3.607333,1
52687,LOVES TRAVEL STOP #286,"I-10, EXIT 17",Quartzsite,AZ,33.667507,-114.217041,3.949000,3.949000,3.949000,1
52690,LOVES TRAVEL STOP #415,"I-95 & OKEECHOBEE RD, EXIT 129",Fort Pierce,FL,27.426112,-80.342488,3.505667,3.505667,3.505667,1
52691,PILOT TRAVEL CENTERS #312,"I-20/SR-402, EXIT 5 & SR-100",Tallapoosa,GA,33.736656,-85.287358,3.419000,3.389000,3.449000,2
52692,PILOT TRAVEL CENTERS #249,"I-70/I-55, EXIT 18 & SR-162",Troy,IL,38.739674,-89.882544,3.495667,3.379000,3.699000,6
52697,FLYING J TRAVEL PLAZA #747,"I-15, EXIT 261",Springville,UT,40.164273,-111.619525,3.765667,3.765667,3.765667,1
60084,SUNSTOP #625,US-84,Ashford,AL,31.185284,-85.236236,3.599000,3.599000,3.599000,1
60106,SUNSTOP #619,US-84,Daleville,AL,31.291534,-85.711711,3.399000,3.399000,3.399000,1
60114,SUNSTOP #606,US-84/SR-167,Enterprise,AL,31.326898,-85.844021,3.699000,3.699000,3.699000,1
60136,HOBO PANTRY #18,US-431,Headland,AL,31.354974,-85.357031,3.599000,3.599000,3.599000,1
60145,OCS QUICK STOP,US-43/SR-13,Mount Vernon,AL,31.087727,-88.013166,3.699000,3.699000,3.699000,1
60147,HOP-IN FOOD STORES,US-82 & SR-22,Maplesville,AL,32.784391,-86.879694,3.399000,3.399000,3.399000,1
60191,PILOT TRAVEL CENTER #1180,"I-10, EXIT 94",Tonopah,AZ,33.487986,-112.930811,3.899000,3.899000,3.899000,2
60206,TA EXPRESS #649,"I-25, EXIT 52",Walsenburg,CO,37.630598,-104.781719,4.259000,4.259000,4.259000,1
60208,BERKSHIRE PETROLEUM,"I-91, EXIT 9",North Haven,CT,41.381465,-72.856371,3.549000,3.549000,3.549000,1
60220,ZELLWOOD TRUCK STOP,US-441,Zellwood,FL,28.721898,-81.573234,3.499000,3.499000,3.499000,1
60224,SUNSTOP #419,US-19,Camilla,GA,31.234057,-84.209563,3.499000,3.499000,3.499000,1
60226,CIRCLE K #2723903,US-82 & SR-520,Dawson,GA,31.771864,-84.443499,3.499000,3.499000,3.499000,1
60229,96 TRAVEL PLAZA,"I-16, EXIT 24",Jeffersonville,GA,32.686289,-83.342676,3.399000,3.399000,3.399000,1
60230,CIRCLE K #2745152,US-19,Pelham,GA,31.126639,-84.151459,3.499000,3.499000,3.499000,1
60242,KWIK STAR #711,US-18/US-52,Monona,IA,43.049843,-91.391056,3.624000,3.624000,3.624000,1
60243,PETRO MART,"I-29, EXIT 112",Onawa,IA,42.026476,-96.090917,3.157333,3.157333,3.157333,1
60245,STINKER #74,"I-84, EXIT 137",Bliss,ID,42.924284,-114.947516,3.634000,3.634000,3.634000,1
60248,METRO,"I-95, EXIT 12",Avenel,NJ,40.584334,-74.271626,3.299000,3.299000,3.299000,1
60250,ELIZABETH TRUCK STOP,"I-95, EXIT 13A & SR-81",Elizabethport,NJ,40.650103,-74.187089,3.399000,3.399000,3.399000,1
60255,HUCKS FOOD & FUEL #186,US-51/CR-1450 & US-136,Heyworth,IL,40.314356,-88.992276,3.514000,3.479000,3.549000,2
60256,BOLLA MARKET,"I-84, EXIT 1",Montague,NJ,41.280958,-74.730511,3.519000,3.519000,3.519000,1
60270,CHUCKLES #27,SR-57,Washington,IN,38.658226,-87.160361,3.339000,3.339000,3.339000,1
60273,24-7,"I-70, EXIT 53 & SR-25",Colby,KS,39.384668,-101.045129,3.055667,3.055667,3.055667,1
60280,JUMP START #9,"I-35, EXIT 4",South Haven,KS,37.049495,-97.401264,3.069000,3.069000,3.069000,1
60282,CRVS #7,SR-96 & SR-27,Tribune,KS,38.472037,-101.754525,3.399000,3.399000,3.399000,1
60294,LITTLE CAPITOL EXXON,"I-10, EXIT 115",Breaux Bridge,LA,30.283099,-91.905919,3.899000,3.899000,3.899000,1
60295,EXIT 80 TRAVEL PLAZA,"I-10, EXIT 80",Crowley,LA,30.217897,-92.374840,3.109000,3.109000,3.109000,1
60298,BEAU CHENE TRUCK STOP,"I-49, EXIT 11",Grand Coteau,LA,30.420237,-92.043790,3.399000,3.399000,3.399000,1
60313,WHITE MARSH TRUCK STOP,US-40,White Marsh,MD,39.381546,-76.458420,3.369000,3.369000,3.369000,1
60316,CIRCLE K #4707001,"I-95, EXIT 264 & SR-158",Sherman,ME,45.890013,-68.359345,3.932333,3.932333,3.932333,1
60324,FUEL MART OF AMERICA,"I-75, EXIT 59",Detroit,MI,42.383037,-83.102237,3.499000,3.499000,3.499000,1
60326,SUNRISE CONVENIENCE STORE #29,"I-69, EXIT 184",Memphis,MI,42.895234,-82.768258,3.529000,3.499000,3.559000,2
60328,SPEEDWAY #8748,"I-69, EXIT 6",Flint,MI,43.024420,-83.691971,3.339000,3.339000,3.339000,1
60329,CHARLIES COUNTRY CORNER,"I-75, EXIT 271",Grayling,MI,44.657960,-84.711067,3.849000,3.799000,3.899000,2
60333,LAKESHORE BP,US-2,Manistique,MI,45.959744,-86.250953,3.499000,3.499000,3.499000,1
60341,SNAPPY FOOD MART,ST 60,Tekonsha,MI,42.097365,-84.991924,3.589000,3.589000,3.589000,1
60342,True North #254,US-31 & SR-37,Traverse City,MI,44.754309,-85.603011,3.759000,3.729000,3.789000,2
60344,DORR TRUCK STOP,"US-131, EXIT 68",Wayland,MI,42.673081,-85.641727,3.499000,3.499000,3.499000,1
60347,KWIK TRIP #875,"I-90, EXIT 157, BRIDGE ST ENTRANCE",Albert Lea,MN,43.654293,-93.364148,3.324000,3.324000,3.324000,1
60358,PETRO SERVE USA #54,US-10,Glyndon,MN,46.870987,-96.578411,3.449000,3.449000,3.449000,1
60372,FLYING W CONVENIENCE STORE,SR-96,Carthage,MO,37.150605,-94.327868,3.199000,3.199000,3.199000,1
60373,FLYING J #571,"I-57, EXIT 12 & US-60",Charleston,MO,36.916934,-89.333912,3.559000,3.559000,3.559000,1
60374,PILOT TRAVEL CENTERS #385,US-54 & SR-13,Collins,MO,37.889607,-93.621824,3.495667,3.495667,3.495667,1
60379,FAST LANE #50,US-54/SR-19,Laddonia,MO,39.242798,-91.642566,3.157333,3.157333,3.157333,1
60380,AMOCO,US-63/US-136,Lancaster,MO,40.526323,-92.531732,3.249000,3.249000,3.249000,1
60382,WINDSTARS #5101,"I-435, EXIT 57",Kansas City,MO,39.122361,-94.555117,3.099000,3.099000,3.099000,1
60383,CASEYS #4399,"I-70, EXIT 175",New Florence,MO,38.908466,-91.454789,2.949000,2.949000,2.949000,1
60392,Kangaroo Crossing #1107,"I-20, EXIT 68 & SR-43",Pelahatchie,MS,32.320903,-89.807951,3.199000,3.199000,3.199000,1
60398,TOWN PUMP FOOD STORE #610,"I-90, EXIT 333",Livingston,MT,45.665503,-110.555884,3.644000,3.644000,3.644000,1
60400,CAN AM C STORE,SR-16,Plentywood,MT,48.776020,-104.557296,3.499000,3.499000,3.499000,1
60416,MINUTEMAN FOOD MART #20,US-74 & US-76,Whiteville,NC,34.330483,-78.701428,3.460667,3.460667,3.460667,1
60420,PUMP & PANTRY #35,US-183,Alma,NE,40.103565,-99.365693,3.459000,3.459000,3.459000,1
60426,BONS BONS MOBIL,US-3,Merrimack,NH,42.852034,-71.519876,3.699000,3.699000,3.699000,1
60434,ENRITE,US-9,Linden,NJ,40.627337,-74.236310,3.342333,3.342333,3.342333,1
60442,Circle K #4706716,SR-71 & SR-47,Yorkville,IL,41.661736,-88.428596,3.632333,3.499000,3.799000,3
60460,HAHN OIL,US-36,Coshocton,OH,40.261752,-81.847292,3.299000,3.299000,3.299000,1
60461,TRUE NORTH #704,"I-75, EXIT 56A",Dayton,OH,39.784743,-84.199632,3.799000,3.799000,3.799000,1
60463,Anna Truck Stop,"I-75, EXIT 99",Anna,OH,40.395364,-84.175659,3.015667,3.015667,3.015667,1
60465,MOTOMART #4129,ST 309,Marion,OH,40.596746,-83.123185,3.342333,3.342333,3.342333,1
60471,FUEL MART #701,"I-480/I-271, EXIT 23 & SR-8",Bedford,OH,41.392123,-81.534680,3.529000,3.529000,3.529000,1
60473,BELL STORES #50,ST 3,Wooster,OH,40.817030,-81.931529,3.599000,3.599000,3.599000,1
60476,PETES #11,US-75,Dewey,OK,36.790402,-95.933712,3.154000,3.154000,3.154000,1
60508,FEGLEY VALERO,SR-309,Tamaqua,PA,40.804055,-75.926617,3.599000,3.599000,3.599000,1
60513,CIRCLE K #2723873,US-17,Georgetown,SC,33.372432,-79.280793,2.899000,2.899000,2.899000,1
60515,FLASH MARKET #302,SR-9 & SR-151,Pageland,SC,34.770117,-80.385705,3.385667,3.385667,3.385667,1
60516,ENMARKET #892,"I-95, EXIT 150",Harleyville,SC,33.213065,-80.447784,3.399000,3.399000,3.399000,1
60519,CORNER PANTRY #25,US-14,Huron,SD,44.362341,-98.209571,3.079000,3.079000,3.079000,1
60538,TEXACO #380031,ST 21W,Bryan,TX,30.666016,-96.381049,3.399000,3.399000,3.399000,1
60539,SHELL,US-96 & SR-62/FM-1004,Buna,TX,30.442708,-93.960657,3.102333,3.102333,3.102333,1
60540,CIRCLE K #2706340,"I-20, EXIT 533",Canton,TX,32.554245,-95.863534,2.775667,2.775667,2.775667,1
60551,CIRCLE K #2744522,"I-30, EXIT 201  I-30 & SR-8",New Boston,TX,33.461110,-94.419096,2.942333,2.942333,2.942333,1
60554,CEFCO #2070,"I-27, EXIT 49",Plainview,TX,34.191119,-101.723501,2.832333,2.832333,2.832333,1
60565,CEFCO #2006,"I-40, EXIT 163",Shamrock,TX,35.215401,-100.246085,3.099000,3.099000,3.099000,1
60579,SPEEDWAY #4633,US-220/US-221/US-460,Roanoke,VA,37.278458,-79.958174,3.399000,3.399000,3.399000,1
60587,BJS AUTO TRUCK PLAZA,SR-28,Rock Island,WA,47.373167,-120.142076,4.049000,3.999000,4.099000,2
60589,RIVER COUNTRY PLAZA,"SR-29, EXIT 91",Cadott,WI,44.949802,-91.153760,3.397333,3.397333,3.397333,1
60590,DARLINGTON MINI MART,SR-23 & SR-81,Darlington,WI,42.676562,-90.120056,3.399000,3.399000,3.399000,1
60601,HOLIDAY STATIONSTORE #2746229,US-53/US-2,Superior,WI,46.692119,-92.080356,3.339000,3.339000,3.339000,1
60635,EXXON ON THE RUN,US-62/US-412 & SR-126,Gassville,AR,36.284949,-92.486830,3.695000,3.695000,3.695000,1
60650,SHELL DBA ONE9 #1244,"I-8, EXIT 115",Gila Bend,AZ,32.966242,-112.715465,3.309000,3.259000,3.359000,2
60700,PWI #502,"I-70/US-40, EXIT 259",Golden,CO,39.742483,-105.210561,3.199000,3.199000,3.199000,1
60707,REATA TRAVEL STOP,"I-76, EXIT 125",Sterling,CO,40.620487,-103.192582,3.399000,3.399000,3.399000,1
60708,CRVS STORE #6,US-385,Wray,CO,40.079953,-102.228622,3.449000,3.449000,3.449000,1
60762,BP,US-1 & US-341,Baxley,GA,31.764753,-82.349254,3.599000,3.599000,3.599000,1
60768,GAS N GO FOOD STORE,"I-75, EXIT 290/US-41",Cartersville,GA,34.164579,-84.801704,2.942333,2.942333,2.942333,1
60773,NEIGHBORS EXPRESS,US-341/SR-27 & US-129 ALT/SR-340,Hawkinsville,GA,32.301182,-83.478856,3.399000,3.399000,3.399000,1
60779,Marathon,US-129,Eatonton,GA,33.325821,-83.388862,3.399000,3.399000,3.399000,1
60781,JP PERRY,"I-75, EXIT 138",Perry,GA,32.472008,-83.726245,3.082333,3.082333,3.082333,1
60783,CIRCLE K #2723324,US-441/US-23/SR-15 & SR-17A/SR-385,Clarkesville,GA,34.609289,-83.527470,3.439000,3.439000,3.439000,1
60787,MARATHON,"I-20, EXIT 11",Lithia Springs,GA,33.782487,-84.648488,2.872333,2.872333,2.872333,1
60788,SPRINT FOODS #722,US-1/SR-4/SR-17 & SR-24,Louisville,GA,32.992865,-82.397188,4.099000,4.099000,4.099000,1
60791,MARATHON #9,"I-475, EXIT 1",Macon,GA,32.808845,-83.694194,3.039000,3.039000,3.039000,1
60795,CIRCLE K #2745080,US-319/US-129/SR-90/SR-11,Ocilla,GA,31.598633,-83.249809,3.625667,3.625667,3.625667,1
60797,EVANS FOOD MART,SR-20,Rome,GA,34.266133,-85.186052,3.699000,3.699000,3.699000,1
60804,JET FOOD STORE #4,US-1 & SR-78,Wadley,GA,32.864790,-82.402802,3.415667,3.415667,3.415667,1
60807,BATAVIA GARDENS AND GAS,"US-34, EXIT 203",Batavia,IA,40.994954,-92.167346,3.379000,3.379000,3.379000,1
60817,KWIK STAR #712,US-218 & SR-27,Janesville,IA,42.645805,-92.462397,3.599000,3.599000,3.599000,1
60822,CASEYS #3639,US-18/US-52,Postville,IA,43.084157,-91.567690,3.599000,3.599000,3.599000,1
60829,BARRY TRAVEL PLAZA,"I-72, EXIT 20",Barry,IL,39.698310,-91.039918,3.599000,3.599000,3.599000,1
60833,SPEEDWAY #5400,CR-11 & CR-23,Bloomingdale,IL,41.951525,-88.089118,3.759000,3.759000,3.759000,1
60834,SPEEDWAY #7422,SR-43,Burbank,IL,41.744420,-87.768505,3.619000,3.619000,3.619000,1
60839,FREEDOM OIL #18,"I-74, EXIT 82",Edwards,IL,40.745870,-89.744270,3.599000,3.399000,3.899000,3
60846,EXPRESS LANE #50,"I-88, EXIT 10",Hillsdale,IL,41.606929,-90.172822,3.832333,3.699000,3.999000,3
60851,SPEEDWAY #7382,I-355 & SR-64,Lombard,IL,41.873844,-88.015491,3.299000,3.249000,3.349000,3
60857,RED ROOSTER TERMINAL,US-50/SR-250 & SR-130,Olney,IL,38.728108,-88.084219,3.295667,3.189000,3.399000,6
60865,Truckquest,"I-55, EXIT 286",Cicero,IL,41.844537,-87.759290,3.624000,3.599000,3.649000,2
60871,WENONA BP,"I-39/US-51, EXIT 35 & SR-17",Wenona,IL,41.048655,-89.052258,3.499000,3.499000,3.499000,1
60881,GAS AND STUFF,"I-64, EXIT 118",Georgetown,IN,38.298796,-85.963055,3.799000,3.799000,3.799000,1
60882,SPEEDWAY #6666,US-33,Goshen,IN,41.573884,-85.829986,3.815667,3.815667,3.815667,1
60887,STERNBERG CITGO TRUCK STOP,"I-64, EXIT 57",Jasper,IN,38.393152,-86.940575,3.759000,3.759000,3.759000,1
60890,JACK FLASH,I-57 EXIT 135,Farina,IL,38.829766,-88.780930,3.149000,3.099000,3.199000,2
60900,7-ELEVEN #40504,"I-80/I=90, MM 56 EB",Rolling Prairie,IN,41.674467,-86.619898,3.999000,3.999000,3.999000,1
60902,SPEEDWAY #6674,"I-80/I-90, EXIT 72 & SR-31",South Bend,IN,41.676643,-86.268809,3.690667,3.690667,3.690667,1
60913,J Mart #1,"HWY 50 E, HWY 83 N",Garden City,KS,37.975022,-100.850870,3.529000,3.529000,3.529000,1
60926,CENEX,US-36 & US-83,Oberlin,KS,39.823040,-100.530737,3.159000,3.159000,3.159000,1
60958,NORTH WEST TRUCK STOP,US-90 & SR-3211,Franklin,LA,29.784946,-91.509567,3.399000,3.399000,3.399000,1
60979,TOBACCO PLUS #5,"I-10, EXIT 4 & US-90",Vinton,LA,30.195435,-93.582246,2.999000,2.999000,2.999000,1
60988,GULF OIL LP #5020,"I-90, MM291",Blandford,MA,42.175006,-72.923862,3.914000,3.914000,3.914000,1
60989,Blandford Service Plaza Westbound,"I-90, EXIT MM29",Blandford,MA,42.175006,-72.923862,3.919000,3.919000,3.919000,1
60993,GULF #5165,"I-90, EXIT 12",Framingham,MA,42.307905,-71.436196,4.065667,4.065667,4.065667,1
60997,GULF OIL #5035,I-90 MM 66.7,Ludlow,MA,42.183577,-72.457812,3.914000,3.914000,3.914000,1
60998,GULF OIL #5030,"I-90, EXIT 7",Ludlow,MA,42.183577,-72.457812,3.909000,3.909000,3.909000,1
61004,Applegreen,SR-15,Sturbridge,MA,42.097106,-72.054995,3.999000,3.999000,3.999000,1
61006,GULF OIL LP #5155,"I-90, EXIT 11",Westborough,MA,42.267441,-71.617492,3.909000,3.909000,3.909000,1
61019,MARDELA GOOSE CREEK FOOD STORE,US-50,Mardela Springs,MD,38.459517,-75.757123,3.979000,3.979000,3.979000,1
61021,WESTOVER GOOSE CREEK,US-13 & SR-673,Westover,MD,38.124011,-75.706317,3.259000,3.259000,3.259000,1
61028,MARATHON,"US-10, EXIT 137",Bay City,MI,43.590062,-83.888421,3.229000,3.199000,3.259000,2
61030,HAGGERTY JOY MOBIL,I-275,Canton,MI,42.307541,-83.485775,3.699000,3.699000,3.699000,1
61032,MARATHON,US-10/US-127,Clare,MI,43.826006,-84.761755,3.294000,3.289000,3.299000,2
61034,MOTOR CITY TRUCK STOP,"I-75, EXIT 43",Detroit,MI,42.383037,-83.102237,3.499000,3.499000,3.499000,1
61037,HEARTLAND MOBIL,US-23,Fenton,MI,42.800606,-83.717708,3.849000,3.849000,3.849000,1
61038,SPEEDWAY #8753,"I-475, EXIT 4",Burton,MI,43.000745,-83.618151,3.259000,3.089000,3.399000,4
61042,CITGO,"US-131, EXIT 44",Kalamazoo,MI,42.275163,-85.588501,3.499000,3.499000,3.499000,1
61057,CIRCLE K #2746537,US-2 & US-41,Rapid River,MI,45.926394,-86.974284,3.416500,3.319000,3.499000,4
61063,PS Food Mart,I-69 EXIT 25,Tekonsha,MI,42.097365,-84.991924,3.554000,3.519000,3.589000,2
61076,Holiday StationStore #2746408,"I-35, EXIT 129",Forest Lake,MN,45.250831,-92.966920,3.399000,3.399000,3.399000,1
61080,CO-OP SERVICE,US-10 & CR-67,New York Mills,MN,46.519630,-95.372780,3.499000,3.499000,3.499000,1
61090,Northdale Oil,US-59 & SR-1,Thief River Falls,MN,48.111241,-96.177562,3.239000,3.239000,3.239000,1
61093,CIRCLE K #2746501,"I-90, EXIT 45 & SR-60",Worthington,MN,43.628733,-95.599702,3.142333,3.142333,3.142333,1
61099,LOVES TRAVEL STOP #488,"I-55, EXIT 157 & SR-32",Bloomsdale,MO,38.014442,-90.220352,3.382333,3.382333,3.382333,1
61102,FAST LANE #54,US-63,Columbia,MO,38.947290,-92.326387,3.207333,3.207333,3.207333,1
61106,TEMP STOP #102,US-54 & SR-52,Eldon,MO,38.351151,-92.576678,3.199000,3.199000,3.199000,1
61110,HB OF RANDOLPH,"I-435, EXIT 55B & SR-210",Kansas City,MO,39.122361,-94.555117,3.149000,3.149000,3.149000,1
61111,Caseys #4540,"I-35, EXIT 40 & SR-116",Lathrop,MO,39.561848,-94.319853,3.075667,3.075667,3.075667,1
61115,BREAK TIME #3071,US-24 & US-63,Moberly,MO,39.418112,-92.436544,3.469000,3.469000,3.469000,1
61118,MIDWEST PETROLEUM #21,"I-55, EXIT 129",Perryville,MO,37.726330,-89.876493,2.990667,2.990667,2.990667,1
61145,TEXACO,US-49 & US-98,Hattiesburg,MS,31.307305,-89.317434,3.199000,3.199000,3.199000,1
61146,STUCKEYS EXPRESS #619,"I-59, EXIT 113 & SR-528",Heidelberg,MS,31.890513,-88.990218,3.499000,3.499000,3.499000,1
61149,CEFCO #501,US-45,Lauderdale,MS,32.510394,-88.526366,2.899000,2.899000,2.899000,1
61168,Blue Sky #717,US-72 & SR-15,Walnut,MS,34.949671,-88.924455,3.099000,3.099000,3.099000,1
61171,CHEVRON CURB STORE,US-49 & SR-26,Wiggins,MS,30.856048,-89.138981,3.499000,3.499000,3.499000,1
61176,TOWN PUMP FOOD STORE #8947,US-2,Chinook,MT,48.590128,-109.231820,3.629000,3.629000,3.629000,1
61182,TOWN PUMP FOOD STORE #3000,US-87,Lewistown,MT,47.051380,-109.452399,3.599000,3.599000,3.599000,1
61193,SPEEDWAY #8502,"I-75, EXIT 161 & CR-99",Findlay,OH,41.047364,-83.638093,3.299000,3.299000,3.299000,1
61195,MINUTEMAN FOOD MART #06,SR-24,Clinton,NC,35.000430,-78.331540,3.649000,3.649000,3.649000,1
61205,SPEEDWAY #6961,"I-40, EXIT 303",Garner,NC,35.693552,-78.614929,2.920667,2.920667,2.920667,1
61210,SHEETZ #548,US-29,Greensboro,NC,36.094850,-79.823624,2.859000,2.859000,2.859000,1
61254,7-ELEVEN #36075,"I-77, EXIT 65 & SR-901",Union Grove,NC,36.008677,-80.854370,2.859000,2.859000,2.859000,1
61266,CENEX CONVENIENCE STORE,US-2 & SR-19,Devils Lake,ND,48.112578,-98.874762,3.249000,3.249000,3.249000,1
61269,FLYING J #489,"I-29, EXIT 138",Grand Forks,ND,47.919595,-97.087328,3.615667,3.615667,3.615667,1
61271,MARATHON,"I-94, EXIT 292",Valley City,ND,46.922573,-98.004137,3.499000,3.499000,3.499000,1
61291,FLEMING OIL FOOD MART,ST 9,West Chesterfield,NH,42.904248,-72.515645,3.899000,3.899000,3.899000,1
61292,ENRITE,"I-95, EXIT 14A",Jersey City,NJ,40.711417,-74.064760,3.349000,3.349000,3.349000,1
61301,SUNOCO- WALT WHITMAN PLAZA #7007,"NJTP,MILE POST 30",Cherry Hill,NJ,39.904611,-74.997000,3.899000,3.899000,3.899000,1
61304,A Plus MOLLY PITCHER PLAZA #7011,MILE POST 71.7 NJ TURNPIKE SO,Cranbury,NJ,40.313450,-74.520233,3.909000,3.909000,3.909000,1
61305,BP,US-130,Cranbury,NJ,40.313450,-74.520233,3.145667,3.145667,3.145667,1
61308,CARLSTADT VALERO,SR-120,Carlstadt,NJ,40.826431,-74.062335,3.199000,3.199000,3.199000,1
61312,BLUE STAR,US-202 & SR-31,Flemington,NJ,40.508641,-74.859869,3.399000,3.399000,3.399000,1
61326,SUNOCO JAMES F COOPER PLAZA- #7008,MILEPOST 39 NJ TURNPIKE N,Mount Laurel,NJ,39.948992,-74.900247,3.959000,3.959000,3.959000,1
61328,KW RASTALL OIL,US-130,North Brunswick,NJ,40.450392,-74.479416,3.199000,3.199000,3.199000,1
61333,46 GAS AND TRUCK STOP,US-46,Palisades Park,NJ,40.847017,-73.997061,3.235667,3.235667,3.235667,1
61337,SUNOCO- JOHN FENWICK PLAZA #7006,"NJTP, MM 5",Penns Grove,NJ,39.727704,-75.469035,3.909000,3.909000,3.909000,1
61339,FUEL ONE,"I-78, EXIT 3 & US-22",Phillipsburg,NJ,40.691974,-75.179006,3.359000,3.359000,3.359000,1
61346,SUNOCO- ALEXANDER HAMILTON PLAZA #7016,NEW JERSEY TURNPIKE SOUTH MILEPOST 111.6,Secaucus,NJ,40.781958,-74.067649,3.899000,3.899000,3.899000,1
61357,KENT KWIK #501,US-70 & US-54,Alamogordo,NM,32.883619,-105.963607,2.982333,2.982333,2.982333,1
61364,HUNTINGTON BROADWAY CONOCO,US-64 BUS,Farmington,NM,36.753833,-108.180530,3.799000,3.799000,3.799000,1
61409,104 STORE,SR-370/SR-104,Red Creek,NY,43.247903,-76.722852,3.799000,3.799000,3.799000,1
61410,KWIK FILL #58,ST 15,Rochester,NY,43.169927,-77.616891,3.984000,3.969000,3.999000,2
61421,7-ELEVEN #40294,"I-80 WB, EXIT 139",Amherst,OH,41.405329,-82.231725,3.532333,3.532333,3.532333,1
61430,7-ELEVEN #40303,"I-90, EXIT 7",Clyde,OH,41.303585,-82.979425,3.662333,3.662333,3.662333,1
61431,7-ELEVEN #40304,"I-90, EXIT 7",Clyde,OH,41.303585,-82.979425,3.662333,3.662333,3.662333,1
61439,7-ELEVEN #40302,"I-75, EXIT 157",Genoa,OH,41.521005,-83.362043,3.662333,3.662333,3.662333,1
61449,7-ELEVEN #40297,"I-80, EXIT 13A",Mantua,OH,41.281952,-81.222399,3.532333,3.532333,3.532333,1
61450,7-ELEVEN #40298,I-80,Mantua,OH,41.281952,-81.222399,3.532333,3.532333,3.532333,1
61453,CITGO,"I-475, EXIT 6",Maumee,OH,41.571125,-83.666250,3.499000,3.499000,3.499000,1
61458,7-ELEVEN #40299,OHIO TNPK MM 237 & SR-26,New Springfield,OH,40.917919,-80.600673,3.532333,3.532333,3.532333,1
61459,7-ELEVEN #40300,"I-76, EXIT 157",New Springfield,OH,40.917919,-80.600673,3.532333,3.532333,3.532333,1
61461,S&G,"I-280, EXIT 7",Oregon,OH,41.655956,-83.438325,3.599000,3.599000,3.599000,1
61477,CHOCTAW NATION GRANT #633,US-271,Grant,OK,33.936486,-95.517868,2.999000,2.999000,2.999000,1
61483,CM SILVER DOLLAR,"I-220, EXIT 7",Shreveport,LA,32.466879,-93.792193,3.299000,3.299000,3.299000,1
61492,SPRINGER TRAVEL PLAZA,I-35 EXIT 40,Springer,OK,34.295620,-97.117450,2.915667,2.915667,2.915667,1
61508,7-ELEVEN #40275,"I-70 & I-76 NB, MM 147",Bedford,PA,40.015115,-78.503017,4.199000,4.199000,4.199000,1
61509,7-ELEVEN #40275,"I-70/I-76 SB, MM 147",Bedford,PA,40.015115,-78.503017,4.199000,4.199000,4.199000,1
61511,MIDWAY FUEL AND TRUCK WASH,"I-78/US-22, EXIT 16",Bethel,PA,40.476483,-76.287970,3.364000,3.364000,3.364000,1
61515,Carlisle Fuel Stop,"I-81, EXIT 52",Carlisle,PA,40.199994,-77.204149,3.359000,3.359000,3.359000,1
61540,S&P Oil,US-13,Levittown,PA,40.152343,-74.852340,3.815667,3.815667,3.815667,1
61559,7-ELEVEN #40273,34 MILE WEST OF EXIT 11/146,Somerset,PA,40.005030,-79.077855,4.207333,4.207333,4.207333,1
61560,7-ELEVEN #40272,"I-70 & 76, EXIT 10",Somerset,PA,40.005030,-79.077855,4.207333,4.207333,4.207333,1
61567,7-ELEVEN #35774,"I-76, EXIT 5/48",Verona,PA,40.505672,-79.841947,4.207333,4.207333,4.207333,1
61569,KWIK FILL #295,US-6 BUS,Warren,PA,41.842916,-79.143865,4.699000,4.699000,4.699000,1
61570,7-ELEVEN #40276,"I-76, EXIT 12/161 & SR-655",Waterfall,PA,40.127583,-78.062782,4.199000,4.199000,4.199000,1
61571,7-ELEVEN #40280,MILE MARKER 55 NE EXT PENN TPKE,Allentown,PA,40.593648,-75.478393,3.589000,3.589000,3.589000,1
61594,SPINX #138 (DISCOUNT AVAILABLE),"I-85, EXIT 44",Greenville,SC,34.836902,-82.362997,3.042333,3.042333,3.042333,1
61595,CORNER MART 3338,"I-85, EXIT 44",Greenville,SC,34.836902,-82.362997,2.907000,2.907000,2.907000,1
61596,HOT SPOT #2009,US-25/US-178 & SR-225,Greenwood,SC,34.195409,-82.153666,2.939000,2.939000,2.939000,1
61597,SPINX #121,"I-85, EXIT 56",Greer,SC,34.933286,-82.230803,3.165667,3.165667,3.165667,1
61598,Shell,SR-41,Hemingway,SC,33.753319,-79.446261,3.199000,3.199000,3.199000,1
61599,HOT SPOT #2013,"I-26, EXIT 10",Inman,SC,35.045786,-82.088485,3.149000,3.149000,3.149000,1
61605,HOT SPOT #2028,US-76/US-301,Marion,SC,34.178658,-79.395659,2.999000,2.999000,2.999000,1
61616,PILOT #4578,"I-77, EXIT 48 & SC-200",Winnsboro,SC,34.370204,-81.090612,3.409000,3.409000,3.409000,1
61621,CUBBYS #401,"I-90 , EXIT 332 & SR-37",Mitchell,SD,43.727072,-98.042192,3.149000,3.149000,3.149000,1
61625,PRARIE STOP,US-212 & SR-20,Watertown,SD,44.909188,-97.155685,3.279000,3.279000,3.279000,1
61633,ECO TRAVEL PLAZA,"I-40, EXIT 320 & SR-298",Crossville,TN,35.953422,-85.030249,3.025667,3.025667,3.025667,1
61642,PILOT TRAVEL CENTERS #252,"I-35, EXIT 26",Kearney,MO,39.355111,-94.358580,3.699000,3.699000,3.699000,1
61646,SHELL,"I-40, EXIT 35 & SR-59",Mason,TN,35.412826,-89.541212,3.549000,3.549000,3.549000,1
61651,LEES FOOD MART #123,"I-81, EXIT 23 AT MILE 23",Bulls Gap,TN,36.261636,-83.078843,3.259000,3.259000,3.259000,1
61654,MAJOR MARKETS #276,US-51/SR-3,Ripley,TN,35.746081,-89.534107,3.799000,3.799000,3.799000,1
61656,PHILLIPS 66,US-51,Union City,TN,36.427088,-89.047720,3.382333,3.382333,3.382333,1
61660,MARATHON,"I-40, EXIT 108",Wildersville,TN,35.776654,-88.356143,3.099000,3.099000,3.099000,1
61684,WOODYS FOOD MART,"I-45 & SR-7, EXIT 164",Centerville,TX,31.258315,-95.979399,2.845667,2.845667,2.845667,1
61730,STRIPES 7FLEET #42430,"I-20, EXIT 131",Midland,TX,32.024642,-102.113467,3.569000,3.569000,3.569000,1
61747,TEX-BEST #504,"I-35, EXIT 141",Von Ormy,TX,29.277391,-98.657373,3.157333,3.157333,3.157333,1
61751,ALLSUPS CONVENIENCE STORE #2264,SR-214,Seminole,TX,32.722204,-102.649814,3.094000,3.094000,3.094000,1
61761,ALLSUPS CONVENIENCE STORE #2304,"I-40, EXIT 36 & US-385",Vega,TX,35.245302,-102.429247,2.999000,2.999000,2.999000,1
61763,ALLSUPS CONVENIENCE STORE #2283,"I-20, EXIT 73",Wickett,TX,31.567325,-103.005948,2.899000,2.899000,2.899000,1
61787,DUCK THRU FOOD STORE #5,US-258,Franklin,VA,36.684014,-76.941396,3.499000,3.499000,3.499000,1
61796,EXXON,US-220,Martinsville,VA,36.683527,-79.863647,3.375000,3.375000,3.375000,1
61799,CIRCLE K #2723712,"I-77, EXIT 52 & US-52/SR-42",Bland,VA,37.099492,-81.115765,3.375667,3.375667,3.375667,1
61804,CARTERS ONE STOP,"I-95 & SR-301, EXIT 31 & SR-40",Stony Creek,VA,36.948010,-77.400067,2.959000,2.959000,2.959000,1
61806,LANKFORD TRUCK PLAZA,US-13 & CR-646,Townsend,VA,37.184585,-75.958264,3.399000,3.399000,3.399000,1
61819,CHEVRON,"I-5, EXIT 36",Longview,WA,46.145707,-122.964299,4.499000,4.499000,4.499000,1
61830,APPLETON TRAVEL PLAZA,SR-96,Appleton,WI,44.278873,-88.388284,3.405667,3.405667,3.405667,1
61832,BARRON FARMERS UNION,"US-8, EXIT 53",Barron,WI,45.402192,-91.844350,3.639000,3.639000,3.639000,1
61835,BRISTOL BP,"I-94, EXIT 345 & US-45",Bristol,WI,42.532323,-88.009098,3.719000,3.719000,3.719000,1
61843,KWIK TRIP #332,SR-33,Horicon,WI,43.445001,-88.640328,3.215667,3.215667,3.215667,1
61849,KWIK TRIP #306,"I-94, EXIT 259 & SR-89",Lake Mills,WI,43.077639,-88.906411,3.432333,3.432333,3.432333,1
61862,KWIK TRIP #781,SR-21,Redgranite,WI,44.053283,-89.115869,3.352333,3.352333,3.352333,1
61867,KWIK TRIP #318,SR-27 & SR-16/SR-71,Sparta,WI,43.938249,-90.812705,3.342333,3.342333,3.342333,1
61877,CASEYS #3715,SR-59,Whitewater,WI,42.837439,-88.734282,3.299000,3.299000,3.299000,1
61879,KWIK TRIP #347,SR-13,Wisconsin Rapids,WI,44.392923,-89.826749,3.312333,3.312333,3.312333,1
61880,KWIK TRIP #310,SR-13/SR-73,Wisconsin Rapids,WI,44.392923,-89.826749,3.262333,3.262333,3.262333,1
61968,FLYING J TRAVEL PLAZA #701,"I-35, EXIT 33",Ardmore,OK,34.196507,-97.131848,3.659000,3.659000,3.659000,1
62008,LOVES TRAVEL STOP #366,"I-81, EXIT 90",Jonestown,PA,40.412972,-76.480726,3.857333,3.857333,3.857333,1
62075,FLYING J TRAVEL PLAZA #657,US-283/US-50/US-56 & US-400,Dodge City,KS,37.760677,-100.018438,3.799000,3.799000,3.799000,1
62097,FLASH MARKET #17046,US-65/SR-9,Clinton,AR,35.578981,-92.455735,3.239000,3.239000,3.239000,1
62211,STUBS GAS AND OIL,"I-76, EXIT 66",Wiggins,CO,40.228425,-104.072134,3.559000,3.559000,3.559000,1
62238,Circle K #2726278,SR-207,Hastings,FL,29.714390,-81.499154,3.569000,3.569000,3.569000,1
62283,Circle K #2745099,US-23 & US-341/SR-27,Hazlehurst,GA,31.864128,-82.599276,3.529000,3.529000,3.529000,1
62316,BP,US-20,Delaware,IA,42.472106,-91.338269,3.299000,3.299000,3.299000,1
62355,MINIT MART #600630,"I-39, EXIT 14",El Paso,IL,40.740492,-89.018250,3.639000,3.599000,3.679000,2
62370,7-ELEVEN #34712,I-90 Exit 24,Belvidere,IL,42.265448,-88.887758,3.739000,3.739000,3.739000,1
62399,Rebel Plus #882,"I-80, EXIT 101",Bristol,IN,41.718574,-85.824653,3.575667,3.575667,3.575667,1
62462,HAWESWAY TRUCKSTOP,US-60,Owensboro,KY,37.757146,-87.116725,3.599000,3.599000,3.599000,1
62467,SUPER QUIK #9,"I-64, EXIT 181",Ashland,KY,38.459492,-82.645081,3.669000,3.669000,3.669000,1
62480,CM GALLIANO,US-167,Cut Off,LA,29.516283,-90.329714,3.499000,3.499000,3.499000,1
62487,Fred's Food Mart,US-61,Saint Francisville,LA,30.784234,-91.376417,3.799000,3.799000,3.799000,1
62500,CASH MAGIC VINTON,"I-10, EXIT 4 & SR-109",Vinton,LA,30.195435,-93.582246,3.284000,3.284000,3.284000,1
62547,MARATHON,SR-32W,Gaylord,MI,45.021342,-84.681822,3.799000,3.799000,3.799000,1
62550,Sunoco,"I-275, EXIT 11",New Boston,MI,42.162541,-83.402989,3.419000,3.399000,3.439000,2
62559,EXPRESS FOOD DEPOT,"I-94, EXIT 266",Smiths Creek,MI,42.913919,-82.603808,3.669000,3.629000,3.719000,3
62560,ONE9 #23,"I-96, EXIT 67",Ionia,MI,42.976821,-85.074633,3.469000,3.439000,3.499000,2
62701,PILOT TRAVEL CENTERS #408,"I-68, EXIT 22",Grantsville,MD,39.696916,-79.152849,4.259000,4.259000,4.259000,1
62710,TOWN PUMP FOOD STORE #922,"I-90, EXIT 370 &SR-10",Big Timber,MT,45.834782,-109.948266,3.479000,3.479000,3.479000,1
62753,PETRO SERVE USA,US-10,West Fargo,ND,46.856380,-96.904809,3.029000,3.029000,3.029000,1
62768,PUMP & PANTRY #34,US-20 & SR-27,Gordon,NE,42.806378,-102.204002,3.449000,3.449000,3.449000,1
62774,MR MIKES MINI MART,SR-9,Northwood,NH,43.211856,-71.223393,3.599000,3.599000,3.599000,1
62790,7-ELEVEN #40084,US-46/US-1/US-9,Palisades Park,NJ,40.847017,-73.997061,3.099000,3.099000,3.099000,1
62800,A ONE TRUCK STOP,US-9,South Amboy,NJ,40.486391,-74.278762,3.499000,3.499000,3.499000,1
62817,LOVES TRAVEL STOP #364,I-75 EXIT 33,Charleston,TN,35.285693,-84.760797,3.589000,3.589000,3.589000,1
62824,FLYING J TRAVEL PLAZA #1005,"I-80, EXIT 48",Fernley,NV,39.564770,-119.189433,3.915667,3.915667,3.915667,1
62841,SPEEDWAY #9912,"I-81, EXIT 10",Mc Graw,NY,42.593765,-76.097502,4.309000,4.309000,4.309000,1
62844,CIRCLE K #4707612,"I-81, EXIT 14",Tully,NY,42.798186,-76.110237,4.049000,3.799000,4.299000,2
62850,GANSEVOORT MINI MART,"I-87, EXIT 17",Gansevoort,NY,43.196185,-73.651784,3.769000,3.759000,3.779000,2
62887,SPEEDWAY #9367,"I-275, EXIT 42",Cincinnati,OH,39.140183,-84.505829,3.125667,3.125667,3.125667,1
62911,DAVIS TRAVEL CENTER #108,"I-85, EXIT 39",Warfield,VA,36.895984,-77.818997,3.099000,3.099000,3.099000,1
62918,CIRCLE K #4705567,ST 91,Twinsburg,OH,41.322594,-81.443123,3.632333,3.632333,3.632333,1
62991,ONVO TRAVEL PLAZA,"I-84, EXIT 17",Lake Ariel,PA,41.453975,-75.382681,3.585667,3.585667,3.585667,1
62996,MARTIN GENERAL STORE,US-22,Alexandria,PA,40.558438,-78.099883,3.539000,3.539000,3.539000,1
63013,TA WEST GREENWICH,"I-95, EXIT 5B",West Greenwich,RI,41.628605,-71.658874,3.765667,3.765667,3.765667,1
63018,CIRCLE K #2723354,"I-526, EXIT 18A & US-78",Charleston,SC,32.828017,-79.972896,3.299000,3.299000,3.299000,1
63126,PWI #120,"I-10, EXIT 593",Schertz,TX,29.563327,-98.250866,2.925667,2.925667,2.925667,1
63193,Shell,US-29,Warrenton,VA,38.717817,-77.797316,3.257333,3.257333,3.257333,1
63211,OMAK MART,US-97 & SR-215,Omak,WA,48.422338,-119.530623,4.149000,4.149000,4.149000,1
63246,Petro Stopping Center #368,"I-94, EXIT 333",Sturtevant,WI,42.698900,-87.901553,3.889000,3.889000,3.889000,1
63313,MARION TRAVEL CENTER,I-55 EXIT 14,Marion,AR,35.204246,-90.206715,3.199000,3.199000,3.199000,1
63330,CIRCLE K #2723678,SR-53,Rome,GA,34.266133,-85.186052,3.062333,3.062333,3.062333,1
63336,ROAD RANGER #118,"I-72 & I-55, EXIT 100-A",Springfield,IL,39.791063,-89.644572,3.354000,3.299000,3.409000,2
63349,FLYING J TRAVEL PLAZA #662,"I-24, EXIT 86",Oak Grove,KY,36.673774,-87.422506,3.152333,3.152333,3.152333,1
63351,76 FUEL CENTER,"I-75, EXIT 76",Berea,KY,37.589296,-84.294502,2.999000,2.999000,2.999000,1
63353,LOVES TRAVEL STOP #367,"I-74, EXIT 149",Le Roy,IL,40.339371,-88.761098,3.504000,3.389000,3.589000,4
63376,Circle K #2746246,US-169 & SR-41,Shakopee,MN,44.771906,-93.475699,3.599000,3.599000,3.599000,1
63379,Petro Stopping Center #460,"I-70, EXIT 28",Oak Grove,MO,39.007033,-94.128441,3.212333,3.212333,3.212333,1
63388,CIRCLE K #2723471,"I-95, EXIT 121",Wilson,NC,35.731488,-77.930750,3.199000,3.199000,3.199000,1
63391,FLYING J TRAVEL PLAZA #687,"I-80, EXIT 179",North Platte,NE,41.125265,-100.763397,3.449000,3.449000,3.449000,1
63409,FLYING J TRAVEL PLAZA #693,"I-90, EXIT 48A; PEMBROKE, NY",Corfu,NY,42.961163,-78.402610,3.889000,3.889000,3.889000,1
63428,FLYING J TRAVEL PLAZA #702,"I-40, EXIT 264B",Checotah,OK,35.482436,-95.522818,3.699000,3.699000,3.699000,1
63442,Flying J Travel Plaza #720,"I-40, EXIT 182",Fairview,TN,35.982389,-87.127020,3.185667,3.185667,3.185667,1
63455,FLYING J TRAVEL PLAZA #752,"I-81, EXIT 323",Clear Brook,VA,39.256491,-78.096111,3.659000,3.659000,3.659000,1
63456,SHELL,"I-85, EXIT 61",Petersburg,VA,37.204730,-77.392368,3.200667,3.200667,3.200667,1
63495,DECAUTER SHELL TRUCK STOP,"I-35, EXIT 369",Decatur,TX,33.225899,-97.587040,2.915667,2.915667,2.915667,1
63498,PILOT #6955,I-40/I-85 EXIT 150,Haw River,NC,36.091898,-79.358943,3.959000,3.959000,3.959000,1
63500,SPEEDWAY #8723,"I-75, EXIT 144B",Bridgeport,MI,43.370815,-83.881964,3.339000,3.249000,3.469000,4
63501,LOVES TRAVEL STOP #407,I-81 EXIT 52B OR I-76 EXIT 226,Carlisle,PA,40.199994,-77.204149,4.099000,4.099000,4.099000,1
63502,FLYING J TRAVEL PLAZA #704,I-35 & 122ND ST,Edmond,OK,35.673807,-97.413076,3.305667,3.305667,3.305667,1
63506,KWIK TRIP #342,"I-39, EXIT 159",Stevens Point,WI,44.525300,-89.550377,3.559000,3.559000,3.559000,1
63509,PILOT TRAVEL CENTER #4557,"I-85, EXIT 166",Carnesville,GA,34.375266,-83.227532,3.205667,3.172333,3.239000,2
63510,PILOT #4584,"I-95, EXIT 181",Latta,SC,34.338940,-79.433564,3.349000,3.349000,3.349000,1
63511,PILOT #4576,"I-95, EXIT 82",Saint George,SC,33.186073,-80.579460,3.519000,3.519000,3.519000,1
63512,SPEEDWAY #7929,"I-40, EXIT 208",Colfax,NC,35.351028,-81.754419,2.854000,2.854000,2.854000,1
63516,SHEETZ #701,"I-81, EXIT 273",Mount Jackson,VA,38.738878,-78.650918,2.874000,2.874000,2.874000,1
63517,TA LINCOLN TRAVEL CENTER,"I-20, EXIT 168 & SR-77",Lincoln,AL,33.580169,-86.127876,3.084000,3.084000,3.084000,1
63519,PILOT TRAVEL CENTERS #243,"I-64, EXIT 45 & SR-25",Nitro,WV,38.411614,-81.807811,3.625667,3.625667,3.625667,1
63522,Pilot Travel Centers #411,"I-40, EXIT 238 & US-231",Lebanon,TN,36.199381,-86.344634,3.245667,3.245667,3.245667,1
63523,PILOT TRAVEL CENTERS #441,"I-65, EXIT 334",Decatur,AL,34.572995,-86.989901,3.859000,3.859000,3.859000,2
63524,PILOT TRAVEL CENTERS #416,"I-75/SR-401, EXIT 101",Cordele,GA,31.956090,-83.770077,3.309000,3.285667,3.332333,2
63530,BIG EASY TRAVEL PLAZA,"I-10, EXIT 239-B",New Orleans,LA,30.053420,-89.934502,3.799000,3.799000,3.799000,1
63532,FUELSMART,SR-165,Muskogee,OK,35.743797,-95.356405,3.252333,3.252333,3.252333,1
63533,FLYING J TRAVEL PLAZA #638,"I-84, EXIT 29",Caldwell,ID,43.645880,-116.659336,3.787333,3.787333,3.787333,1
63538,SUAMICO CITGO,"US-41/US-141, EXIT 176 & CR-B",Suamico,WI,44.626729,-88.033045,3.269000,3.269000,3.269000,1
63540,GAS N GO,"I-75, EXIT 149",Byron,GA,32.649497,-83.747954,3.172333,3.172333,3.172333,1
63545,LOVES TRAVEL STOP #397,"I-85, EXIT 104",Blacksburg,SC,35.122088,-81.518119,3.419000,3.419000,3.419000,1
63546,CITGO QUIK MART,SR/15 & SR-68,Tennille,GA,32.936563,-82.813233,3.465667,3.465667,3.465667,1
63563,PILOT TRAVEL CENTERS #209,"I-10, EXIT 140",Van Horn,TX,31.040672,-104.834154,3.659000,3.659000,3.659000,1
63564,PILOT TRAVEL CENTERS #213,"I-70, EXIT 94 (WILSON ROAD)",Columbus,OH,39.983938,-82.984882,3.509000,3.509000,3.509000,1
63565,LOVES TRAVEL STOP #296,"I-8, EXIT 115 & SR-85",Gila Bend,AZ,32.966242,-112.715465,3.889000,3.889000,3.889000,1
63566,PORT ALLEN TRUCKSTOP,"I-10, EXIT 151 & SR-415",Port Allen,LA,30.443835,-91.207410,3.259000,3.259000,3.259000,1
63568,FLYING J TRAVEL PLAZA #658,"I-35, EXIT 127",Emporia,KS,38.402869,-96.192906,3.252333,3.252333,3.252333,1
63569,PILOT TRAVEL CENTERS #893,"I-80, EXIT 40 (US-59)",Avoca,IA,41.482816,-95.337261,3.659000,3.659000,3.659000,2
63570,PILOT TRAVEL CENTERS #287,"I-71, EXIT 204 & SR-83",Burbank,OH,40.986232,-81.994840,3.699000,3.699000,3.699000,1
63571,Palace Truckstop,"I-10, EXIT 246 & I-510, EXIT 2C",New Orleans,LA,30.053420,-89.934502,3.299000,3.299000,3.299000,1
63572,PILOT TRAVEL CENTERS #211,"I-40, EXIT 9 & SR-95",Lake Havasu City,AZ,34.499809,-114.310943,3.924000,3.849000,3.999000,2
63574,PILOT TRAVEL CENTERS #232,"I-84, EXIT 376A",Ontario,OR,44.025047,-116.978769,3.699000,3.699000,3.699000,1
63575,OKEMAH TRAVEL CENTER,"I-40, EXIT 221 (ST 27)",Okemah,OK,35.429269,-96.300309,2.879000,2.879000,2.879000,1
63577,PILOT TRAVEL CENTERS #236,"I-80, EXIT 122",Minooka,IL,41.447612,-88.284155,3.799000,3.799000,3.799000,2
63579,301 PLAZA,US-301 & SR-299,Middletown,DE,39.443394,-75.717504,3.239000,3.239000,3.239000,1
63580,FLYING J TRAVEL PLAZA #637,"I-380, EXIT 68",Evansdale,IA,42.465698,-92.269402,3.779000,3.779000,3.779000,1
63581,CASEYS #4453,"I-75, EXIT 120",Lexington,KY,38.040678,-84.458272,3.224000,3.224000,3.224000,1
63582,T BONE TRUCK STOP,US-30,Columbus,NE,41.437066,-97.357351,3.099000,3.099000,3.099000,1
63583,CUBBYS #110,"I-80, EXIT 353",Columbus,NE,41.437066,-97.357351,3.179000,3.179000,3.179000,1
63584,PILOT TRAVEL CENTERS #417,"I-20, EXIT 19",Temple,GA,33.733245,-85.027295,3.419000,3.389000,3.449000,2
63586,LOVES TRAVEL STOP #295,US-412 & US-69,Chouteau,OK,36.189507,-95.338902,3.290667,3.290667,3.290667,1
63587,24/7 TRAVEL PLAZA,"I-135, EXIT 92",Salina,KS,38.813085,-97.614477,2.974000,2.974000,2.974000,1
63588,KWIK TRIP #686,"I-94, EXIT 333/US-41 & SR-20",Sturtevant,WI,42.698900,-87.901553,3.769000,3.769000,3.769000,1
63594,PILOT TRAVEL CENTERS #49,"I-24, EXIT 89",Oak Grove,KY,36.673774,-87.422506,3.152333,3.152333,3.152333,1
63595,SPEEDWAY #5236,"I-75, EXIT 122",Lima,OH,40.740679,-84.112091,3.255667,3.255667,3.255667,1
63596,PILOT TRAVEL CENTERS #442,"I-55, EXIT 19",Hayti,MO,36.232528,-89.747362,3.255667,3.255667,3.255667,1
63597,PILOT TRAVEL CENTERS #163,"I-10, EXIT 24",Lordsburg,NM,32.343777,-108.702120,3.439000,3.439000,3.439000,1
63598,PILOT TRAVEL CENTERS #164,"I-90/I-94, EXIT 69 & SR-82",Mauston,WI,43.799976,-90.079554,3.299000,3.299000,3.299000,1
63599,PWI #978,"I-215, EXIT 21",Salt Lake City,UT,40.776928,-111.930991,3.359000,3.359000,3.359000,1
63600,PILOT TRAVEL CENTERS #77,"I-55 /I-20, EXIT 45",Jackson,MS,32.315834,-90.212850,3.149000,3.149000,3.149000,1
63601,PILOT TRAVEL CENTERS #206,"I-20, EXIT 406",Weatherford,TX,32.753190,-97.771944,3.209000,3.209000,3.209000,1
63602,LOVES TRAVEL STOP #285,I-40 EXIT 277,Santa Rosa,NM,34.936051,-104.675021,3.474000,3.474000,3.474000,1
63603,LOVES TRAVEL STOPS #290,US-59/US-69/S LOOP 287 & FM-841,Lufkin,TX,31.322904,-94.729026,3.649000,3.649000,3.649000,2
63604,7-ELEVEN #40363,US-17/SR-15 & SR-100,Palatka,FL,29.644871,-81.676737,3.364000,3.364000,3.364000,1
63605,FLYING J TRAVEL PLAZA #663,"I-64, EXIT 43 & SR-395",Waddy,KY,38.137015,-85.074398,3.759000,3.759000,3.759000,1
63606,FLYING J TRAVEL PLAZA #652,"I-65/US-52, EXIT 139 & SR-39",Lebanon,IN,40.033106,-86.448155,3.640667,3.640667,3.640667,1
63607,ROAD RANGER #209,"I-90/94,  EXIT 48",Oakdale,WI,43.962167,-90.379118,3.234000,3.234000,3.234000,1
63608,ROAD RANGER #206,US-20,Winnebago,IL,42.267088,-89.233970,3.269000,3.219000,3.299000,3
63609,ROAD RANGER #203,US-20 & SR-2,Rockford,IL,42.258836,-89.064553,3.269000,3.219000,3.299000,3
63612,FLYING J TRAVEL PLAZA #622,"I-95/SR-9, EXIT 131 & SR-68 & SR-713",Fort Pierce,FL,27.426112,-80.342488,3.499000,3.499000,3.499000,1
63613,FLYING J TRAVEL PLAZA #690,"I-10/US-70, EXIT 24",Lordsburg,NM,32.343777,-108.702120,3.439000,3.439000,3.439000,1
63614,PILOT TRAVEL CENTERS #446,"I-69, EXIT 234",Daleville,IN,40.118872,-85.556247,3.581500,3.514000,3.649000,2
63615,One9 #1413,"I-81, EXIT 101",Dublin,VA,37.105503,-80.689700,3.242333,3.242333,3.242333,1
63616,SPEEDWAY #8876,"US-23, EXIT 50",Whitmore Lake,MI,42.420281,-83.752134,3.624000,3.499000,3.749000,2
63619,PILOT TRAVEL CENTERS #428,"I-20, EXIT 112",West Monroe,LA,32.512340,-92.151070,3.205667,3.205667,3.205667,1
63620,LOVES TRAVEL STOP #420,"I-20, EXIT 47",Flowood,MS,32.336101,-90.072874,3.149000,3.149000,3.149000,1
63621,FUEL CITY FRIENDLYS,"I-35E, EXIT 435",Dallas,TX,32.793333,-96.766513,2.965667,2.965667,2.965667,1
63623,PILOT TRAVEL CENTERS #90,"I-95/SR-9, EXIT 129 & SR-91, EXIT 152 & SR-70",Fort Pierce,FL,27.426112,-80.342488,3.489000,3.459000,3.519000,2
63624,FROG CITY TRAVEL PLAZA,"I-10, EXIT 87",Rayne,LA,30.240513,-92.267335,3.365667,3.365667,3.365667,1
63625,FLYING J TRAVEL PLAZA #688,"I-295, DEEP WATER STREET",Penns Grove,NJ,39.727704,-75.469035,3.989000,3.989000,3.989000,1
63627,PILOT TRAVEL CENTERS #174,I-78 & SR-15,New Albany,MS,34.492286,-89.021720,3.859000,3.859000,3.859000,1
63628,PILOT TRAVEL CENTERS #75,"I-65, EXIT 19 & US-43/SR-13",Satsuma,AL,30.857874,-88.063383,3.197000,3.195000,3.199000,2
63629,SPEEDWAY #4523,"I-94, EXIT 88",Osseo,WI,44.579831,-91.213829,3.545667,3.545667,3.545667,1
63630,TA DENVER EAST TRAVEL CENTER,"I-70 & I-270, EXIT 278",Commerce City,CO,39.882792,-104.794908,3.375667,3.375667,3.375667,1
63635,SAPP BROS TRAVEL CENTER,"I-70, EXIT 295",Junction City,KS,39.027220,-96.852271,3.709000,3.709000,3.709000,1
63636,PILOT TRAVEL CENTERS #279,"I-19, EXIT 12 & SR-289",Rio Rico,AZ,31.498168,-110.987798,3.636500,3.614000,3.659000,2
63637,PILOT TRAVEL CENTERS #454,"I-70, EXIT 79",London,OH,39.892845,-83.438875,3.509000,3.509000,3.509000,1
63639,PILOT TRAVEL CENTERS #444,"I-70, EXIT 23",Brazil,IN,39.522449,-87.124479,3.939000,3.939000,3.939000,2
63640,SUPER EXPRESS STOP,"I-64, EXIT 113",Mount Sterling,KY,38.065465,-83.948822,3.859000,3.859000,3.859000,1
63641,FLYING J TRAVEL PLAZA #625,"I-4/SR-400, EXIT 10 & SR-579",Seffner,FL,28.001639,-82.274077,3.442333,3.442333,3.442333,1
63642,COLTS QUICK DRAW,"I-40, EXIT 125 & US-65/SR-25",Greenbrier,AR,35.228843,-92.383568,3.307333,3.307333,3.307333,1
63648,CIRCLE K #2723333,"I-75, EXIT 216",Mcdonough,GA,33.442222,-84.150963,3.209000,3.209000,3.209000,1
63649,ONE TRIP,US-84,Homerville,GA,31.038221,-82.742089,3.442333,3.442333,3.442333,1
63651,CIRCLE K #2723346,US-29/S8,Athens,GA,33.949597,-83.370088,3.399000,3.399000,3.399000,1
63652,CASEYS #3292,"I-380, EXIT 43 & US-20",Independence,IA,42.462193,-91.903152,3.599000,3.599000,3.599000,1
63653,FLYING J TRAVEL PLAZA #760,US-30 & SR-232,Cokeville,WY,42.079308,-110.951869,3.899000,3.899000,3.899000,1
63661,FLYING J TRAVEL PLAZA #677,"US-78, EXIT 6",Olive Branch,MS,34.955752,-89.841153,3.285667,3.285667,3.285667,1
63662,PILOT TRAVEL CENTERS #267,"I-75, EXIT 146",Byron,GA,32.649497,-83.747954,3.375667,3.365667,3.385667,2
63667,CIRCLE K #2723875,SR-41/SR-45,Jamestown,SC,33.285876,-79.694592,2.974000,2.974000,2.974000,1
63668,PILOT #4579,"I-26, EXIT 139",Saint Matthews,SC,33.664640,-80.778753,3.509000,3.509000,3.509000,1
63669,One9 #1248,"I-45, EXIT 271",Wilmer,TX,32.599015,-96.681585,2.755667,2.755667,2.755667,1
63671,WESTERN TRAVEL TERMINAL,US-26 & US-85,Torrington,WY,42.065050,-104.173528,3.399000,3.399000,3.399000,1
63676,CORNER EXPRESS,ST 55,Wellston,MI,44.222689,-85.968132,3.499000,3.499000,3.499000,1
63680,ALLTOWN MARKETS-FLYING J #896,I-93 EXIT 11 & SR 3A,Bow,NH,43.133177,-71.537242,4.099000,4.099000,4.099000,1
63685,RIVER HEIGHTS GROCERY,US-64/SR-69/SR-15,Crump,TN,35.224859,-88.330789,3.099000,3.099000,3.099000,1
63690,LOVES TRAVEL STOP #277,"I-30, EXIT 46",Prescott,AR,33.804320,-93.391207,3.475667,3.475667,3.475667,1
63691,JIMMIES AUTO TRUCK PLAZA,"I-10, EXIT 262",Lee,FL,30.413101,-83.304142,3.847333,3.847333,3.847333,1
63694,PILOT TRAVEL CENTERS #261,"I-55, EXIT 186",Winona,MS,33.490256,-89.729287,3.499000,3.499000,3.499000,1
63695,FLYING J TRAVEL PLAZA #634,"I-20/SR-402, EXIT 19 & SR-113",Temple,GA,33.733245,-85.027295,3.419000,3.419000,3.419000,1
63697,MILLER MART #40,"I-64, EXIT 255B",Newport News,VA,37.076136,-76.521980,3.305667,3.305667,3.305667,1
63699,DEWITT TRAVEL MART,"US-30, EXIT 313",De Witt,IA,41.822712,-90.544087,3.599000,3.599000,3.599000,1
63700,WIXOM FUEL STOP,"I-96, EXIT 159",Wixom,MI,42.522781,-83.530188,3.999000,3.999000,3.999000,1
63701,FLYING J TRAVEL PLAZA #742,"I-80, EXIT 98/99",Tooele,UT,40.539396,-112.307843,3.759000,3.759000,3.759000,1
63702,QUICK FUEL #2501,"I-264, EXIT 14",Louisville,KY,38.224728,-85.740614,3.082333,3.082333,3.082333,1
63703,QUICK FUEL #2303,"I-71, EXIT 104/FRANK RD EXIT",Columbus,OH,39.983938,-82.984882,3.565667,3.565667,3.565667,1
63704,QUICK FUEL #2301,"I-275, EXIT 44",Cincinnati,OH,39.140183,-84.505829,3.239000,3.239000,3.239000,1
63706,QUICK FUEL #1003,"I-41/US-45, EXIT 45 & CR-EE",Milwaukee,WI,43.063348,-87.966695,3.425667,3.425667,3.425667,1
63715,FLYING J TRAVEL PLAZA #772,"I-215, EXIT 28",North Salt Lake,UT,40.847116,-111.918780,3.732333,3.732333,3.732333,1
63716,EXPRESS LANE #34,"I-39, EXIT 115",Rockford,IL,42.258836,-89.064553,3.649000,3.549000,3.749000,2
63718,ROAD RANGER #210,"I-39/US-51, EXIT 99 & SR-38",Rochelle,IL,41.919149,-89.063661,3.699000,3.699000,3.699000,1
63720,FLYING J TRAVEL PLAZA #611,"I-10, EXIT 137",Phoenix,AZ,33.572154,-112.090132,3.589000,3.589000,3.589000,1
63721,ROAD RUNNER TRAVEL CENTER,I-69E/US-77 & CR-892,Robstown,TX,27.793971,-97.669163,3.349000,3.349000,3.349000,1
63722,LOVES TRAVEL STOP #240,"I-10, EXIT 151 & SR-415",Port Allen,LA,30.443835,-91.207410,3.232333,3.232333,3.232333,1
63724,LOVES TRAVEL STOP #244,"I-40, EXIT 87 & US-70/US-412",Jackson,TN,35.654148,-88.834972,3.497333,3.497333,3.497333,1
63725,TA CARTERSVILLE TRAVEL CENTER,"I-75, EXIT 296",Cartersville,GA,34.164579,-84.801704,3.599000,3.599000,3.599000,1
63726,FLYING J TRAVEL PLAZA #706,"I-44 & I-244, EXIT 236",Tulsa,OK,36.127949,-95.902316,3.365667,3.365667,3.365667,1
63727,LOVES TRAVEL STOP #403,"I-81, EXIT 3",Binghamton,NY,42.101331,-75.909369,3.709000,3.679000,3.749000,4
63728,PILOT TRAVEL CENTERS #43,"I-80, EXIT 284",Walcott,IA,41.587319,-90.780518,3.872333,3.859000,3.885667,2
63729,PILOT TRAVEL CENTERS #147,"I-80, EXIT 410",West Wendover,NV,40.740253,-114.078633,3.709000,3.709000,3.709000,1
63730,PILOT TRAVEL CENTERS #309,"I-77, EXIT 25",Caldwell,OH,39.746354,-81.512976,3.652333,3.652333,3.652333,1
63731,LOVES TRAVEL STOP #243,"I-10, EXIT 43 & SR-383",Iowa,LA,30.241367,-93.013028,3.587333,3.587333,3.587333,1
63732,LOVES TRAVEL STOP #265,"I-10, EXIT 200",Eloy,AZ,32.741255,-111.594015,3.434000,3.434000,3.434000,1
63734,CIRCLE K #2723472,US-70 & SR-58,Kinston,NC,35.275099,-77.593368,3.319000,3.319000,3.319000,1
63736,PLATEAU TRUCK AND AUTO CENTER,"I-10, EXIT 159",Van Horn,TX,31.040672,-104.834154,3.099000,3.099000,3.099000,1
63737,I 10 DUSON TRUCK STOP,"I-10, AUSTRIA ROAD",Duson,LA,30.238360,-92.189070,3.410667,3.410667,3.410667,1
63738,U STOP 33,US-77,Beatrice,NE,40.273281,-96.745954,3.399000,3.399000,3.399000,1
63740,CIRCLE K #2723478,US-29,Blairs,VA,36.699268,-79.378910,3.439000,3.439000,3.439000,1
63741,SHELL,"I-295, EXIT 15",Chester,VA,37.352045,-77.433695,3.202333,3.202333,3.202333,1
63743,PILOT TRAVEL CENTERS #370,"I-81, EXIT 175",Pittston,PA,41.327920,-75.785684,4.175667,4.175667,4.175667,1
63744,PILOT TRAVEL CENTERS #439,"I-24, EXIT 86",Oak Grove,KY,36.673774,-87.422506,3.152333,3.152333,3.152333,1
63745,PILOT TRAVEL CENTERS #447,"I-64, EXIT 25",Haubstadt,IN,38.203242,-87.574735,3.959000,3.959000,3.959000,2
63746,PILOT TRAVEL CENTERS #453,"I-85, EXIT 90",Gaffney,SC,35.073558,-81.661532,3.429000,3.429000,3.429000,1
63747,PILOT TRAVEL CENTERS #440,"I-71, EXIT 28",Pendleton,KY,38.462288,-85.303568,3.759000,3.759000,3.759000,1
63751,PETRO STOPPING CENTER #328,"I-20 & I-55, EXIT 45",Jackson,MS,32.315834,-90.212850,3.109000,3.109000,3.109000,1
63752,MR FUEL #732,"I-80, EXIT 226",Girard,OH,41.165648,-80.696089,3.239000,3.239000,3.239000,1
63753,PILOT TRAVEL CENTER #4558,"I-75, EXIT 318",Calhoun,GA,34.499792,-84.933058,3.295667,3.285667,3.305667,2
63754,U SAVE TRAVEL PLAZA,US-19 & SR-129,Mount Nebo,WV,38.200111,-80.851208,3.599000,3.599000,3.599000,1
63755,PILOT TRAVEL CENTERS #196,"I-40, EXIT 325 & US-64",Roland,OK,35.414074,-94.514853,3.739000,3.739000,3.739000,1
63756,PILOT TRAVEL CENTERS #144,"I-20, EXIT 200",Augusta,GA,33.365531,-82.073422,3.859000,3.859000,3.859000,2
63759,BUFFALO RANCH,US/69/US-60 & US-59,Afton,OK,36.696535,-94.957463,3.099000,3.099000,3.099000,1
63760,CASH MAGIC CITGO HOUMA,I-57,Houma,LA,29.578681,-90.708023,3.565667,3.565667,3.565667,1
63761,7Fleet #46589,"I-94/US-52, EXIT 205 & SR-241",Saint Michael,MN,45.199238,-93.689526,3.309000,3.309000,3.309000,1
63762,MINIT MART #600643,"I-57, EXIT 322",Manteno,IL,41.247850,-87.844308,3.315667,3.249000,3.399000,3
63763,Flying J Travel Plaza #644,"I-80, EXIT 77 & SR-351",La Salle,IL,41.333368,-89.091750,3.439000,3.299000,3.599000,4
63764,LOVES TRAVEL STOP #288,"I-45, EXIT 198 & US-84",Fairfield,TX,31.717440,-96.170483,3.429000,3.429000,3.429000,1
63766,PILOT TRAVEL CENTERS #26,"US-23, EXIT 5 & US-223",Ottawa Lake,MI,41.767270,-83.521324,3.621500,3.579000,3.659000,4
63767,HOP-IN FOOD STORES,I-27 & FM-1729,New Deal,TX,33.732334,-101.844475,2.925667,2.925667,2.925667,1
63768,PILOT TRAVEL CENTERS #443,"I-70, EXIT 49",Higginsville,MO,39.065719,-93.726814,3.235667,3.235667,3.235667,1
63770,FLYING J TRAVEL PLAZA #694,"I-90, EXIT 223",Austinburg,OH,41.769168,-80.855605,3.859000,3.859000,3.859000,1
63771,FLYING J TRAVEL PLAZA #572,"I-35, EXIT 144",Williams,IA,42.489193,-93.541245,3.699000,3.699000,3.699000,2
63773,QUIKTRIP #179,ST 152,Liberty,MO,39.241270,-94.419445,2.999000,2.999000,2.999000,1
63774,PILOT TRAVEL CENTERS #150,"I-70, EXIT 24 &SR-63",Hagerstown,MD,39.640182,-77.722691,3.959000,3.959000,3.959000,1
63775,FLYING J TRAVEL PLAZA #646,"I-90/39, EXIT 1 & US-51 & SR-75",South Beloit,IL,42.484842,-89.027433,3.799000,3.799000,3.799000,2
63776,KWIK TRIP #334,US-169/SR-60,Mankato,MN,44.171122,-93.976380,3.549000,3.549000,3.549000,1
63777,KWIK TRIP #403,"I-35, EXIT 45",Owatonna,MN,44.091904,-93.231715,3.499000,3.499000,3.499000,1
63778,KWIK TRIP #662,SR-55/SR-149,Saint Paul,MN,44.948901,-93.104063,3.629000,3.629000,3.629000,1
63781,Pilot Travel Centers #8,US-23 & PITTSBURG RD,Circleville,OH,39.601152,-82.932515,3.799000,3.799000,3.799000,1
63782,FUEL EXPRESSO #11,"I-35, EXIT 155",Lebo,KS,38.416179,-95.862482,3.172333,3.172333,3.172333,1
63787,LOVES TRAVEL STOP #402,"I-10, EXIT 44",Biloxi,MS,30.426663,-88.935762,3.449000,3.449000,3.449000,1
63789,PILOT TRAVEL CENTERS #448,"I-65, EXIT 240",Hebron,IN,41.325085,-87.201916,3.476500,3.354000,3.599000,2
63790,PILOT TRAVEL CENTERS #412,"I-81, EXIT 4",White Pine,TN,36.101255,-83.285661,3.699000,3.699000,3.699000,1
63791,PILOT TRAVEL CENTERS #432,"I-35, EXIT 328",Waco,TX,31.557994,-97.189750,3.220667,3.220667,3.220667,1
63792,PILOT TRAVEL CENTERS #424,"I-75, EXIT 358",Ocala,FL,29.177510,-82.151025,3.385667,3.359000,3.412333,2
63793,HUTCH'S #113,US-183 & US-270/SR-15,Woodward,OK,36.424832,-99.404726,2.999000,2.999000,2.999000,1
63794,PILOT TRAVEL CENTERS #157,"I-30, EXIT 122",Sulphur Springs,TX,33.143108,-95.614702,3.309000,3.309000,3.309000,1
63795,LOVES COUNTRY STORE #022,US-412,Clayton,NM,36.446033,-103.148863,3.414000,3.414000,3.414000,1
63796,PETRO STOPPING CENTER #329,"I-40/I-85, EXIT 157",Mebane,NC,36.081679,-79.276742,3.999000,3.999000,3.999000,1
63798,PETRO GLADE SPRING #372,"I-81, EXIT 29",Glade Spring,VA,36.789944,-81.772253,3.587333,3.587333,3.587333,1
63799,LOVES TRAVEL STOP #204,US-69 BUS & US-69,Eufaula,OK,35.292114,-95.586425,3.689000,3.689000,3.689000,1
63800,PILOT TRAVEL CENTERS #255,"I-95, EXIT 40",Milford,CT,41.223644,-73.064556,4.299000,4.299000,4.299000,2
63801,PILOT #1126,"I-435, EXIT 55 & SR-210",Kansas City,MO,39.122361,-94.555117,3.382333,3.382333,3.382333,1
63802,CARTERS TRAVEL CENTER,"I-40, EXIT 201N",Flagstaff,AZ,35.185212,-111.620698,3.689000,3.689000,3.689000,1
63803,KOUNTRY XPRESS,"I-40, EXIT 20",Mulberry,AR,35.508500,-94.074753,3.272333,3.272333,3.272333,1
63805,TEX-BEST #519,US-281 & US-281 BUS & CR-1930,Alice,TX,27.755616,-98.065812,2.899000,2.899000,2.899000,1
63812,PETRO STOPPING CENTER #330,"I-65, EXIT 86",Glendale,KY,37.601728,-85.905519,3.599000,3.599000,3.599000,1
63813,TA SAN ANTONIO TRAVELCENTER,"I-10 & FOSTER RD, EXIT 583",San Antonio,TX,29.462809,-98.524635,3.207333,3.207333,3.207333,1
63828,CIRCLE K #2723654,US-431,Boaz,AL,34.199020,-86.155151,3.519000,3.519000,3.519000,1
63829,CALERA CHEVRON,SR-25,Calera,AL,33.122319,-86.745644,3.199000,3.199000,3.199000,1
63836,Double Bees #109,"I-40, EXIT 183",Carlisle,AR,34.795425,-91.740494,3.139000,3.139000,3.139000,1
63841,MAGNOLIA TRAVEL CENTER,US-82 & US-371,Magnolia,AR,33.276698,-93.226247,3.599000,3.599000,3.599000,1
63846,71 EXPRESS,US-71,Mansfield,AR,35.063915,-94.234269,3.332333,3.332333,3.332333,1
63848,CIRCLE K #2706345,"I-30, EXIT 2",Texarkana,AR,33.436339,-93.987118,3.479000,3.479000,3.479000,1
63850,PILOT TRAVEL CENTERS #180,"I-40, EXIT 185",Bellemont,AZ,35.242489,-111.813789,3.624000,3.609000,3.639000,2
63854,E-Z MART #4437,US-71,Boles,AR,34.788119,-94.049397,3.299000,3.299000,3.299000,1
63855,LOVES TRAVEL STOP #460,"I-10, EXIT 302",Benson,AZ,31.914497,-110.328552,3.279000,3.279000,3.279000,1
63856,PILOT TRAVEL CENTER #1175,"I-17, EXIT 262 & SR-69",Mayer,AZ,34.423271,-112.240747,3.695250,3.691500,3.699000,2
63870,CIRCLE K #2744074,"I-270/US-36, EXIT 4",Commerce City,CO,39.882792,-104.794908,3.455667,3.455667,3.455667,1
63871,Alta Convenience Store #6317,"I-70, EXIT 19",Fruita,CO,39.155567,-108.729584,3.399000,3.399000,3.399000,1
63876,Mobil,"FL TURNPIKE,  EXIT 244",Kissimmee,FL,28.302780,-81.417831,3.449000,3.449000,3.449000,1
63887,QUIKTRIP #757,"I-79/SR-401, EXIT 306 & SR-140",Adairsville,GA,34.370846,-84.921192,2.887333,2.887333,2.887333,1
63893,QUICK FUEL #2204,"I-285, EXIT 58/SR-407 & I-75, EXIT 237/SR-401",Atlanta,GA,33.762909,-84.422675,3.275667,3.275667,3.275667,1
63894,CIRCLE K #2723653,"I-75, EXIT 124",Cartersville,GA,34.164579,-84.801704,3.224000,3.224000,3.224000,1
63895,KWIK SERV #17,"I-75, EXIT 136",Chatsworth,GA,34.781091,-84.782472,3.499000,3.499000,3.499000,1
63904,SUNOCO,"I-95, EXIT 19",Savannah,GA,32.018043,-81.196492,3.632333,3.632333,3.632333,1
63907,QUIKTRIP #737,"I-85, EXIT 137",Jefferson,GA,34.136239,-83.602157,3.119000,3.119000,3.119000,1
63909,GAS2GO,"I-95, EXIT 6",Kingsland,GA,30.846097,-81.790911,3.109000,3.109000,3.109000,1
63910,OGMULGEE CHEVRON #419,"I-16, EXIT 6",Macon,GA,32.808845,-83.694194,3.399000,3.399000,3.399000,1
63912,PILOT TRAVEL CENTER #4562,"I-95, EXIT 1",Kingsland,GA,30.846097,-81.790911,3.565667,3.559000,3.572333,2
63914,CIRCLE M #12,US-23/SR-365 & SR-52,Lula,GA,34.398088,-83.661905,3.539000,3.539000,3.539000,1
63915,HIGHWAY 80 CHEVRON,"I-185, EXIT 7",Midland,GA,32.574861,-84.827152,3.399000,3.399000,3.399000,1
63922,THOMASVILLE TRAVEL CENTER,US-84 & SR-3,Thomasville,GA,30.839422,-83.978781,3.180667,3.180667,3.180667,1
63925,PILOT TRAVEL CENTER #4561,"I-75, EXIT 11",Valdosta,GA,30.850126,-83.278833,3.322333,3.285667,3.359000,2
63931,LOVES TRAVEL STOP #371,"I-95, EXIT 190",Dillon,SC,34.424467,-79.367588,3.330667,3.330667,3.330667,1
63937,CUBBYS #305,"I-29, EXIT 10 & SR-2",Percival,IA,40.751269,-95.813266,3.694000,3.694000,3.694000,1
63938,CUBBYS #301,US-34 & SR-48,Red Oak,IA,41.014130,-95.224371,3.399000,3.399000,3.399000,1
63942,Discount Zone,"I-10, EXIT CLEARVIEW",New Orleans,LA,30.053420,-89.934502,3.279000,3.279000,3.279000,1
63946,MINIT MART #600644,"I-80, EXIT 134",Joliet,IL,41.517701,-88.148846,3.599000,3.599000,3.599000,1
63955,ROAD RANGER #266,"I-72, EXIT 82 & CR-10",New Berlin,IL,39.726059,-89.914353,3.485667,3.439000,3.539000,3
63957,SUNMART FOOD STORE,SR-37,Bloomington,IN,39.163700,-86.524264,3.499000,3.499000,3.499000,1
63959,SPEEDWAY #1429,SR-59 & SR-56,Warrenville,IL,41.820977,-88.187454,3.549000,3.499000,3.599000,2
63960,BUTLER ONE STOP,"I-69, EXIT 329",Butler,IN,41.427148,-84.872266,3.519000,3.519000,3.519000,1
63962,7-ELEVEN #40505,"I-80, EXIT 90",Elkhart,IN,41.691543,-85.962248,4.115667,4.115667,4.115667,1
63964,LOVES TRAVEL STOPS #242,"I-35 & FISHER RD, EXIT 144",Von Ormy,TX,29.277391,-98.657373,3.208000,3.167000,3.249000,2
63965,GOOD TO GO #11,"I-65, EXIT 158",Frankfort,IN,40.281025,-86.521254,3.549000,3.549000,3.549000,1
63966,PHILS ONE STOP,"I-69, EXIT 309B",Fort Wayne,IN,41.089132,-85.143900,3.675667,3.675667,3.675667,1
63972,7-ELEVEN #40506,"I-80/I-90, MM 125 WB",Howe,IN,41.722822,-85.425486,3.899000,3.899000,3.899000,1
63977,CAREFREE FOOD MART,"I-64, EXIT 92",Leavenworth,IN,38.200084,-86.350105,3.499000,3.499000,3.499000,1
63978,Gallops,"I-80, EXIT 107",Middlebury,IN,41.670559,-85.708679,3.549000,3.549000,3.549000,1
63979,Jaks Oil,US-90,Broussard,LA,30.140831,-91.956060,3.049000,3.049000,3.049000,1
63988,Petes #47,US-400/SR-47,Fredonia,KS,37.533095,-95.822348,3.299000,3.299000,3.299000,1
63990,TREX MART #4,"I-229/US-59, EXIT 4B & US-36",Wathena,KS,39.761058,-94.927518,2.999000,2.999000,2.999000,1
63992,SANDRAS QUICK STOP,US-169 & US-59,Garnett,KS,38.285873,-95.241231,3.319000,3.319000,3.319000,1
63994,U STOP #38,I-70 EXIT 298,Junction City,KS,39.027220,-96.852271,3.355667,3.355667,3.355667,1
63997,LEON GROCERY,US-400,Leon,KS,37.689745,-96.783771,3.399000,3.399000,3.399000,1
64001,PETES #53,US-400 & SR-99 & CR-939,Severy,KS,37.621955,-96.227525,3.249000,3.249000,3.249000,1
64002,SPEEDWAY #9567,"I-65, EXIT 105",Lebanon Junction,KY,37.835239,-85.722355,3.165667,3.165667,3.165667,1
64003,HUCKS Food & Fuel #305 dba Pilot Dealer #1288,SR-9001 & WKY PKWY SERVICE AREA,Beaver Dam,KY,37.403758,-86.873606,3.614000,3.599000,3.629000,2
64016,SHELL,US-231 & SR-1468,Morgantown,KY,37.217410,-86.700155,3.799000,3.799000,3.799000,1
64020,LEEBOS # 9,"I-49, EXIT 90",Alexandria,LA,31.293449,-92.470189,3.215667,3.215667,3.215667,1
64021,CM AMITE,SR-16,Amite,LA,30.732164,-90.515286,3.399000,3.399000,3.399000,1
64028,DELCAMBRE FUEL DEPOT,SR-14 & SR-89,Delcambre,LA,29.951052,-91.991712,2.999000,2.999000,2.999000,1
64029,SUNSHINE SUPER STOP TRUCKS,"I-10, EXIT 182",Convent,LA,30.015211,-90.820234,3.399000,3.399000,3.399000,1
64030,STATE OIL,SR-23,Belle Chasse,LA,29.858697,-90.003290,3.432333,3.432333,3.432333,1
64034,BOONES CHEVRON,SR-317,Franklin,LA,29.784946,-91.509567,3.899000,3.899000,3.899000,1
64036,CM PROSPECT STATION,SR-3087 & SR-660,Houma,LA,29.578681,-90.708023,3.599000,3.599000,3.599000,1
64040,PILOT #1051,"I-10, EXIT 43 & SR-383",Iowa,LA,30.241367,-93.013028,3.599000,3.599000,3.599000,1
64042,LA PLACE TRAVEL CENTER,"I-10, EXIT 209 & I-55, EXIT 1",La Place,LA,30.072157,-90.477008,3.259000,3.259000,3.259000,1
64043,COUNTRY AUTO TRUCK STOP,"I-49, EXIT 177 & SR-509",Mansfield,LA,32.035341,-93.699665,3.259000,3.259000,3.259000,1
64044,DISCOUNT ZONE,"I-510, EXIT 240",New Orleans,LA,30.053420,-89.934502,3.149000,3.149000,3.149000,1
64045,SILVERS TRAVEL PLAZA - Port Allen,US-190/SR-1,Port Allen,LA,30.443835,-91.207410,3.332333,3.332333,3.332333,1
64047,LUCKY LOUIES TRUCK STOP,US-190,Port Allen,LA,30.443835,-91.207410,3.065667,3.065667,3.065667,1
64048,Pilot #1439,"I-10, Exit 151",Port Allen,LA,30.443835,-91.207410,3.215667,3.215667,3.215667,1
64049,Cash Magic CITGO LAROSE,SR-308,Larose,LA,29.565196,-90.376167,3.399000,3.399000,3.399000,1
64050,WESTWOOD TRUCK PLAZA,US-90 BUS,Marrero,LA,29.885726,-90.113221,3.279000,3.279000,3.279000,1
64058,DELTA TOWN TRUCK STOP,"I-10, EXIT 4",Vinton,LA,30.195435,-93.582246,2.799000,2.799000,2.799000,1
64059,CM SPRINGHILL,"I-20, EXIT 44",Springhill,LA,33.001934,-93.461511,3.399000,3.399000,3.399000,1
64060,CM VIVIAN,SR-1 & SR-2,Vivian,LA,32.871072,-93.986249,3.265667,3.265667,3.265667,1
64062,XTRA MART #10098,SR-146A,Uxbridge,MA,42.061166,-71.643628,3.649000,3.649000,3.649000,1
64063,Mobil,US-20 & SR-56,North Oxford,MA,42.150095,-71.868405,3.582333,3.582333,3.582333,1
64069,301 BP,US-301/SR-5,Brandywine,MD,38.682077,-76.885314,3.259000,3.259000,3.259000,1
64072,EZ MART #110,US-127 & US-127 BUS/SR-46,Alma,MI,43.380336,-84.654445,3.649000,3.649000,3.649000,1
64082,SPEEDWAY #8797,SR-13,Lennon,MI,42.985440,-83.932530,3.379000,3.379000,3.379000,1
64083,BIG DADDYS TRUCKSTOP,US-223 & US-23,Ottawa Lake,MI,41.767270,-83.521324,3.499000,3.499000,3.499000,1
64084,RPF OIL #92 PARMA TRAVEL CENTER,"I-94, EXIT 128",Parma,MI,42.265443,-84.548989,3.499000,3.499000,3.499000,1
64085,MADCO TRUCK PLAZA,"I-94, EXIT 200",Romulus,MI,42.223649,-83.366036,3.479000,3.399000,3.539000,3
64087,SAHARA PETRO,"I-696, EXIT 22",Warren,MI,42.492904,-83.025001,3.749000,3.699000,3.799000,2
64091,Circle K 2746398,US-10 & SR-27,Little Falls,MN,45.985557,-94.359676,3.399000,3.399000,3.399000,1
64092,ONE9 #4555,"I-20/I-59, EXIT 77",Cottondale,AL,33.193047,-87.454861,2.932333,2.932333,2.932333,1
64097,KWIK TRIP #937,US-12,Willmar,MN,45.121042,-95.058651,3.340667,3.340667,3.340667,1
64098,BLUE LINE TRAVEL CENTER,"I-90, EXIT 45",Worthington,MN,43.628733,-95.599702,3.165667,3.165667,3.165667,1
64101,D DIAMOND TRAVEL PLAZA,"I-44, EXIT 82",Fair Grove,MO,37.383321,-93.152154,3.132333,3.132333,3.132333,1
64106,RAPID ROBERTS #122,SR-43,Joplin,MO,37.075218,-94.501259,2.899000,2.899000,2.899000,1
64112,RAPID ROBERTS #123,"I-44, EXIT 80",Springfield,MO,37.194157,-93.292642,2.899000,2.899000,2.899000,1
64116,GRAND LEDGE,"I-96, EXIT 86",Grand Ledge,MI,42.752927,-84.744901,3.789000,3.789000,3.789000,1
64120,HOLIDAY STATIONSTORE #2746185,US-2,Wakefield,MI,46.476904,-89.933430,3.279000,3.139000,3.479000,3
64122,FLYING J TRAVEL PLAZA #691,"I-40, EXIT 333",Tucumcari,NM,35.170291,-103.705046,3.899000,3.899000,3.899000,1
64124,Shell,"I-94 & I-75, EXIT 171",Saint Cloud,MN,45.526658,-94.171007,3.362333,3.362333,3.362333,1
64126,CASEYS #3471,US-2 & CR-87,Cohasset,MN,47.242447,-93.664230,3.449000,3.449000,3.449000,1
64132,45 TRUCKSTOP,US-45,Corinth,MS,34.948353,-88.513618,3.089000,3.089000,3.089000,1
64139,4 MILE TRUCKSTOP,US-98 & HOLT RD,Lucedale,MS,30.931213,-88.595896,3.399000,3.399000,3.399000,1
64153,SPEEDWAY #6972,US-70,Durham,NC,35.978061,-78.899497,3.799000,3.799000,3.799000,1
64155,SPEEDWAY #8228,"I-85, EXIT 191 & SR-56",Creedmoor,NC,36.125026,-78.677955,3.999000,3.999000,3.999000,1
64156,SPEEDWAY #6985,"I-40, EXIT 312 & SR-42",Garner,NC,35.693552,-78.614929,3.499000,3.499000,3.499000,1
64163,FILL GOOD BP #15,US-74,Monroe,NC,35.001591,-80.561277,3.399000,3.399000,3.399000,1
64167,NORTH LONDONDERRY SUNOCO,"I-93, EXIT 5",Londonderry,NH,42.853398,-71.362425,3.939000,3.939000,3.939000,1
64170,LUCKY 7,"I-95, EXIT 61",Wade,NC,35.163402,-78.739673,2.999000,2.999000,2.999000,1
64171,CIRCLE K #2723130,"I-40, EXIT 364",Warsaw,NC,34.999578,-78.092726,2.875667,2.875667,2.875667,1
64172,CUBBYS #108,"I-80, EXIT 420 & SR-63",Greenwood,NE,40.961687,-96.443043,3.399000,3.399000,3.399000,1
64173,SAPP BROS TRAVEL CENTER,"I-80, EXIT 405",Lincoln,NE,40.808943,-96.677895,3.365667,3.365667,3.365667,1
64181,SUNOCO- JOYCE KILMER PLAZA #7012,"NJTP,EXIT 8A",East Brunswick,NJ,40.426249,-74.418244,3.899000,3.899000,3.899000,1
64182,SUNOCO- VINCE LOMBARDI SERVICE AREA #7017,"NJ TURNPIKE, EXIT 18",Ridgefield,NJ,40.832677,-74.014088,3.899000,3.899000,3.899000,1
64183,SUNOCO- THOMAS EDISON PLAZA #7013,"NJTP, EXIT 11",Woodbridge,NJ,40.552857,-74.286939,3.899000,3.899000,3.899000,1
64187,SPEEDWAY #9117,"I-25, EXIT 339",Las Vegas,NM,35.604818,-105.217023,3.185667,3.185667,3.185667,1
64189,CIRCLE K #2708931,"I-10, EXIT 155",Tucumcari,NM,35.170291,-103.705046,3.259000,3.259000,3.259000,1
64195,DANDY MINI MART #14,"I-86, EXIT 62",Nichols,NY,42.020017,-76.370402,3.439000,3.439000,3.439000,1
64201,POCO SHOP #2,"I-95, EXIT 31",Saint Pauls,NC,34.809197,-78.976559,3.799000,3.799000,3.799000,1
64206,SUNOCO WOODROW WILSON PLAZA #7010,"NJTP, EXIT 7",Trenton,NJ,40.223841,-74.763624,3.899000,3.899000,3.899000,1
64210,FUEL 1,"I-287, EXIT 4",South Plainfield,NJ,40.574413,-74.414800,4.799000,4.799000,4.799000,1
64211,PILOT #490/WESTERN PETROLEUM,US-180,Carlsbad,NM,32.400790,-104.241012,3.729000,3.729000,3.729000,1
64215,STRIPES 7FLEET #42588,US-380 & SR-206,Tatum,NM,33.255394,-103.310822,3.662333,3.662333,3.662333,1
64216,DANDY MINI MART #31,SR-13 & SR-224,Cayuta,NY,42.271993,-76.684886,4.399000,4.399000,4.399000,1
64218,PILOT TRAVEL CENTERS #494,"I-88, EXIT 25",Schenectady,NY,42.802641,-73.927200,3.999000,3.999000,3.999000,1
64221,BELL STORES #49,"I-76E, EXIT 25B",Akron,OH,41.080456,-81.521429,3.499000,3.499000,3.499000,1
64223,7-ELEVEN #40295,"I-80, EXIT 170",Broadview Heights,OH,41.318156,-81.679262,3.527333,3.527333,3.527333,1
64224,7-ELEVEN #40296,SR-176,Broadview Heights,OH,41.318156,-81.679262,3.532333,3.532333,3.532333,1
64227,GO MART FOOD STORE #116,US-50 & SR-7,Coolville,OH,39.216237,-81.799648,3.357333,3.357333,3.357333,1
64229,SPEEDWAY #9385,"I-70, EXIT 129",Hebron,OH,39.965248,-82.486506,3.369000,3.369000,3.369000,1
64230,Certified Oil #400423,I-70 EXIT 126,Hebron,OH,39.965248,-82.486506,3.395667,3.395667,3.395667,1
64231,7-ELEVEN #40293,"OHIO TURNPIKE EB MILEPOST 139/I-80, EXIT 139",Amherst,OH,41.405329,-82.231725,3.532333,3.532333,3.532333,1
64233,74 FUEL STOP,"I-74, EXIT 3",Harrison,OH,39.256580,-84.786202,3.859000,3.859000,3.859000,1
64235,PENNZMART FUEL EXPRESS,ST 100,Tiffin,OH,41.114910,-83.180468,3.431500,3.431500,3.431500,1
64236,KFC TRAVELMART,SR-199,Upper Sandusky,OH,40.830669,-83.270709,3.249000,3.249000,3.249000,1
64243,Caseys #4519,US-62,Altus,OK,34.657061,-99.309046,3.005667,3.005667,3.005667,1
64244,CHOCTAW NATION DURANT WEST #632,US-69/US-75,Calera,OK,33.930829,-96.429060,3.089000,3.089000,3.089000,1
64256,CHEROKEE TRAVEL PLAZA,"I-40, EXIT 325",Roland,OK,35.414074,-94.514853,3.799000,3.799000,3.799000,1
64261,Phillips 66,US-75/SR-56,Okmulgee,OK,35.625162,-95.954032,2.989000,2.989000,2.989000,1
64264,CASEYS #4594,US-81 & US-70,Waurika,OK,34.183747,-98.026293,3.077333,3.077333,3.077333,1
64265,ASAP GENERAL STORE #101,"I-40, EXIT 84 & US-54",Weatherford,OK,35.539026,-98.684994,3.132333,3.132333,3.132333,1
64270,PENN JERSEY DIESEL & TRAILER,"I-95, EXIT 37",Bensalem,PA,40.106196,-74.943689,4.199000,4.199000,4.199000,1
64275,7-ELEVEN #40279,I-276 & US-202 (KING OF PRUSSIA SERVICE PLAZA WB),King Of Prussia,PA,40.096029,-75.379074,3.884000,3.884000,3.884000,1
64282,ONVO TRAVEL PLAZA - HICKORY RUN,"I-80, EXIT 274",White Haven,PA,41.059700,-75.786946,3.585667,3.585667,3.585667,1
64285,PILOT #4566,"I-85, EXIT 106",Blacksburg,SC,35.122088,-81.518119,3.429000,3.429000,3.429000,1
64287,CIRCLE K #2703099,"I-20, EXIT 33",Batesburg,SC,33.913306,-81.528079,3.085667,3.085667,3.085667,1
64288,PILOT #4581,"I-20, EXIT 116",Bishopville,SC,34.220070,-80.247370,3.432333,3.432333,3.432333,1
64294,HOT SPOT #6004,"I-26, EXIT 28",Enoree,SC,34.660485,-81.962520,3.099000,3.099000,3.099000,1
64298,CORNER MART #354,"I-26, EXIT 72",Newberry,SC,34.282254,-81.601461,3.299000,3.299000,3.299000,1
64299,CIRCLE K #2720881,US-17 & SR-165,Ravenel,SC,32.776278,-80.231948,3.439000,3.439000,3.439000,1
64300,CIRCLE K #2723416,"I-26, EXIT 28",Roebuck,SC,34.878987,-81.964442,3.082333,3.082333,3.082333,1
64301,HILLVIEW TRUCK STOP,"I-20, EXIT 39",Leesville,SC,33.916532,-81.513437,3.059000,3.059000,3.059000,1
64307,CIRCLE K #2723876,US-17 & SR-64,Round O,SC,32.937115,-80.540935,3.372333,3.372333,3.372333,1
64309,CIRCLE K #2723272,"I-26, EXIT 119",West Columbia,SC,33.990130,-81.099354,3.545667,3.545667,3.545667,1
64310,Palmetto Roads #308,"I-95, EXIT 77",Saint George,SC,33.186073,-80.579460,3.009000,3.009000,3.009000,1
64313,CUBBYS #403,"I-29, EXIT 79",Sioux Falls,SD,43.540696,-96.731962,3.065667,3.065667,3.065667,1
64314,JAKES CORNER,US-81 & SR-34,Winfred,SD,43.998795,-97.361614,3.049000,3.049000,3.049000,1
64336,LOVES TRAVEL STOPS #345,I-90/I-94 EXIT 48,Tomah,WI,43.988010,-90.501380,3.299000,3.289000,3.309000,2
64337,GRAVES TRUCK STOP,"I-20, EXIT 59",Carthage,TX,32.152046,-94.337111,2.999000,2.999000,2.999000,1
64343,Allsup's Marketplace #2411,US-67,Hawley,TX,32.606696,-99.810163,2.889000,2.889000,2.889000,1
64347,PILOT TRAVEL CENTERS #256,"US-58 & US-29, SE QUAD",Danville,VA,36.583334,-79.408071,4.009000,4.009000,4.009000,1
64350,STRIPES #40811,"I-37, EXIT 55",George West,TX,28.330000,-98.118304,3.015667,3.015667,3.015667,1
64352,CHEVRON #383461,"I-10, EXIT 259",Fort Stockton,TX,30.892574,-102.884210,3.029000,3.029000,3.029000,1
64355,CEFCO #34,US-281 & SR-38,Hamilton,TX,31.700387,-98.119669,3.029000,3.029000,3.029000,1
64360,CIRCLE K #2706983,"I-37, EXIT 36 & SR-359",Mathis,TX,28.090918,-97.817048,3.019000,3.019000,3.019000,1
64374,CEFCO #2001,US-287 & FM-369,Iowa Park,TX,33.962773,-98.680872,2.864000,2.864000,2.864000,1
64382,KOSSE COUNTRY STORE,SR-7 & SR-14,Kosse,TX,31.307426,-96.629490,3.115667,3.115667,3.115667,1
64390,TXB #71 DBA KWIK CHEK FOOD STORES,"I-20, EXIT 136",Midland,TX,32.024642,-102.113467,3.079000,3.079000,3.079000,1
64393,TEX-BEST #505,"I-35, EXIT 183",New Braunfels,TX,29.699306,-98.115127,2.805667,2.805667,2.805667,1
64399,LOVES TRAVEL STOPS #247,US-287 & SR-256,Memphis,TX,34.726734,-100.541655,3.789000,3.789000,3.789000,2
64406,Main Street Market,SR-84 & FM-73,Prairie Hill,TX,31.654254,-96.782864,2.899000,2.899000,2.899000,1
64407,CIRCLE K #2741527,US-281,Premont,TX,27.358516,-98.124430,2.999000,2.999000,2.999000,1
64408,QUIKTRIP #4058,"I-37, EXIT 125 & SR-1604",San Antonio,TX,29.462809,-98.524635,2.965667,2.965667,2.965667,1
64409,LONE STAR TRAVEL CENTER,"I-35, EXIT 147",San Antonio,TX,29.462809,-98.524635,3.059000,3.059000,3.059000,1
64420,Valero,US-59 & AT ST-87,Timpson,TX,31.906912,-94.397056,3.059000,3.059000,3.059000,1
64421,TXB #17 DBA KWIK CHEK FOOD STORES,SR-121,Trenton,TX,33.426257,-96.344594,3.299000,3.299000,3.299000,1
64422,Chevron,"I-10, EXIT 858",Vidor,TX,30.128139,-93.991733,2.749000,2.749000,2.749000,1
64423,PILOT #568,"I-35, EXIT 140",Von Ormy,TX,29.277391,-98.657373,3.210667,3.210667,3.210667,1
64430,GOLDEN SPIKE TRAVEL PLAZA,"I-15, EXIT 382",Tremonton,UT,41.718352,-112.187837,3.599000,3.599000,3.599000,1
64431,RJS  FUEL STOP,"I-15, EXIT 40",Tremonton,UT,41.718352,-112.187837,3.459000,3.459000,3.459000,1
64435,SPEEDWAY #4632,US-360/US-58 & SR-1224,Danville,VA,36.583334,-79.408071,4.059000,4.059000,4.059000,1
64436,MS 58 PLAZA,"I-95, EXIT 11",Emporia,VA,36.696182,-77.535975,3.182333,3.182333,3.182333,1
64438,PILOT TRAVEL CENTER #4622,US-58,South Boston,VA,36.711825,-78.913354,4.009000,4.009000,4.009000,1
64441,MILLER MART #55,US-460 & US-58/US-13,Suffolk,VA,36.697157,-76.634781,3.092333,3.092333,3.092333,1
64442,PILOT TRUCK STOP #583,"I-5, EXIT 262",Ferndale,WA,48.852628,-122.588623,4.579000,4.559000,4.599000,2
64445,KWIK TRIP #413,SR-93 & SR-95,Arcadia,WI,44.248573,-91.491567,3.315667,3.315667,3.315667,1
64446,SPEEDWAY #4293,"I-90 & I-43, EXIT 185A",Beloit,WI,42.523506,-89.017660,3.799000,3.799000,3.799000,1
64447,KWIK TRIP #621,"SR-29/SR-55, EXIT 234 & SR-47/SR-117",Bonduel,WI,44.737994,-88.451350,3.457333,3.457333,3.457333,1
64451,ROYAL FARMS #79,ST 13,New Church,VA,37.983247,-75.529065,3.339000,3.339000,3.339000,1
64455,SPEEDWAY #4648,SR-254,Waynesboro,VA,38.067157,-78.901420,3.959000,3.959000,3.959000,1
64463,KWIK TRIP #202,"I-39/US-51, EXIT 151 & SR-54",Plover,WI,44.462020,-89.537971,3.265667,3.265667,3.265667,1
64474,SIGNAL FOOD STORE #108,US-60,Mountain View,MO,36.993726,-91.701862,3.032333,3.032333,3.032333,1
64477,PILOT #1063,"I-40, EXIT 81",Marion,NC,35.677565,-82.001288,3.759000,3.759000,3.759000,1
64478,PILOT TRAVEL CENTERS #141,"I-80, EXIT 6",Evanston,WY,41.260088,-110.963739,3.699000,3.699000,3.699000,1
64479,YESWAY #1148,"US-30, EXIT 186",Marshalltown,IA,42.034300,-92.906266,3.245667,3.245667,3.245667,1
64480,TA Garden City,US-83 & US-400,Garden City,KS,37.975022,-100.850870,3.730667,3.730667,3.730667,1
64481,LOVES TRAVEL STOP #282,"I-44, EXIT 4 & SR-43",Joplin,MO,37.075218,-94.501259,3.397333,3.397333,3.397333,1
64482,LOVES TRAVEL STOP #208,"I-55, EXIT 119 & SR-22",Canton,MS,32.598419,-90.032191,3.489000,3.489000,3.489000,1
64484,LOVES TRAVEL STOP #206,"I-10, EXIT 44 & SR-59",Loxley,AL,30.684588,-87.739213,3.339000,3.339000,3.339000,1
64485,PILOT TRAVEL CENTERS #433,"I-20, EXIT 470",Dallas,TX,32.793333,-96.766513,3.182333,3.182333,3.182333,1
64486,GREENWAY STORE #614,"I-85/SR-403, EXIT 61 & SR-74",Fairburn,GA,33.547798,-84.587265,3.199000,3.199000,3.199000,1
64487,PILOT TRAVEL CENTERS #165,"I-57 & I-70, EXIT 162",Effingham,IL,39.119750,-88.550896,3.389000,3.299000,3.499000,5
64488,PILOT TRAVEL CENTERS #274,"I-10, EXIT 109",Breaux Bridge,LA,30.283099,-91.905919,3.142333,3.142333,3.142333,1
64490,QUICK FUEL #2201,"I-85, EXIT 36",Atlanta,GA,33.762909,-84.422675,3.352333,3.352333,3.352333,1
64491,QUICK FUEL #1803,I-80/I-294 & SR-1,South Holland,IL,41.598372,-87.602736,3.855667,3.829000,3.889000,3
64492,QUICK FUEL #2103,"I-70, EXIT 89",Indianapolis,IN,39.776664,-86.145935,3.309000,3.309000,3.309000,1
64493,QUICK FUEL #2801,"I-435, EXIT 1-A AT MILE 1",Lenexa,KS,38.965268,-94.803937,3.369000,3.369000,3.369000,1
64494,QUICK FUEL #1704,I-75 EXIT 42 AT MILE 42,Lincoln Park,MI,42.243291,-83.181258,3.644000,3.619000,3.669000,2
64495,QUICK FUEL #1702,"I-96, EXIT 173",Livonia,MI,42.397183,-83.372319,3.799000,3.799000,3.799000,1
64496,QUICK FUEL #1703,"I-94, EXIT 199-A",Romulus,MI,42.223649,-83.366036,3.545667,3.519000,3.569000,3
64498,QUICK FUEL #1705,SR-53,Warren,MI,42.492904,-83.025001,3.795667,3.749000,3.849000,3
64499,QUICK FUEL #2401,"I-71, EXIT 234",Bridgeton,MO,38.773317,-90.416997,3.094000,3.094000,3.094000,1
64500,QUICK FUEL #2402,"I-435, EXIT 57",Kansas City,MO,39.122361,-94.555117,3.292333,3.292333,3.292333,1
64501,QUICK FUEL #2602,"I-85, EXIT 40",Charlotte,NC,35.209045,-80.830990,3.395667,3.395667,3.395667,1
64502,QUICK FUEL #2305,"I-270, EXIT 10",Columbus,OH,39.983938,-82.984882,3.630667,3.630667,3.630667,1
64503,QUICK FUEL #2304,"I-75, EXIT 210",Toledo,OH,41.664071,-83.581861,3.600667,3.600667,3.600667,1
64508,QUICK FUEL #1150,US-51 & SR-30,Madison,WI,43.087815,-89.429856,3.575667,3.575667,3.575667,1
64509,QUICK FUEL #1002,"I-94, EXIT 319",Milwaukee,WI,43.063348,-87.966695,3.740667,3.740667,3.740667,1
64511,QUICK FUEL #1010,SR-100,Milwaukee,WI,43.063348,-87.966695,3.779000,3.779000,3.779000,1
64512,QUICK FUEL #1001,"I-94, EXIT 301",New Berlin,WI,42.972000,-88.129168,3.499000,3.499000,3.499000,1
64514,PILOT TRAVEL CENTERS #435,"I-10, EXIT 0",Anthony,TX,31.986731,-106.598634,3.459000,3.459000,3.459000,1
64517,KWIK TRIP #696,"I-94, EXIT 19 & US-63",Baldwin,WI,44.954448,-92.371520,3.574000,3.574000,3.574000,1
64519,BLUE RIDGE TRAVEL PLAZA,"I-81 SOUTHBOUND, EXIT 155",Mountain Top,PA,41.135302,-75.904430,3.649000,3.649000,3.649000,1
64520,LOVES TRAVEL STOP #222,"I-70/US-35, EXIT 149B & US/35/SR-38",Richmond,IN,39.832086,-84.890917,3.949000,3.949000,3.949000,1
64521,CHOCTAW TRAVEL PLAZA #635,US-259/SR-3,Broken Bow,OK,34.028862,-94.741357,2.999000,2.999000,2.999000,1
64523,SKY CITY TRAVEL CENTER,"I-40, EXIT 102 NORTH",Pueblo Of Acoma,NM,34.896435,-107.581716,3.280667,3.280667,3.280667,1
64525,PILOT TRAVEL CENTERS #3,"I-80, EXIT 223",Youngstown,OH,41.099095,-80.645902,3.452333,3.452333,3.452333,1
64526,PILOT TRAVEL CENTERS #53,"I-40, EXIT 143",Hurricane Mills,TN,35.971174,-87.781969,3.175667,3.175667,3.175667,1
64527,PILOT TRAVEL CENTERS #50,"I-71, EXIT 28",Pendleton,KY,38.462288,-85.303568,3.759000,3.759000,3.759000,1
64528,Raceway #7007,SR-74 & SR-180,Shelby,NC,35.290405,-81.545645,3.249000,3.249000,3.249000,1
64529,PILOT TRAVEL CENTERS #436,"I-40, EXIT 75",Amarillo,TX,35.198064,-101.833107,3.265667,3.265667,3.265667,1
64530,PILOT TRAVEL CENTERS #420,"I-20, EXIT 114",Madison,GA,33.579038,-83.475971,3.859000,3.859000,3.859000,2
64532,PILOT TRAVEL CENTER #4560,"I-75, EXIT 201",Jackson,GA,33.292359,-83.967846,3.385667,3.375667,3.395667,2
64533,SHELL,US-287/US-81 & CR-718,Haslet,TX,32.966518,-97.337825,2.890667,2.890667,2.890667,1
64534,CIRCLE K #4707045,"I-95, EXIT 32",Biddeford,ME,43.438733,-70.392943,3.957333,3.957333,3.957333,1
64535,FLYING J TRAVEL PLAZA #628,"I-85, EXIT 160",Carnesville,GA,34.375266,-83.227532,3.205667,3.205667,3.205667,1
64536,FLYING J TRAVEL PLAZA #640,"I-84, EXIT 173",Jerome,ID,42.718095,-114.515791,3.902333,3.902333,3.902333,1
64537,FLYING J TRAVEL PLAZA #739,"I-35, EXIT 330B",Waco,TX,31.557994,-97.189750,3.220667,3.220667,3.220667,1
64538,PILOT TRAVEL CENTERS #445,"I-94, EXIT 22 & US-20",Chesterton,IN,41.599822,-87.054996,3.814000,3.799000,3.829000,2
64545,HOBO PANTRY #24,US-231 & SR-10,Brundidge,AL,31.717639,-85.817550,3.599000,3.599000,3.599000,1
64546,GRUB MART #13,"I-59, EXIT 205 & US-411/SR-25/SR-68",Centre,AL,34.153059,-85.671683,3.349000,3.349000,3.349000,1
64554,FACKLER TEXACO TRUCK STOP,US-72 & CR-42,Fackler,AL,34.792583,-85.909977,3.199000,3.199000,3.199000,1
64558,MR FUEL #1203,"I-20, EXIT 129",Meridian,MS,32.384170,-88.689448,2.812333,2.812333,2.812333,1
64569,LOVES TRAVEL STOP #624,"I-65, EXIT 8B",Mobile,AL,30.668426,-88.100226,3.205667,3.205667,3.205667,1
64571,PETRO STOPPING CENTER #331,"I-15, EXIT 54",Las Vegas,NV,36.233499,-115.264037,3.734000,3.734000,3.734000,1
64572,CIRCLE K #2723730,US-43/SR-13/SR-69,Northport,AL,33.257565,-87.596396,3.399000,3.399000,3.399000,1
64578,MARATHON,US-431/SR-1,Phenix City,AL,32.453709,-85.031019,3.249000,3.249000,3.249000,1
64581,SNEAD SHELL,US-278 & SR-75,Altoona,AL,34.040014,-86.305179,3.109000,3.109000,3.109000,1
64592,LOVES TRAVEL STOP #368,"I-65, EXIT 208 & CR-28",Clanton,AL,32.845572,-86.619494,3.337333,3.337333,3.337333,1
64595,PILOT TRAVEL CENTERS #425,"I-10, EXIT 192",Midway,FL,30.405055,-87.009612,3.799000,3.799000,3.799000,2
64599,PONY EXPRESS TRAVEL PLAZA #6,"US-167/US-67, EXIT16 & SR-5",Cabot,AR,34.975106,-92.028288,3.499000,3.499000,3.499000,1
64600,Caseys #4552,"I-40, EXIT 57",Clarksville,AR,35.453918,-93.481558,3.244000,3.244000,3.244000,1
64610,KINGS RIVER COUNTRY STORE,US-412,Huntsville,AR,36.098656,-93.733244,3.265667,3.265667,3.265667,1
64617,SHELL,"I-55, EXIT 48",Osceola,AR,35.694195,-89.993421,2.999000,2.999000,2.999000,1
64647,HOOKS,I-16 EXIT 16,East Dublin,GA,32.546925,-82.866967,3.399000,3.399000,3.399000,1
64648,QUICK FUEL #2203,"I-20, EXIT 14",Atlanta,GA,33.762909,-84.422675,3.319000,3.319000,3.319000,1
64651,QUICK FUEL #2101,I-465,Indianapolis,IN,39.776664,-86.145935,3.869000,3.869000,3.869000,1
64654,Fast Stop,"I-10, EXIT 177",Saint Gabriel,LA,30.255202,-91.100363,3.699000,3.699000,3.699000,1
64655,ONE9 #7937,"I-85/I-40, EXIT 132",Mc Leansville,NC,36.097555,-79.654748,3.399000,3.399000,3.399000,1
64656,QUICK FUEL #2601,SR-27,Charlotte,NC,35.209045,-80.830990,3.512333,3.512333,3.512333,1
64660,QUICK FUEL #1005,SR-59 & SR-164,Waukesha,WI,43.009084,-88.245062,3.623000,3.623000,3.623000,1
64662,QUICK FUEL #1011,"I-94, EXIT 100",Milwaukee,WI,43.063348,-87.966695,3.520667,3.520667,3.520667,1
64664,CIRCLE K #4701424,"I-74, EXIT 102",Morton,IL,40.613730,-89.466800,3.652333,3.599000,3.699000,3
64671,FLYING J TRAVEL PLAZA #756,"I-94, EXIT 116 & CR-A",Black River Falls,WI,44.298452,-90.842787,3.382333,3.382333,3.382333,1
64672,FLYING J TRAVEL PLAZA #655,"I-70, EXIT 123 & SR-3",Spiceland,IN,39.843142,-85.426053,3.959000,3.959000,3.959000,1
64673,WESTVILLE TRUCKSTOP,US-6/US-421,Westville,IN,41.537547,-86.904942,3.585667,3.585667,3.585667,1
64674,ZANCO SHELL,"I-395, EXIT 87",Plainfield,CT,41.693613,-71.900776,4.399000,4.399000,4.399000,1
64675,Petro Mart #45,"I-70/US-40, EXIT 148 & US-54",Kingdom City,MO,38.947306,-91.935419,2.939000,2.939000,2.939000,1
64676,PILOT TRAVEL CENTERS #460,"I-40, EXIT 140",Oklahoma City,OK,35.467079,-97.513657,3.309000,3.309000,3.309000,1
64677,MOUNT VERNON FUEL CENTER,"I-75, EXIT 59 & US-25",Mount Vernon,KY,37.357071,-84.332869,2.999000,2.999000,2.999000,1
64678,AINSWORTH FOUR CORNERS,US-218/SR-27 & SR-92,Ainsworth,IA,41.290050,-91.554266,3.109000,3.109000,3.109000,1
64679,PILOT TRAVEL CENTERS #118,I-30 EXIT 121,Benton,AR,34.577424,-92.572583,3.229000,3.199000,3.259000,2
64681,PILOT TRAVEL CENTERS #458,"I-10, EXIT 208",Eloy,AZ,32.741255,-111.594015,3.459000,3.439000,3.479000,2
64682,FLYING J TRAVEL PLAZA #705,"I-40, EXIT 20 & US-283",Sayre,OK,35.295653,-99.628239,3.182333,3.182333,3.182333,1
64683,QUIKTRIP #777,"I-20, EXIT 49",Atlanta,GA,33.762909,-84.422675,2.972333,2.972333,2.972333,1
64684,MR FUEL #721,"I-465, EXIT 4 & SR 37",Indianapolis,IN,39.776664,-86.145935,3.319000,3.319000,3.319000,1
64687,PILOT TRAVEL CENTERS #421,"I-75, EXIT 326",Dalton,GA,34.767898,-84.972812,3.295667,3.285667,3.305667,2
64706,CIRCLE K #2721571,"I-65, EXIT 69",Brewton,AL,31.109175,-87.076583,3.399000,3.399000,3.399000,1
64712,SUNSTOP #650,US-431 & SR-210,Dothan,AL,31.233698,-85.406823,3.412333,3.412333,3.412333,1
64713,GOOD TO GO,"I-65, EXIT 200",Enterprise,AL,31.326898,-85.844021,3.599000,3.599000,3.599000,1
64715,CIRCLE K #2709067,US-31/SR-6,Prattville,AL,32.449041,-86.449401,3.499000,3.499000,3.499000,1
64718,CUZZS,US-43/SR-13,Thomasville,AL,31.915011,-87.737204,3.532333,3.532333,3.532333,1
64719,CIRCLE K #2706697,"I-85, EXIT 77",Valley,AL,32.801427,-85.204438,3.399000,3.399000,3.399000,1
64721,FLASH MARKET #17049,"I-40/US-63, EXIT 216 & US-49/SR-17",Brinkley,AR,34.889781,-91.189819,3.179000,3.179000,3.179000,1
64723,CASHS #4470,US-65,Dumas,AR,33.883372,-91.485632,3.209000,3.209000,3.209000,1
64724,TOBOS TRAVEL CENTER,"I-540, EXIT 58",Fayetteville,AR,36.071455,-94.166564,3.349000,3.349000,3.349000,1
64755,PILOT TRAVEL CENTERS #44,"I-70, EXIT 101",Boonville,MO,38.961439,-92.746203,3.519000,3.519000,3.519000,1
64764,CORNER MARKET #62,SR-13/SR-789 & SR-64,Meeker,CO,40.049953,-107.894584,3.729000,3.729000,3.729000,1
64765,CENEX,"I-76, EXIT 125",Sterling,CO,40.620487,-103.192582,3.415667,3.415667,3.415667,1
64773,Sun Gas,US-301,Middletown,DE,39.443394,-75.717504,2.999000,2.999000,2.999000,1
64775,SHORE STOP #287,US-13,New Castle,DE,39.670017,-75.566519,3.299000,3.289000,3.309000,2
64777,4 POINTS MARKET,US-441/SR-7 & SR-804,Boynton Beach,FL,26.528334,-80.080722,3.229000,3.229000,3.229000,1
64778,SUNSTOP #347,US-27,Branford,FL,29.962250,-82.924284,3.699000,3.699000,3.699000,1
64779,SPEEDWAY #6530,US-50,Brooksville,FL,28.516578,-82.404665,3.382333,3.382333,3.382333,1
64789,KROME EXXON,SR-997 & SR-994,Miami,FL,25.775163,-80.208615,3.399000,3.399000,3.399000,1
64793,CIRCLE K #2721297,US-301,Middleburg,FL,30.050226,-81.901075,3.399000,3.399000,3.399000,1
64795,QUICK FUEL #5101,"I-4, EXIT 79",Orlando,FL,28.408650,-81.254805,3.362333,3.362333,3.362333,1
64798,RIVIERA TRUCKSTOP,SR-710,West Palm Beach,FL,26.745114,-80.127038,3.779000,3.779000,3.779000,1
64803,MARATHON,"I-4, EXIT 3",Tampa,FL,27.966262,-82.477618,3.422333,3.422333,3.422333,1
64804,SPEEDLANE,US-301 &SR-574,Tampa,FL,27.966262,-82.477618,3.449000,3.449000,3.449000,1
64811,SUNSTOP #819,US-19,Americus,GA,32.074377,-84.222829,3.699000,3.699000,3.699000,1
64815,BUENA VISTA GAS N GO,SR-26 & SR-41,Buena Vista,GA,32.318481,-84.517564,3.299000,3.299000,3.299000,1
64819,CIRCLE K #4174,"I-285/SR-407, EXIT 53 & US-23/SR-42",Conley,GA,33.642273,-84.334334,3.999000,3.999000,3.999000,1
64820,Mr Pips,US-84/SR-38,Donalsonville,GA,31.039691,-84.878424,3.199000,3.199000,3.199000,1
64825,EXIT 10 AUTO AND TRUCK STOP,"I-185/SR-411, EXIT 19 & SR-315",Fortson,GA,32.607082,-84.937154,3.399000,3.399000,3.399000,1
64831,CIRCLE K #2745072,US-341,Lumber City,GA,31.933052,-82.683197,3.529000,3.529000,3.529000,1
64833,QWICKSERV,US-319 BUS & SR-133/SR-35/SR-33,Moultrie,GA,31.179430,-83.790786,3.599000,3.599000,3.599000,1
64834,SUSIE Q #90,US-319 & SR-33,Moultrie,GA,31.179430,-83.790786,3.799000,3.799000,3.799000,1
64840,BP,US-278/SR-6 & SR-101,Rockmart,GA,34.008306,-85.044978,3.599000,3.599000,3.599000,1
64842,Circle K #2745128,US-301 & US-25,Statesboro,GA,32.437726,-81.775637,3.199000,3.199000,3.199000,1
64843,A TO Z TRUCKSTOP,US-301/US-25/SR-73,Statesboro,GA,32.437726,-81.775637,3.599000,3.599000,3.599000,1
64850,SHAKE RAG EXPRESS,US-1 & US-78,Wadley,GA,32.864790,-82.402802,3.415667,3.415667,3.415667,1
64856,KUM & GO #1056,"I-35, EXIT 56",Bevington,IA,41.359945,-93.784239,3.099000,3.099000,3.099000,1
64857,CHARITON FOOD SHOP,US-34,Chariton,IA,41.017447,-93.309629,3.369000,3.369000,3.369000,1
64859,QUICK FUEL #2901,"I-35/I-80, EXIT 136",Des Moines,IA,41.572590,-93.610243,3.137333,3.137333,3.137333,1
64860,BP TRUCK PLAZA,US-61/US-151,Dubuque,IA,42.498901,-90.707258,3.489000,3.489000,3.489000,1
64862,218 FUEL EXPRESS,US-218 & US-18,Floyd,IA,43.128185,-92.739944,3.489000,3.489000,3.489000,1
64863,FT MADISON FAST BREAK,US-61,Fort Madison,IA,40.620781,-91.349470,3.399000,3.399000,3.399000,1
64868,MEDIAPOLIS FAST BREAK,US-61,Mediapolis,IA,41.007867,-91.163720,3.349000,3.349000,3.349000,1
64871,STEWART ROAD FAST BREAK,CR-X61,Muscatine,IA,41.419058,-91.067946,3.299000,3.299000,3.299000,1
64873,CUBBYS #2301,"I-29, EXIT 112",Onawa,IA,42.026476,-96.090917,3.149000,3.149000,3.149000,1
64874,OSCEOLA TRAVEL PLAZA,"I-25, EXIT 33 & US-34",Osceola,IA,41.029726,-93.785259,3.312333,3.312333,3.312333,1
64875,CASEYS #2598,"SR-163, EXIT 42",Pella,IA,41.404715,-92.917412,3.199000,3.199000,3.199000,1
64876,PILOT TRAVEL CENTER #238,"I-29, EXIT 10",Percival,IA,40.751269,-95.813266,3.799000,3.799000,3.799000,2
64877,CASEYS #3900,"US-218, EXIT 80 & SR-22",Riverside,IA,41.483235,-91.572195,3.170667,3.170667,3.170667,1
64880,CASEYS #2487,US-71/SR-9,Spirit Lake,IA,43.416659,-95.113071,3.382333,3.382333,3.382333,1
64881,SPARKYS ONE STOP #16,US-71 & SR-3,Storm Lake,IA,42.642951,-95.196463,3.232333,3.232333,3.232333,1
64883,KUM & GO #1046,"I-80, EXIT 46 & CR-M47",Walnut,IA,41.489453,-95.219669,3.109000,3.109000,3.109000,1
64884,SAPP BROS TRAVEL CENTER,US-61 & SR-78,Sioux City,IA,42.495290,-96.389858,3.649000,3.649000,3.649000,1
64886,WEVER JUNCTION,US-61 & CR-X50,Wever,IA,40.705655,-91.228102,3.399000,3.399000,3.399000,1
64887,COUNCIL FOOD AND FUEL,US-95,Council,ID,44.733195,-116.436837,3.589000,3.589000,3.589000,1
64888,NOMNOM #21,US-95 & SR-13,Grangeville,ID,45.925826,-116.121916,3.907333,3.907333,3.907333,1
64892,JACKSONS FOOD STORE #3,US-95,Wilder,ID,43.678388,-116.907585,3.579000,3.579000,3.579000,1
64894,CIRCLE K #4701251,"I-55, EXIT 160B & SR-9",Bloomington,IL,40.475777,-88.969912,3.499000,3.399000,3.599000,3
64902,DOWNS TRAVEL MART,"I-74, EXIT 142",Downs,IL,40.398775,-88.889199,3.499000,3.499000,3.499000,1
64907,FREEDOM OIL #77,"I-74, EXIT 112 & SR-117",Goodfield,IL,40.630589,-89.258084,3.659000,3.659000,3.659000,1
64913,Circle K #4701331,US-136 & US-67,Macomb,IL,40.470149,-90.683114,3.499000,3.499000,3.499000,1
64914,Martinsville Food and Fuel,"I-70, EXIT 136",Martinsville,IL,39.338421,-87.880862,3.489000,3.489000,3.489000,1
64920,KWIK STAR #1530,"I-88/SR-110, EXIT 76 & SR-251",Rochelle,IL,41.919149,-89.063661,3.499000,3.499000,3.499000,1
64928,SPEEDWAY #1432,"I-294, EXIT 22",Willow Springs,IL,41.734137,-87.884010,3.859000,3.859000,3.859000,1
64929,KARTAR TRUCK STOP,"I-74, EXIT 32 & SR-17",Woodhull,IL,41.178433,-90.322179,3.599000,3.599000,3.599000,1
64930,THORNDALE SHELL,"I-290, EXIT 5",Wood Dale,IL,41.966306,-87.980851,3.459000,3.459000,3.459000,1
64933,MCCLURE OIL #66,US-33/US-27,Decatur,IN,40.828854,-84.927813,3.699000,3.699000,3.699000,1
64938,FAMILY EXPRESS #41 (DISCOUNT AVAILABLE),US-52,Lafayette,IN,40.399410,-86.862806,3.432333,3.432333,3.432333,1
64939,FAMILY EXPRESS #27 (DISCOUNT AVAILABLE),US-421,Medaryville,IN,41.080356,-86.890549,3.649000,3.649000,3.649000,1
64946,MORNING STAR AUTO TRUCK PLAZA,"I-69, EXIT 334 & US-6",Waterloo,IN,41.437398,-85.051661,3.699000,3.699000,3.699000,1
64949,PETES #36,US- 54 & US-169,Iola,KS,37.927427,-95.400669,3.205667,3.205667,3.205667,1
64950,CASEYS #2957,US-73 & US-36,Hiawatha,KS,39.851686,-95.537965,3.150667,3.150667,3.150667,1
64952,AMPRIDE,US-160,Johnson,KS,37.570442,-101.744783,3.399000,3.399000,3.399000,1
64961,SAC AND FOX TRUCK STOP,US-75,Powhattan,KS,39.761734,-95.634011,2.984000,2.984000,2.984000,1
64963,FLINT HILLS ONE STOP,US-50,Strong City,KS,38.395431,-96.536666,2.919000,2.919000,2.919000,1
64964,U PUMP IT,US-83 & US-56,Sublette,KS,37.482226,-100.846492,3.679000,3.679000,3.679000,1
64969,ALLSTAR FOOD MART,SR-55,Campbellsville,KY,37.343920,-85.352238,3.159000,3.159000,3.159000,1
64980,DOUBLE KWIK MARKET #1044,SR-15/SR-7/SR-160,Isom,KY,37.187876,-82.898772,3.749000,3.749000,3.749000,1
64982,FAS MART #5260,SR-9 & US-68/US-62/SR-10,Maysville,KY,38.650015,-83.792961,3.364000,3.364000,3.364000,1
64984,DOUBLE KWIK MARKET #1062,"I-75, EXIT 104",Nicholasville,KY,37.889969,-84.566825,3.499000,3.499000,3.499000,1
64990,LAKE COUNTRY OUTDOORS,SR-127,Russell Springs,KY,37.050696,-85.080481,3.199000,3.199000,3.199000,1
64994,E Z STOP,SR-555 & SR-9002,Willisburg,KY,37.810316,-85.119581,3.379000,3.379000,3.379000,1
64996,AVONDALE TRUCK STOP,SR-90,Westwego,LA,29.905363,-90.143545,3.449000,3.449000,3.449000,1
64998,CM BAYOU VISTA,US-90,Morgan City,LA,29.710332,-91.191542,3.399000,3.399000,3.399000,1
64999,I 220 TRAVEL PLAZA,"I-270, EXIT 17A & US-80/US-79",Bossier City,LA,32.523674,-93.655426,2.992333,2.992333,2.992333,1
65000,SILVERS TRAVEL CENTER,"I-10, EXIT 109",Breaux Bridge,LA,30.283099,-91.905919,3.369000,3.369000,3.369000,1
65002,FOOD N FUN #11,US-90 & SR-92-1,Broussard,LA,30.140831,-91.956060,3.302333,3.302333,3.302333,1
65005,USA TRAVEL CENTER,"I-20, EXIT 103/US-80",Calhoun,LA,32.515309,-92.353926,3.215667,3.215667,3.215667,1
65006,GOLDMINE TRUCKSTOP,US-190,Eunice,LA,30.490429,-92.419064,3.199000,3.199000,3.199000,1
65007,GOLDEN GROVE TRUCK PLAZA,SR-641 & SR-3125,Gramercy,LA,30.061913,-90.693634,3.419000,3.419000,3.419000,1
65008,BIG WHEELS TRAVEL CENTER,"US-90, EXIT 204 & SR-316",Gray,LA,29.678003,-90.783138,3.499000,3.499000,3.499000,1
65011,PLANTATION TRUCK PLAZA,SR-311 & SR-664,Houma,LA,29.578681,-90.708023,3.115667,3.115667,3.115667,1
65017,Y NOT STOP MANSURA,SR-1,Mansura,LA,31.067324,-92.052825,3.399000,3.399000,3.399000,1
65019,Hwy 31 Truck Stop,SR 31,Saint Martinville,LA,30.127002,-91.831118,3.329000,3.329000,3.329000,1
65021,OPELOUSAS 190 TRUCK STOP,US-190,Opelousas,LA,30.524897,-92.081654,2.870667,2.870667,2.870667,1
65022,CM RACELAND,SR-1,Raceland,LA,29.723489,-90.629751,3.299000,3.299000,3.299000,1
65023,SHOP RITE #85,"I-10, EXIT 87 AT MILE 87",Rayne,LA,30.240513,-92.267335,3.149000,3.149000,3.149000,1
65025,ELSIE AUTO AND TRUCK PLAZA,SR-1,Shreveport,LA,32.466879,-93.792193,2.949000,2.949000,2.949000,1
65026,TA ST Rose #06480,US-61,Saint Rose,LA,29.963475,-90.307893,3.225667,3.225667,3.225667,1
65027,STARKS TRUCK STOP,SR-12,Starks,LA,30.310462,-93.666698,3.599000,3.599000,3.599000,1
65030,CASH MAGIC THIBODAUX,SR-1,Thibodaux,LA,29.794874,-90.814578,3.399000,3.399000,3.399000,1
65033,PILOT TRAVEL CENTERS #457,"I-75, EXIT 135",Beaverdam,OH,40.832487,-83.973383,3.330667,3.330667,3.330667,1
65036,WAVERLY TRUCKSTOP,"I-20, EXIT 157 & SR-577",Delhi,LA,32.452843,-91.489976,2.964000,2.964000,2.964000,1
65037,CIRCLE K #2707783,"I-20, EXIT 114 & SR-617",West Monroe,LA,32.512340,-92.151070,2.957333,2.957333,2.957333,1
65048,Irving,SR-2,Westminster,MA,42.554600,-71.905440,3.749000,3.749000,3.749000,1
65059,ROYAL FARMS #111,"I-95, EXIT 57",Baltimore,MD,39.300032,-76.610476,3.209000,3.209000,3.209000,1
65062,AC & T BIG POOL,"I-70, EXIT 12 & SR-56",Big Pool,MD,39.625094,-78.016168,3.659000,3.659000,3.659000,1
65064,A C AND T SHARPSBURG PIKE,"I-70, EXIT 29A & SR-65",Hagerstown,MD,39.640182,-77.722691,3.799000,3.799000,3.799000,1
65066,HURLOCK CITGO,SR-392 & SR-331,Hurlock,MD,38.625712,-75.867186,3.259000,3.259000,3.259000,1
65067,SUNOCO,US-301,Newburg,MD,38.377348,-76.953305,3.379000,3.379000,3.379000,1
65069,CIRCLE K #4707056,"I-95, EXIT 75",Auburn,ME,44.084537,-70.249649,3.899000,3.899000,3.899000,1
65074,CIRCLE K #4707004,"I-95, EXIT 244 & SR-157",Medway,ME,45.642403,-68.478671,3.502333,3.502333,3.502333,1
65075,CIRCLE K #4707017,"I-95, EXIT 48",Portland,ME,43.633157,-70.185305,3.742333,3.742333,3.742333,1
65083,SUNOCO,"I-75, EXIT 34B",Riverview,MI,42.173456,-83.198380,3.639000,3.639000,3.639000,1
65084,BEACON & BRIDGE #19,US-131 & SR-115,Cadillac,MI,44.251327,-85.413986,3.259000,3.239000,3.279000,3
65086,FRED MOORE BP,"I-94, EXIT 257",Casco,MI,42.459559,-86.198229,4.099000,4.099000,4.099000,1
65088,Circle K #2746528,US-41/SR-28 & SR-95,Champion,MI,46.633833,-87.839560,3.819000,3.819000,3.819000,1
65091,WYOMING FUEL PLAZA,"I-94, EXIT 210A",Dearborn,MI,42.313057,-83.211488,3.599000,3.599000,3.599000,1
65092,BP,"I-94 & US-12, EXIT 210",Dearborn,MI,42.313057,-83.211488,3.659000,3.199000,4.099000,4
65094,MARATHON,"I-75 & SR-32, EXIT 282",Gaylord,MI,45.021342,-84.681822,3.814000,3.799000,3.829000,2
65108,PICKLEMANS ONE STOP-ZEPHYR,ST 28,Newberry,MI,46.353821,-85.509804,3.699000,3.699000,3.699000,1
65113,NORTHWIND TRAVEL CENTER,"US-131, EXIT 153 & US-10",Reed City,MI,43.872754,-85.507006,3.549000,3.499000,3.599000,2
65121,BP TRAVEL CENTER AND TRUCK PLAZA,"I-275, EXIT 20",Belleville,MI,42.201917,-83.482812,4.199000,4.199000,4.199000,1
65127,PITSTOP MOBIL MART,"I-196, EXIT 72",Wyoming,MI,42.890317,-85.706733,3.674000,3.549000,3.799000,2
65129,HOLIDAY STATIONSTORE #2746345,"I-94, EXIT 103/US-52 & SR-29",Alexandria,MN,45.877178,-95.376965,3.499000,3.499000,3.499000,1
65132,PETES PLACE SOUTH,US-71 & US-2,Bemidji,MN,47.487034,-94.882690,3.415667,3.415667,3.415667,1
65135,CIRCLE K #3819,SR-7,Clara City,MN,44.957438,-95.367668,3.332333,3.332333,3.332333,1
65136,HOLIDAY STATIONSTORE #2746422,"I-35, EXIT 253B",Duluth,MN,46.774458,-92.134135,3.499000,3.499000,3.499000,1
65141,KWIK TRIP #619,US-14 & ST-57,Kasson,MN,44.032463,-92.748348,3.549000,3.549000,3.549000,1
65142,HOLIDAY STATIONSTORE #2746376,"I-35W, EXIT 36 & CR-23",Circle Pines,MN,45.143748,-93.147517,3.549000,3.549000,3.549000,1
65153,7Fleet #46516,"I-75, EXIT 164",Waite Park,MN,45.520868,-94.242982,3.459000,3.459000,3.459000,1
65162,Petro Mart #15,I-270 EXIT 33,Saint Louis,MO,38.635699,-90.244582,2.904000,2.904000,2.904000,1
65165,AMERIMART # 11,US-61,Jackson,MO,37.379922,-89.654073,3.299000,3.299000,3.299000,1
65171,SIGNAL FOOD STORE #110,US-60 & SR-5,Mansfield,MO,37.109843,-92.580955,3.025667,3.025667,3.025667,1
65177,KUM & GO #0497,US-60/SR-413 & CR-M,Republic,MO,37.168552,-93.413061,3.079000,3.079000,3.079000,1
65178,WILD BILLS TRAVEL CENTER,US-65 & SR-14,Ridgedale,MO,36.503954,-93.223792,3.199000,3.199000,3.199000,1
65180,TREX MART #11,"I-29, EXIT 65 & US-59",Savannah,MO,39.938789,-94.828049,2.999000,2.999000,2.999000,1
65188,GAS MART,"US-78, EXIT 14 & SR-309",Byhalia,MS,34.869188,-89.689993,2.972333,2.972333,2.972333,1
65192,CIRCLE K #2723396,US-49,Collins,MS,31.648272,-89.567581,3.879000,3.879000,3.879000,1
65194,CIRCLE K #2723401,US-98 BYP/SR-44 & SR-13,Columbia,MS,31.256909,-89.825443,3.332333,3.332333,3.332333,1
65197,SINGH PETRO,US-11,Ellisville,MS,31.597277,-89.210269,3.059000,3.059000,3.059000,1
65198,CIRCLE K #2723437,US-49,Florence,MS,32.155615,-90.122454,2.895667,2.895667,2.895667,1
65204,SHELL GAS MART,US-82,Mathiston,MS,33.538877,-89.125890,3.365667,3.365667,3.365667,1
65212,Taters #2,US-98 & SR-29,New Augusta,MS,31.203377,-89.029338,3.315667,3.315667,3.315667,1
65213,CIRCLE K #2723390,US-98,New Augusta,MS,31.203377,-89.029338,3.199000,3.199000,3.199000,1
65214,NEWTON CROSSING,"I-20, EXIT 109 & SR-15",Newton,MS,32.330112,-89.147528,3.249000,3.249000,3.249000,1
65216,STUCKEYS EXPRESS,US-43S,Pelahatchie,MS,32.320903,-89.807951,3.199000,3.199000,3.199000,1
65221,CEFCO #544,"I-55/US-51, EXIT 81",Terry,MS,32.106057,-90.292595,2.899000,2.899000,2.899000,1
65223,SHELL EXPRESS MART,SR-7 & SR-315,Water Valley,MS,34.161990,-89.630120,3.065667,3.065667,3.065667,1
65225,CIRCLE K #2723402,US-49,Wiggins,MS,30.856048,-89.138981,3.509000,3.509000,3.509000,1
65234,COUNTRY MART,US-13/SR-11,Bethel,NC,35.807223,-77.376250,3.007333,3.007333,3.007333,1
65241,CIRCLE K #2723474,US-70,Goldsboro,NC,35.378226,-77.971869,3.540667,3.540667,3.540667,1
65246,DOBBS PLACE,"I-95, EXIT 17",Lumberton,NC,34.630608,-79.018601,3.159000,3.159000,3.159000,1
65250,CIRCLE K #2723473,US-70,Morehead City,NC,34.727891,-76.739088,3.649000,3.649000,3.649000,1
65251,SPEEDWAY #8277,US-17 & SR-43,New Bern,NC,35.095857,-77.070531,3.265667,3.265667,3.265667,1
65252,SPEEDWAY #6964,SR-125 & SR-11/SR-42,Oak City,NC,35.962519,-77.305093,3.197333,3.197333,3.197333,1
65267,CIRCLE K #2720939,"I-795/US-264, EXIT 43A & US-301",Wilson,NC,35.731488,-77.930750,3.049000,3.049000,3.049000,1
65268,SPEEDWAY #6931,"I-40, EXIT 195 & SR-109",Winston Salem,NC,36.102863,-80.260829,3.609000,3.609000,3.609000,1
65270,INTERSTATE CENEX,"I-94, EXIT 1 & SR-16",Beach,ND,46.918747,-104.005446,3.499000,3.499000,3.499000,1
65273,SIMONSON TRAVEL CENTER,"I-29, EXIT 141 & US-2",Grand Forks,ND,47.919595,-97.087328,3.539000,3.539000,3.539000,1
65274,CENEX C STORE,US-2 & SR-3,Rugby,ND,48.365422,-99.990223,3.399000,3.399000,3.399000,1
65282,HEBRON SINCLAIR,US-81,Hebron,NE,40.168735,-97.586350,3.284000,3.284000,3.284000,1
65283,CUBBYS #2107,US-20/SR-15,Laurel,NE,42.428614,-97.096363,3.139000,3.139000,3.139000,1
65284,Caseys #4526,"I-80, EXIT 237",Lexington,NE,40.777323,-99.746616,3.057333,3.057333,3.057333,1
65287,AM ENERGY,"I-80, EXIT 248",Overton,NE,40.740570,-99.537410,2.899000,2.899000,2.899000,1
65289,SHOEMAKERS SOUTH,US-77,Roca,NE,40.658469,-96.661397,3.349000,3.349000,3.349000,1
65290,ESSENTIAL FUEL #3,ST 71,Scottsbluff,NE,41.868088,-103.662035,3.599000,3.599000,3.599000,1
65292,CUBBYS #117,SR-2 & SR-50,Syracuse,NE,40.663504,-96.182733,3.319000,3.319000,3.319000,1
65293,TRAILS WEST SINCLAIR,US-34 & SR-25,Trenton,NE,40.174733,-101.013573,3.499000,3.499000,3.499000,1
65294,PRIME STOP,ST 35,Wayne,NE,42.237481,-97.008862,3.244000,3.244000,3.244000,1
65296,CIRCLE K #4707214,"I-93, EXIT 12S & I-89 & SR-3A",Bow,NH,43.133177,-71.537242,4.199000,4.199000,4.199000,1
65299,EPPING FUELING CENTER,SR-27 & SR-125,Epping,NH,43.034896,-71.098414,4.029000,4.029000,4.029000,1
65308,SUNOCO,SR-17,East Rutherford,NJ,40.817097,-74.085024,3.192333,3.192333,3.192333,1
65310,Edison Fuel Stop,US-1,Edison,NJ,40.504396,-74.348843,3.159000,3.159000,3.159000,1
65314,Union 76,"I-55, EXIT 50A",Richwood,NJ,39.716021,-75.172451,3.399000,3.399000,3.399000,1
65315,SUNOCO- RICHARD STOCKTON PLAZA #7009,NJ TURNPIKE MILE POST 58.7,Trenton,NJ,40.223841,-74.763624,3.899000,3.899000,3.899000,1
65319,PHILLIPS 66,US-30,Clementon,NJ,39.802681,-74.983763,3.199000,3.199000,3.199000,1
65320,PILOT #891,"I-80, EXIT 27B",Ledgewood,NJ,40.883268,-74.668029,4.099000,4.099000,4.099000,1
65328,THIND TRAVEL PLAZA,SR-20,North Bergen,NJ,40.793644,-74.025027,3.259000,3.259000,3.259000,1
65329,UTE MOUNTAIN TRAVEL CENTER,US-160 & US-491,Towaoc,CO,37.212599,-108.726461,3.457333,3.457333,3.457333,1
65332,BETTY ROSS TRUCK STOP /BP,US-130 & SR-73,Pennsauken,NJ,39.968368,-75.057851,3.329000,3.329000,3.329000,1
65334,SUNOCO,US 22 WEST,Phillipsburg,NJ,40.691974,-75.179006,3.329000,3.329000,3.329000,1
65335,CONOCO,US-22,Phillipsburg,NJ,40.691974,-75.179006,3.359000,3.359000,3.359000,1
65338,SWIFT FUEL STOP,"I-78, EXIT 13",Newark,NJ,40.724220,-74.172574,3.879000,3.879000,3.879000,1
65339,US GAS & DIESEL,US-46,Ridgefield,NJ,40.832677,-74.014088,3.229000,3.229000,3.229000,1
65343,ENRITE,"I-287, EXIT 4",South Plainfield,NJ,40.574413,-74.414800,3.999000,3.999000,3.999000,1
65345,SOUTH BRUNSWICK VALERO,US-130,North Brunswick,NJ,40.450392,-74.479416,3.165667,3.165667,3.165667,1
65350,Phillips 66,"I-295, EXIT 1",Vineland,NJ,39.465007,-74.997115,3.359000,3.359000,3.359000,1
65351,RIGGINS TRUCK PLAZA,"I-55, EXIT 26",Vineland,NJ,39.465007,-74.997115,3.269000,3.269000,3.269000,1
65353,SUNOCO- GROVER CLEVELAND TRAVEL PLAZA #7014,"NORTH NJ TNPK, EXIT 11",Woodbridge,NJ,40.552857,-74.286939,3.899000,3.899000,3.899000,1
65359,ROAD RUNNER TRAVEL CENTER,"I-25, EXIT 156",Lemitar,NM,34.155034,-106.912241,3.299000,3.299000,3.299000,1
65360,Roswell #60,US-285,Roswell,NM,33.373442,-104.529393,3.365667,3.365667,3.365667,1
65361,BLACK MESA TRAVEL CENTER,"I-25, EXIT 252",Algodones,NM,35.370711,-106.488878,3.269000,3.269000,3.269000,1
65365,CHEVRON #381125,US-95,Hawthorne,NV,38.525267,-118.626031,4.079000,4.079000,4.079000,1
65373,CHAMPLAIN PETERBILT FUEL MART,"I-87, EXIT 43",Champlain,NY,44.988281,-73.432429,3.799000,3.799000,3.799000,1
65377,PETROL 9 W,US-9W,Glenmont,NY,42.604802,-73.769566,3.699000,3.699000,3.699000,1
65379,MIRABITO #74,"SR-79 N/I-88E, EXIT 6",Harpursville,NY,42.178412,-75.624630,4.659000,4.659000,4.659000,1
65381,NATIVE PRIDE,"I-90, EXIT 58 & US-20",Irving,NY,42.567559,-79.112817,2.949000,2.899000,2.999000,2
65383,M AND M ALLEGANY JUNCTION,"I-86/SR-17, EXIT 23 & US-219/US-219 BUS",Limestone,NY,42.017267,-78.631327,3.129000,3.129000,3.129000,1
65386,MIRABITO #73,"I-88, EXIT 12",Otego,NY,42.392799,-75.180071,3.999000,3.999000,3.999000,1
65387,MAPLEFIELDS,SR-22 & SR-442,Peru,NY,44.579326,-73.533292,3.799000,3.799000,3.799000,1
65392,CIRCLE K #4707622,"I-90, EXIT 41",Seneca Falls,NY,42.911607,-76.797058,3.999000,3.999000,3.999000,1
65395,BELLSTORES #132,US-30 & SR-60,Ashland,OH,40.867068,-82.315152,3.499000,3.499000,3.499000,1
65398,QUICK FUEL #2306,"I-480, EXIT 12",Brookpark,OH,41.404309,-81.820342,3.669000,3.669000,3.669000,1
65400,NORTHSIDE FUEL STOP,US-30 & SR-19,Bucyrus,OH,40.805119,-82.971632,3.507333,3.507333,3.507333,1
65406,MOBIL,"I-90/SR-2, EXIT 182B",Cleveland,OH,41.478462,-81.679435,3.765667,3.765667,3.765667,1
65411,CLARKS PUMP N SHOP #10,SR- 32,Jackson,OH,39.044460,-82.644658,3.699000,3.699000,3.699000,1
65415,SPEEDWAY #9314,US-20 & SR-21,Massillon,OH,40.784483,-81.525216,3.482333,3.482333,3.482333,1
65423,BARNEYS CONVENIENCE MART #15,"I-75, EXIT 195 & I-90, EXIT 64 & SR-795",Rossford,OH,41.577572,-83.572178,3.599000,3.599000,3.599000,1
65426,CIRCLE K #4705357,US-23 & SR-316,Ashville,OH,39.724340,-82.957472,3.089000,3.089000,3.089000,1
65431,QUICK MART AND MORE,US-22 & SR-43,Steubenville,OH,40.366310,-80.657061,3.639000,3.639000,3.639000,1
65441,HUTCH'S #103,SR-6 & SR-66,Elk City,OK,35.389612,-99.428749,2.969000,2.969000,2.969000,1
65444,TXB #24 dba Kwik Chek Food Stores,US-70,Hugo,OK,34.011584,-95.512179,2.969000,2.969000,2.969000,1
65445,QWIK CHEQUE,US-70 & SR-37,Idabel,OK,33.907406,-94.822174,3.199000,3.199000,3.199000,1
65451,Petes #15,US-169 & SR-88,Oologah,OK,36.443778,-95.708911,3.159000,3.159000,3.159000,1
65457,THACKERSVILLE TRAVEL PLAZA,"I-35, EXIT 1",Thackerville,OK,33.787525,-97.139180,2.932333,2.932333,2.932333,1
65490,PILOT TRAVEL CENTERS #422,"I-85, EXIT 41 & US-29",Newnan,GA,33.379672,-84.771204,3.699000,3.699000,3.699000,2
65494,FLYING J TRAVEL PLAZA #633,"I-20, EXIT 138",Union Point,GA,33.618816,-83.075036,3.859000,3.859000,3.859000,1
65513,GETGO #3602,"I-76, EXIT 146 & I-99, EXIT 1 & US-220",Bedford,PA,40.015115,-78.503017,4.092333,4.092333,4.092333,1
65514,ONVO TRAVEL PLAZA,"I-78, EXIT 13 & SR- 501",Bethel,PA,40.476483,-76.287970,3.347333,3.347333,3.347333,1
65518,KWIK FILL #239,ST 51,Crescent,PA,40.555653,-80.228561,3.799000,3.799000,3.799000,1
65521,RUTTERS #17,US-15 & SR-234,East Berlin,PA,39.936829,-76.979459,4.294000,4.294000,4.294000,1
65522,TURKEY HILL #950324,US-322 & SR-23/SR-897,East Earl,PA,40.110171,-76.025953,3.785667,3.785667,3.785667,1
65523,SAC SHOP #512,US-30,Everett,PA,40.010867,-78.355903,4.099000,4.099000,4.099000,1
65524,SAC SHOP #514,I-76/I-70 & US-30,Everett,PA,40.010867,-78.355903,4.099000,4.099000,4.099000,1
65525,SHELL,"I-95, EXIT 46A & US-1",Fairless Hills,PA,40.177667,-74.850960,3.899000,3.899000,3.899000,1
65527,SUNOCO SERVICE STATION,"I-81, EXIT 5",Greencastle,PA,39.790670,-77.726674,3.899000,3.899000,3.899000,1
65530,7-ELEVEN #40284,"I-76, EXIT 19/247",Hershey,PA,40.280010,-76.644328,3.967333,3.967333,3.967333,1
65532,PILOT TRAVEL CENTERS #1,"I-80,  EXIT 173",Mill Hall,PA,41.105235,-77.488485,4.015667,4.015667,4.015667,1
65533,LIBERTY EXXON,US-15 & SR-414,Liberty,PA,40.321700,-79.863158,3.699000,3.699000,3.699000,1
65537,SHEETZ #048,US-22,Nanty Glo,PA,40.470561,-78.834011,3.517333,3.517333,3.517333,1
65538,WELMART,"SR-28, EXIT 16",Natrona Heights,PA,40.623705,-79.726152,4.192333,4.192333,4.192333,1
65549,T&C MINI MART,SR-33 & SR-191,Stockertown,PA,40.754917,-75.262935,3.699000,3.699000,3.699000,1
65552,A PLUS MINI MARKET,US-1 & SR-132,Feasterville Trevose,PA,40.143999,-75.005169,3.899000,3.899000,3.899000,1
65556,RUTTERS #60,US-30 & SR-116,York,PA,39.964798,-76.731840,4.249000,4.249000,4.249000,1
65572,CIRCLE K #2705377,"I-20, EXIT 22 & US-1",Aiken,SC,33.531594,-81.725073,3.129000,3.129000,3.129000,1
65573,SPEEDWAY/7fleet #4587,US-501,Aynor,SC,34.000230,-79.207117,3.124000,3.124000,3.124000,1
65578,CIRCLE K #2723355,US-52,North Charleston,SC,32.917881,-80.065000,3.399000,3.399000,3.399000,1
65587,HOT SPOT #2022,US-25/US-76,Honea Path,SC,34.447619,-82.394957,2.909000,2.909000,2.909000,1
65588,SPEEDWAY #2836,US-17,Johns Island,SC,32.740290,-80.034125,3.069000,3.069000,3.069000,1
65593,CIRCLE K #2723441,"I-82, EXIT 73 & SR-773",Prosperity,SC,34.213372,-81.528386,3.115667,3.115667,3.115667,1
65594,PILOT #4567,I-77 EXIT 77,Rock Hill,SC,34.938216,-81.019177,3.149000,3.149000,3.149000,1
65598,LEES QUICK STOP,US-52 & SR-45,Saint Stephen,SC,33.403424,-79.925570,3.415667,3.415667,3.415667,1
65603,JET TRUCK PLAZA,"I-29, EXIT 47",Beresford,SD,43.079646,-96.780224,3.159000,3.159000,3.159000,1
65604,SHELL,"I-29, EXIT 132",Huron,SD,44.362341,-98.209571,3.359000,3.359000,3.359000,1
65608,ZIP TRIP #81,"I-29, EXIT 62 & US-18",Lennox,SD,43.349510,-96.893689,3.204000,3.204000,3.204000,1
65614,281 TRAVEL CENTER,US-281,Wolsey,SD,44.410763,-98.473892,3.089000,3.089000,3.089000,1
65622,QUICK STOP #34,US-11/SR-1,Bristol,TN,36.558549,-82.217001,3.299000,3.299000,3.299000,1
65624,Sudden Service #61,SR-149 & SR-46,Cumberland City,TN,36.379739,-87.639869,3.564000,3.564000,3.564000,1
65625,Chevron,US-64,Fayetteville,TN,35.150178,-86.562298,3.754000,3.754000,3.754000,1
65629,CASEYS GOODSTOP #4036,"I-40, EXIT 355",Kingston,TN,35.872669,-84.504486,3.164000,3.164000,3.164000,1
65639,SPEEDWAY #7138,"I-24, EXIT 70 & SR-102",Smyrna,TN,35.969019,-86.528617,3.049000,3.049000,3.049000,1
65641,ALLSUPS CONVENIENCE STORE #2331,I-20 & FM 600,Abilene,TX,32.454514,-99.738147,2.875667,2.875667,2.875667,1
65652,CIRCLE K #2706343,"I-20, EXIT 428",Fort Worth,TX,32.781954,-97.348573,2.969000,2.969000,2.969000,1
65659,ALLSUPS CONVENIENCE STORE #2169,US-287,Chillicothe,TX,34.255741,-99.514142,2.895667,2.895667,2.895667,1
65666,FUEL CITY #2,"I-30, EXIT 45B/I-35E",Dallas,TX,32.793333,-96.766513,2.965667,2.965667,2.965667,1
65667,ALLSUPS CONVENIENCE STORE #2103,US-287/US-81,Decatur,TX,33.225899,-97.587040,2.899000,2.899000,2.899000,1
65671,SUPER STOP #22,SR-87 & SR-12,Orange,TX,30.123528,-93.754548,3.439000,3.439000,3.439000,1
65673,PILOT #894,US-57 & US-277,Eagle Pass,TX,28.712803,-100.484812,3.899000,3.899000,3.899000,1
65674,VALLEY MART #09,US-277,Eagle Pass,TX,28.712803,-100.484812,3.199000,3.199000,3.199000,1
65678,ONE9 #1300,US-287 & SR-34,Ennis,TX,32.325067,-96.633799,2.869000,2.869000,2.869000,1
65683,ALLSUPS CONVENIENCE STORE #2225,US-60,Friona,TX,34.639432,-102.723066,2.999000,2.999000,2.999000,1
65686,CEFCO #2004,"I-35 , EXIT 499",Vernon,TX,34.147664,-99.300427,2.860667,2.860667,2.860667,1
65690,CIRCLE G TRUCK STOP,US-183 & SR-97,Gonzales,TX,29.512549,-97.447205,2.799000,2.799000,2.799000,1
65691,CIRCLE K #2704037,US-90/SR-97 & US-183,Gonzales,TX,29.512549,-97.447205,2.904000,2.904000,2.904000,1
65721,Paradise RV & Truck Park,US-287/US-81,Alvord,TX,33.356968,-97.696026,2.815667,2.815667,2.815667,1
65724,STRIPES 7FLEET #42427,US-385 & SR-191,Odessa,TX,31.880461,-102.345314,3.289000,3.289000,3.289000,1
65728,RIVER MART,US-281/SR-241,Pharr,TX,26.167844,-98.190198,3.349000,3.349000,3.349000,1
65738,CIRCLE K #2741499,SR-35 & FM-1069,Rockport,TX,28.047649,-97.049971,2.805667,2.805667,2.805667,1
65755,CIRCLE K #2723373,US-11 & SR-622,Atkins,VA,36.866981,-81.398577,3.349000,3.349000,3.349000,1
65759,XPRESS STOP,US-522 & SR-694,Cross Junction,VA,39.320378,-78.293338,3.332333,3.332333,3.332333,1
65761,NEW DIXIE MART #15,US-58 & SR-671,Franklin,VA,36.684014,-76.941396,3.099000,3.099000,3.099000,1
65762,7-ELEVEN #34516,"I-66, EXIT 6",Front Royal,VA,38.924952,-78.183426,3.525667,3.525667,3.525667,1
65764,LEESBURG CITGO,US-15,Leesburg,VA,39.106396,-77.559195,3.499000,3.499000,3.499000,1
65765,FOSTERS CONVENIENCE STORE,US-29 & SR-685,Rustburg,VA,37.272189,-79.100105,3.599000,3.599000,3.599000,1
65767,STATELINE FOOD MART #69,US-23,Pound,VA,37.126086,-82.607340,3.599000,3.599000,3.599000,1
65770,JOLLEY #136,"I-89, EXIT 21",Alburgh,VT,44.976728,-73.302570,3.539000,3.539000,3.539000,1
65771,CITGO,"I-91, EXIT 3 & US-5",Brattleboro,VT,42.861623,-72.559216,3.672333,3.672333,3.672333,1
65789,BEAR CREEK CITGO,US-45 & SR-76/SR-22,Bear Creek,WI,44.531318,-88.727536,3.439000,3.439000,3.439000,1
65791,EDGAR TRAVEL CENTER,SR-29 & CR-H,Edgar,WI,44.922851,-89.962611,3.559000,3.559000,3.559000,1
65793,KWIK TRIP #921,SR-13 & SR-21,Friendship,WI,43.971746,-89.820016,3.274000,3.274000,3.274000,1
65794,BP,"I-43, EXIT 180",Green Bay,WI,44.521542,-87.986568,3.349000,3.349000,3.349000,1
65796,ADDISON STATION,"I-41/US-41, EXIT 68 & CR-K",Hartford,WI,43.322467,-88.377737,3.149000,3.149000,3.149000,1
65800,BP,US-45,Kewaskum,WI,43.517649,-88.230607,3.219000,3.219000,3.219000,1
65804,KWIK TRIP #628,US-45,Larsen,WI,44.191650,-88.623999,3.432333,3.432333,3.432333,1
65805,HI WAY HOP BP,"I-42/US-41, EXIT 85 & SR-67",Lomira,WI,43.594248,-88.443216,3.099000,3.099000,3.099000,1
65806,SHELL,US-41 & SR-67,Lomira,WI,43.594248,-88.443216,3.389000,3.389000,3.389000,1
65809,KWIK TRIP #399,SR-21 & SR-80,Necedah,WI,44.022091,-90.075051,3.249000,3.249000,3.249000,1
65810,HIGHWAY HARRY'S,I-90/I-94 EXIT 61 & SR-80,New Lisbon,WI,43.875292,-90.162379,3.172333,3.172333,3.172333,1
65812,PLAINFIELD PLAZA,SR-73 & I-39,Plainfield,WI,44.217499,-89.496926,3.290667,3.290667,3.290667,1
65813,KWIK TRIP #683,"I-39, EXIT 92 & US-51",Portage,WI,43.548951,-89.465866,3.249000,3.249000,3.249000,1
65814,Kracheys BP Truck Stop,US-18 & SR-35,Prairie Du Chien,WI,43.043341,-91.137332,3.574000,3.574000,3.574000,1
65817,TREGO TRAVEL CENTER,US-53 & CR-E,Trego,WI,45.905802,-91.831060,3.582333,3.582333,3.582333,1
65818,KWIK TRIP #1048,"I-90, EXIT 12",West Salem,WI,43.898534,-91.087453,3.317333,3.317333,3.317333,1
65820,KWIK TRIP #673,"I-90 & SR-19, EXIT 131",Windsor,WI,43.245704,-89.281518,3.254000,3.254000,3.254000,1
65822,RSTORE #4499,US-45 & SR-29,Wittenberg,WI,44.826885,-89.166606,3.155667,3.155667,3.155667,1
65824,CHANEYS SERVICE STATION,US-30 & SR-2,Chester,WV,40.612924,-80.562730,3.799000,3.799000,3.799000,1
65828,PAR MAR FOOD STORE #52,US-50 & CR-50/16,West Union,WV,39.296785,-80.776020,4.099000,4.099000,4.099000,1
65831,Hat Six Travel Center,"I-25/US-87, EXIT 182 & SR-253/SR-256",Evansville,WY,42.875985,-106.267750,3.999000,3.999000,3.999000,1
65835,SOUTHSIDE TRAVEL CENTER,US-20/SR-789,Thermopolis,WY,43.647615,-108.214538,3.799000,3.799000,3.799000,1
65836,PILOT TRAVEL CENTERS #434,"I-35W, EXIT 65",Fort Worth,TX,32.781954,-97.348573,3.264000,3.264000,3.264000,1
65837,PILOT TRAVEL CENTERS #455,"I-71, EXIT 140",Marengo,OH,40.400820,-82.810994,3.719000,3.719000,3.719000,1
65842,AM PM TRAVEL CENTER,US-1/SR-4,Blythe,GA,33.303066,-82.207357,3.599000,3.599000,3.599000,1
65847,ROAD RANGER #132,"I-57, EXIT 240",Champaign,IL,40.114099,-88.274619,3.479000,3.409000,3.549000,4
65848,Mobil,I-475,Flint,MI,43.024420,-83.691971,3.199000,3.199000,3.199000,1
65849,PS FOOD MART #1034,"I-94, EXIT 110 & US-27",Marshall,MI,42.262630,-84.958739,3.484000,3.429000,3.549000,4
65857,PILOT TRAVEL CENTERS #199,"I-20, EXIT 33",Haughton,LA,32.527609,-93.504172,3.145667,3.145667,3.145667,1
65858,SPEEDWAY #6661,"I-94, EXIT 40  & US-20 & US-35",La Porte,IN,41.606072,-86.713679,3.599000,3.599000,3.599000,1
65859,SPEEDWAY #6662,US-20 & SR-15,Bristol,IN,41.718574,-85.824653,3.549000,3.549000,3.549000,1
65860,LOVES TRAVEL STOPS #283,"E I-30 & FM 549, EXIT 70",Rockwall,TX,32.918056,-96.438050,3.079000,3.049000,3.109000,2
65862,PILOT TRAVEL CENTERS #396,"I-81, EXIT 213",Staunton,VA,38.157978,-79.061876,3.659000,3.659000,3.659000,1
65863,VALERO,SR-31,Clinton,NJ,40.636794,-74.915205,3.359000,3.359000,3.359000,1
65866,FLYING J TRAVEL PLAZA #710,"I-81, EXIT 219",New Milford,PA,41.876143,-75.726561,4.175667,4.175667,4.175667,1
65868,7-ELEVEN #36073,"I-77, EXIT 54 & US-21",Statesville,NC,35.785493,-80.872962,2.879000,2.879000,2.879000,1
65873,PILOT TRAVEL CENTER #4619,"I-81 & I-77, EXIT 77",Wytheville,VA,36.953385,-81.088438,3.550667,3.550667,3.550667,1
65880,MR FUEL DBA ONE9 #1245,"I-55, EXIT 52 & SR-16",Litchfield,IL,39.175963,-89.665482,3.247000,3.199000,3.299000,5
65883,FLYING J TRAVEL PLAZA #647,"I-64, EXIT 25 & US-41",Haubstadt,IN,38.203242,-87.574735,3.959000,3.959000,3.959000,1
65885,LOVES TRAVEL STOP #299,"US-75, EXIT 48 & SR-455",Anna,TX,33.348167,-96.553452,3.197333,3.197333,3.197333,1
65909,7-Eleven/7FLEET #40496,"I-81, EXIT 47 & SR-12",Watertown,NY,43.973292,-75.910039,4.149000,4.149000,4.149000,1
65912,ATOKA FUEL,US-75/US-69/SR-3,Atoka,OK,34.386353,-96.131101,3.179000,3.179000,3.179000,1
65914,CASEYS #2732,US-30 & US-284/SR-2,Grand Island,NE,40.921352,-98.358559,3.149000,3.149000,3.149000,1
65915,Marathon,"I-94/US-52, EXIT 346 & CR-17",West Fargo,ND,46.856380,-96.904809,3.029000,3.029000,3.029000,1
65917,CUMBERLAND CORNER MART,SR-90 & US-127,Albany,KY,36.690546,-85.135489,3.574000,3.574000,3.574000,1
65919,QUICK FUEL #5001,US-78/SR-4,Memphis,TN,35.109026,-89.967455,3.025667,3.025667,3.025667,1
65935,MAIN ST JUNCTION,SR-14 & SR-15,Louisville,MS,33.122934,-89.054879,3.099000,3.099000,3.099000,1
65962,CIRCLE K #2705937,US-301/SR-35 & SR-50,Dade City,FL,28.355933,-82.193437,3.332333,3.332333,3.332333,1
65969,PILOT  #1105,SR-29 & SR-182,Bunkie,LA,30.953661,-92.188111,3.212333,3.212333,3.212333,1
65974,BEACON & BRIDGE #13,"US-127, EXIT 117",Ithaca,MI,43.291094,-84.595673,3.649000,3.649000,3.649000,1
65978,KWIK TRIP #623,US-61,Minnesota City,MN,44.092296,-91.749995,3.399000,3.399000,3.399000,1
65983,SPEEDWAY #6967,"US-17, EXIT 227 & SR-32",Edenton,NC,36.058565,-76.598979,3.287000,3.287000,3.287000,1
65989,DANCING EAGLE,"I-40, EXIT 108",Casa Blanca,NM,35.045599,-107.471437,3.359000,3.359000,3.359000,1
66014,BIG D TRAVEL CENTER,SR-12 & SR-183,Irving,TX,32.857748,-96.970022,2.955667,2.955667,2.955667,1
66015,LOVES TRAVEL STOP #298,"I-35, EXIT 39 & SR-44",Encinal,TX,28.040475,-99.354489,3.589000,3.589000,3.589000,1
66016,FLYING J TRAVEL PLAZA #660,"I-64, EXIT 185 & SR-180",Catlettsburg,KY,38.417041,-82.603017,3.765667,3.765667,3.765667,1
66017,FLYING J TRAVEL PLAZA #626,"I-95/SR-9, EXIT 305 & SR-206",Saint Augustine,FL,29.896152,-81.311128,3.449000,3.449000,3.449000,1
66020,LOVES TRAVEL STOP #221,I-70 EXIT 160,Zanesville,OH,39.955993,-82.013469,3.482333,3.482333,3.482333,1
66021,LOVES TRAVEL STOP #238,"I-65, EXIT 116 & SR-480",Shepherdsville,KY,37.981425,-85.702007,3.599000,3.599000,3.599000,1
66022,PILOT TRAVEL CENTERS #459,"I-10, EXIT 133",Avondale,AZ,33.313236,-112.328928,3.593000,3.587000,3.599000,2
66023,SAPP BROS TRAVEL CENTER,"I-29, EXIT 10 & SR-2",Percival,IA,40.751269,-95.813266,3.789000,3.789000,3.789000,1
66024,LOVES TRAVEL STOPS #239,"I-81/US-11, EXIT 84 & SR-619",Max Meadows,VA,36.978941,-80.961796,3.567000,3.545000,3.589000,2
66025,SPACE AGE TRAVEL CENTER,"I-84, EXIT 183 & SR-207",Hermiston,OR,45.832934,-119.285194,3.332333,3.332333,3.332333,1
66026,FLYING J TRAVEL PLAZA #643,"I-70 & I-57, EXIT 160",Effingham,IL,39.119750,-88.550896,3.382333,3.299000,3.499000,3
66029,Roady's Lucky Deuces,"I-10, EXIT 92 & SR-95",Duson,LA,30.238360,-92.189070,3.035667,3.035667,3.035667,1
66030,Colfax Travel Center,"I-80, EXIT 159 & SR-117",Colfax,IA,41.679794,-93.236280,3.149000,3.149000,3.149000,1
66031,WILCO FAST BREAK,US-61/US-24,Palmyra,MO,39.797780,-91.526515,3.119000,3.119000,3.119000,1
66034,FAS MART #5134,"I-72, EXIT 144 S",Decatur,IL,39.855983,-88.933746,3.479000,3.459000,3.499000,2
66035,ROAD RANGER #136,"I-90, EXIT 147",Cottage Grove,WI,43.092222,-89.205337,3.544000,3.544000,3.544000,1
66036,FLYING J TRAVEL PLAZA #602,"I-65, EXIT 264",Birmingham,AL,33.527174,-86.797036,3.559000,3.559000,3.559000,1
66037,TA PRESCOTT TRAVEL CENTER,"I-30, EXIT 44",Prescott,AR,33.804320,-93.391207,3.502333,3.502333,3.502333,1
66038,FLYING J TRAVEL PLAZA #1043,"I-15, EXIT 113",Idaho Falls,ID,43.488851,-112.036297,3.749000,3.699000,3.799000,2
66039,LOVES TRAVEL STOP #237,"I-20, EXIT 171 & US-65",Tallulah,LA,32.406696,-91.191700,3.259000,3.259000,3.259000,1
66040,LOVES TRAVEL STOP #272,"I-40 & DW (RANCH RD), EXIT 59",Kingman,AZ,35.216992,-114.010529,3.855667,3.855667,3.855667,1
66041,PILOT TRAVEL CENTERS #195,"I-84, EXIT 104 & US-97",Wasco,OR,45.591657,-120.697464,3.865667,3.865667,3.865667,1
66042,FLYING J TRAVEL PLAZA #707,"I-80, EXIT 78",Brookville,PA,41.161676,-79.082652,4.034000,4.034000,4.034000,1
66043,LOVES TRAVEL STOPS #216,US-67 & US-287,Midlothian,TX,32.469436,-96.990670,3.215000,3.199000,3.231000,2
66044,TA TAMPA TRAVEL CENTER,"I-4, EXIT 10",Seffner,FL,28.001639,-82.274077,3.395667,3.395667,3.395667,1
66045,FLYING J TRAVEL PLAZA #698,"I-71, EXIT 69",Jeffersonville,OH,39.653439,-83.551562,3.399000,3.399000,3.399000,1
66046,PETRO STOPPING CENTER #345,I-69 EXIT357,Fremont,IN,41.727622,-84.938855,3.899000,3.899000,3.899000,1
66050,PILOT TRAVEL CENTERS #130,"I-77, EXIT 145",Richfield,OH,41.233132,-81.643941,3.799000,3.799000,3.799000,1
66051,Caseys #4419,I-165 EXIT 5,Bowling Green,KY,36.975653,-86.435962,3.025667,3.025667,3.025667,1
66054,LOVES TRAVEL STOP #220,"I-25/US-87, EXIT 7 & SR-212",Cheyenne,WY,41.127270,-104.790220,3.709000,3.709000,3.709000,1
66055,WINDMILL BP,"US-20, EXIT 208 & SR-14",Holland,IA,42.400127,-92.798835,3.599000,3.599000,3.599000,1
66056,PILOT TRAVEL CENTERS #114,"I-40, EXIT 320",Crossville,TN,35.953422,-85.030249,3.245667,3.245667,3.245667,1
66057,ROAD RANGER #205,"I-90, EXIT 1",South Beloit,IL,42.484842,-89.027433,3.469000,3.469000,3.469000,1
66059,TIME OUT TRAVEL CENTER,"I-40, EXIT 432-B",Newport,TN,35.961624,-83.197624,2.965667,2.965667,2.965667,1
66061,FLYING J TRAVEL PLAZA #709,"I-80, EXIT 173",Mill Hall,PA,41.105235,-77.488485,4.015667,4.015667,4.015667,1
66062,FLYING J TRAVEL PLAZA #716,"I-29, EXIT 83",Sioux Falls,SD,43.540696,-96.731962,3.899000,3.899000,3.899000,1
66065,LOVES TRAVEL STOP #321,"SR 770 & I-75 , EXIT 29",Corbin,KY,36.931584,-84.100790,3.599000,3.599000,3.599000,1
66068,HOLIDAY STATIONSTORE #2746262,I-175 EXIT 394,Sault Sainte Marie,MI,46.476169,-84.370544,3.799000,3.799000,3.799000,1
66069,128 NEWTON GAS,"I-95, EXIT 20A/SR-128 & SR-9",Newton Lower Falls,MA,42.329264,-71.253667,4.299000,4.299000,4.299000,1
66070,TAURO,"SR-78, EXIT 3",Phillipsburg,NJ,40.691974,-75.179006,3.342333,3.342333,3.342333,1
66072,GENES GO TRUCK STOP,"I-10/US-83, EXIT 456 & US-377",Junction,TX,30.490759,-99.773222,3.289000,3.289000,3.289000,1
66073,EXXON,"I-24 & HUSBAND ROAD, EXIT 11",Paducah,KY,37.070892,-88.644477,3.157333,3.157333,3.157333,1
66074,HEARTLAND XPRESS,US-67 & SR-M,Poplar Bluff,MO,36.763259,-90.413953,3.199000,3.199000,3.199000,1
66075,CORNER MART #349,"I-26, EXIT 54 & SR-72",Clinton,SC,34.473887,-81.860899,3.099000,3.099000,3.099000,1
66078,Amoco,I-40 EXIT 447,Hartford,TN,35.816765,-83.143207,3.099000,3.099000,3.099000,1
66083,KANGAROO CROSSING,SR-35,Kosciusko,MS,33.058169,-89.589364,3.199000,3.199000,3.199000,1
66090,ROAD RANGER #267,US-281,Pharr,TX,26.167844,-98.190198,3.564000,3.564000,3.564000,1
66091,KEYSVILLE SAV U TIME,US-360,Keysville,VA,37.038989,-78.480437,3.399000,3.399000,3.399000,1
66093,KWIK TRIP #414,"I-90, EXIT 209A & US-63/SR-30",Stewartville,MN,43.860658,-92.489787,3.557333,3.557333,3.557333,1
66099,NEW JERSEY TRUCK STOP DIESEL ONLY,"I-95, EXIT 15E & US-9/US-1",Kearny,NJ,40.752332,-74.123093,3.759000,3.759000,3.759000,1
66100,CIRCLE K #2723692,"I-26, EXIT 213",North Charleston,SC,32.917881,-80.065000,3.399000,3.399000,3.399000,1
66103,TERRIBLE HERBST #243,I-95 & SR-164,Searchlight,NV,35.455431,-114.920426,3.832333,3.832333,3.832333,1
66106,FLYING J TRAVEL PLAZA #509,"I-15, EXIT 112",Beaver,UT,38.275872,-112.638098,3.689000,3.689000,3.689000,1
66109,QUARTERS TRAVEL PLAZA,"I-49, EXIT 23 & US-167 /SR-744",Opelousas,LA,30.524897,-92.081654,3.184000,3.184000,3.184000,1
66110,LOVES TRAVEL STOP #479,"I-29, EXIT143",Sioux City,IA,42.495290,-96.389858,3.642333,3.642333,3.642333,1
66111,CROSSROADS EXPRESS,US-36 & US-83,Oberlin,KS,39.823040,-100.530737,3.089000,3.089000,3.089000,1
66113,7-ELEVEN #39467,"I-95, EXIT 16E",Jersey City,NJ,40.711417,-74.064760,3.259000,3.259000,3.259000,1
66114,LOVES TRAVEL STOP #235,"I-29 & US-169, EXIT 44",Saint Joseph,MO,39.759460,-94.821143,3.332333,3.332333,3.332333,1
66115,FLYING J TRAVEL PLAZA #697,"I-80, EXIT 234B",Hubbard,OH,41.158121,-80.564651,3.459000,3.459000,3.459000,1
66116,ONVO TRAVEL PLAZA - HARFORD,"I-81, EXIT 217 & SR-547",Harford,PA,41.781996,-75.706221,3.589000,3.589000,3.589000,1
66117,ONVO TRAVEL PLAZA PINE GROVE,"I-81, EXIT 32",Pine Grove,PA,40.553414,-76.386016,3.539000,3.539000,3.539000,1
66119,FLYING J TRAVEL PLAZA #645,"I-270 & SR-11, EXIT 6",Granite City,IL,38.729283,-90.125472,3.619000,3.559000,3.699000,5
66120,LOVES TRAVEL STOP #306,"I-40/SR-66, EXIT 412",Dandridge,TN,36.030124,-83.429831,3.689000,3.689000,3.689000,1
66121,ROAD RANGER #226,"I-65, EXIT 99",Greenwood,IN,39.602990,-86.108505,3.600667,3.600667,3.600667,1
66122,ROAD RANGER #139,"I-57, EXIT 212",Tuscola,IL,39.795912,-88.275483,3.229000,3.229000,3.229000,1
66123,ROAD RANGER #225,"I-80, EXIT 56",Princeton,IL,41.380565,-89.464100,3.375667,3.289000,3.449000,3
66125,LOVES TRAVEL STOP #249,"I-55, EXIT 109",Williamsville,IL,39.956112,-89.543628,3.425667,3.389000,3.489000,3
66126,LOVES TRAVEL STOP #209,"I-20, EXIT 3 & US-80 & SR-169",Greenwood,LA,32.431470,-93.959889,3.134000,3.134000,3.134000,1
66131,SPEEDWAY #3446,"I-95, EXIT 10 & SR-440",Edison,NJ,40.504396,-74.348843,3.585667,3.585667,3.585667,1
66133,LOVES TRAVEL STOPS #228,"I-4, EXIT 44",Polk City,FL,28.180471,-81.830032,3.425000,3.389000,3.461000,2
66134,CIRCLE K #2721591,"I-10, EXIT 10 & US-29/SR-95",Pensacola,FL,30.440989,-87.191242,3.222333,3.222333,3.222333,1
66135,CIRCLE K #2721592,"I-10, EXIT 5 & US-90 ALT",Pensacola,FL,30.440989,-87.191242,3.222333,3.222333,3.222333,1
66136,CHOCTAW TRAVEL PLAZA #638,US-270 & US-59 & US-112,Poteau,OK,35.066650,-94.610269,3.299000,3.299000,3.299000,1
66137,CIRCLE K #2721594,"I-10, EXIT 263",Slidell,LA,30.288913,-89.782926,3.170667,3.170667,3.170667,1
66138,LOVES TRAVEL STOP #307,"I-75, EXIT 201",Jackson,GA,33.292359,-83.967846,3.385667,3.385667,3.385667,1
66139,LOVES TRAVEL STOPS #305,"I-81, EXIT 291 & SR-651",Toms Brook,VA,38.946542,-78.440046,3.649000,3.649000,3.649000,2
66141,QUICK FUEL #5102,"SR-826, EXIT NW 58TH ST",Miami,FL,25.775163,-80.208615,3.389000,3.389000,3.389000,1
66142,QUICK FUEL #5106,SR-589 & SR-580,Tampa,FL,27.966262,-82.477618,3.492333,3.492333,3.492333,1
66149,QUICK FUEL #5105,"I-75, EXIT W BRANDON BLVD",Tampa,FL,27.966262,-82.477618,3.500667,3.500667,3.500667,1
66152,Flying J Travel Plaza #656,"I-65, EXIT 95 & CR-500",Whiteland,IN,39.555138,-86.074352,3.959000,3.959000,3.959000,1
66155,7-ELEVEN #36575,"I-35, EXIT 248",Pflugerville,TX,30.447765,-97.602116,2.899000,2.899000,2.899000,1
66156,7-ELEVEN #36567,SR-6 & SR-21,Bryan,TX,30.666016,-96.381049,3.144000,3.144000,3.144000,1
66172,Timewise Food Store #163,"I-35, EXIT 8",Laredo,TX,27.560379,-99.489181,2.935667,2.935667,2.935667,1
66173,TIMEWISE FOOD STORE #160,"I-10, EXIT 661",Flatonia,TX,29.689710,-97.105205,3.199000,3.199000,3.199000,1
66174,TIMEWISE FOOD STORE #162,"I-10, EXIT 456",Junction,TX,30.490759,-99.773222,3.099000,3.099000,3.099000,1
66176,PILOT #6996,"I-40, EXIT 364",Warsaw,NC,34.999578,-78.092726,3.472333,3.472333,3.472333,1
66177,PILOT #6978,"I-74/I-73/US-220, EXIT 44 & SR-211",Candor,NC,35.296389,-79.732521,3.999000,3.999000,3.999000,1
66178,LOVES TRAVEL STOP #284,I-69C/US-281 & FM-2812,Edinburg,TX,26.321056,-98.162837,3.110667,3.110667,3.110667,1
66179,LOVES TRAVEL STOP #246,I-80 EXIT 46,Fernley,NV,39.564770,-119.189433,3.915667,3.915667,3.915667,1
66182,CIRCLE K #2706708,"I-185, EXIT 10",Midland,GA,32.574861,-84.827152,3.339000,3.339000,3.339000,1
66183,CHEVRON CURB STORE,SR-35 & SR-21,Forest,MS,32.359838,-89.475908,3.569000,3.569000,3.569000,1
66184,HENRIETTA TRUCK STOP,"I-390, EXIT 12 & I-90, EXIT 46",Henrietta,NY,43.054316,-77.640078,3.899000,3.899000,3.899000,1
66185,TIGERMART OF BUFFALO,"I-45, EXIT 178 & US-79",Buffalo,TX,31.458905,-96.066163,3.599000,3.599000,3.599000,1
66186,STRIPES #40813,US-281 & SR-285,Falfurrias,TX,27.224410,-98.145191,3.087333,3.087333,3.087333,1
66195,MOBIL,"I-495, EXIT 26 & SR-62",Berlin,MA,42.384929,-71.633889,3.699000,3.699000,3.699000,1
66196,EXXON TIGER MART,"I-35, EXIT 386",Italy,TX,32.186464,-96.885789,3.122333,3.122333,3.122333,1
66198,CIRCLE K #2703117,"I-20, EXIT 11",Graniteville,SC,33.564682,-81.809231,3.159000,3.159000,3.159000,1
66221,ROAD RANGER #236,"I-43, EXIT 38",East Troy,WI,42.785184,-88.395573,3.082333,3.082333,3.082333,1
66223,7-ELEVEN #36548,SR-83,Laredo,TX,27.560379,-99.489181,2.999000,2.999000,2.999000,1
66224,ROAD RANGER #235,"I-90, EXIT 36",Hampshire,IL,42.115607,-88.505165,3.369000,3.369000,3.369000,1
66225,ROAD RANGER #140,"I-39, EXIT 72",Mendota,IL,41.556655,-89.100507,3.336500,3.269000,3.439000,4
66227,Pilot Travel Centers #482,"I-57, EXIT 95",Mount Vernon,IL,38.314205,-88.917470,3.454000,3.359000,3.599000,4
66229,LOVES TRAVEL STOP #308,"I-40, EXIT 86 & SR-226",Marion,NC,35.677565,-82.001288,3.739000,3.739000,3.739000,1
66230,PETRO COLBY TRUCKSTOP,"I-70, EXIT 53 & SR-25",Colby,KS,39.384668,-101.045129,3.599000,3.599000,3.599000,1
66235,LOVES TRAVEL STOP #291,"I-75, EXIT 95 & SR-627",Richmond,KY,37.729145,-84.299364,3.599000,3.599000,3.599000,1
66236,LOVES TRAVEL STOP #309,"I-80, EXIT 332 & SR-14",Aurora,NE,40.864656,-98.008069,3.289000,3.289000,3.289000,1
66237,ROUTE 66 TRAVEL CENTER,"I-40, EXIT 140",Albuquerque,NM,35.104780,-106.646809,3.359000,3.359000,3.359000,1
66238,BETTY BEAVERS TRUCKSTOP,"I- 90, EXIT 29",Canajoharie,NY,42.899080,-74.567869,3.599000,3.599000,3.599000,1
66239,Hola,US-27/SR-80/SR-25,South Bay,FL,26.688379,-80.735526,3.419000,3.419000,3.419000,1
66241,PUMP & PANTRY #29,US-30,Central City,NE,41.113043,-98.000334,3.337333,3.337333,3.337333,1
66242,PUMP & PANTRY #23,"US-34, EXIT 4TH AVE",Holdrege,NE,40.439441,-99.377037,3.449000,3.449000,3.449000,1
66243,CIRCLE K #4707000,SR-9,Baileyville,ME,45.182325,-67.441681,3.899000,3.899000,3.899000,1
66244,STRIPES #40809,"I-37, EXIT 56",George West,TX,28.330000,-98.118304,3.044000,3.044000,3.044000,1
66247,GULF OIL #5045,I-90 EXIT 83,Charlton,MA,42.133935,-71.968025,3.909000,3.909000,3.909000,1
66248,CIRCLE K #4707046,"I-95, EXIT 6",Scarborough,ME,43.571203,-70.334170,3.909000,3.909000,3.909000,1
66249,CIRCLE K #4707206,SR-125,Epping,NH,43.034896,-71.098414,3.767333,3.767333,3.767333,1
66250,SPEEDWAY #6973,US-1,Wake Forest,NC,35.964409,-78.513320,2.949000,2.949000,2.949000,1
66252,CIRCLE K #4707023,US-1A,Holden,ME,44.761837,-68.675967,3.732333,3.732333,3.732333,1
66255,CIRCLE K #4707217,US-2 & SR-16,Gorham,NH,44.393423,-71.198490,3.750667,3.750667,3.750667,1
66257,LOVES TRAVEL STOPS #310,"I-80/US-30, EXIT 173",Wamsutter,WY,41.667977,-107.979142,3.741000,3.723000,3.759000,2
66258,CIRCLE K #4707208,"I-93, EXIT 23",New Hampton,NH,43.610629,-71.652754,3.659000,3.659000,3.659000,1
66259,CEFCO #48,"I-35, EXIT 304",Temple,TX,31.103450,-97.391124,2.965667,2.965667,2.965667,1
66261,CIRCLE K #2723123,"I-95, EXIT 71",Dunn,NC,35.311635,-78.612962,3.142333,3.142333,3.142333,1
66263,One9 SPEEDWAY #6753,"I-78, EXIT 1",Fleetwood,PA,40.456503,-75.821579,3.832333,3.832333,3.832333,1
66266,7-ELEVEN #40508,"I-80, EXIT 90",Elkhart,IN,41.691543,-85.962248,3.999000,3.999000,3.999000,1
66267,TA DEMOTTE TRAVEL CENTER,"I-65, EXIT 230",Demotte,IN,41.199271,-87.195453,3.447333,3.447333,3.447333,1
66272,MOOSETRACKS #752,"I-85, EXIT 113",High Point,NC,35.990803,-79.992713,3.114000,3.114000,3.114000,1
66273,PETRO STOPPING CENTER,"I-59, EXIT 181 & US-77",Gadsden,AL,34.006597,-86.016078,3.999000,3.999000,3.999000,1
66274,FLYING J TRAVEL PLAZA #692,"I-80, EXIT 352 & US-93",Wells,NV,41.113155,-114.953537,3.709000,3.709000,3.709000,1
66278,PILOT TRAVEL CENTERS #394,"I-84, EXIT 6",Newburgh,NY,41.503249,-74.019640,4.359000,4.359000,4.359000,1
66284,JOLLEY #150,"I-89, EXIT 19",Saint Albans,VT,44.811538,-73.084462,3.539000,3.539000,3.539000,1
66285,QUIKTRIP #787,"I-675, EXIT 5",Ellenwood,GA,33.614832,-84.301034,3.109000,3.109000,3.109000,1
66286,CASEYS #4205,"I-40/75, EXIT 374",Knoxville,TN,35.970680,-83.949270,3.099000,3.099000,3.099000,1
66290,ABBYLAND TRUCK STOP,"SR-29, EXIT 127",Curtiss,WI,44.952767,-90.439585,3.462333,3.462333,3.462333,1
66292,LOVES TRAVEL STOP #311,"I-20, EXIT 9",Waco,GA,33.702600,-85.189244,3.390667,3.390667,3.390667,1
66293,One9 #254,"I-24, EXIT 169",Wildwood,GA,34.966937,-85.421501,3.099000,3.099000,3.099000,1
66294,FLYING J TRAVEL PLAZA #667,"I-69, EXIT 81SB / I-96, EXIT 9",Grand Ledge,MI,42.752927,-84.744901,3.959000,3.959000,3.959000,1
66295,LOVES TRAVEL STOPS #432,"I-94/I-41,  EXIT 322 & SR-100",Oak Creek,WI,42.878693,-87.898676,3.873000,3.867000,3.879000,2
66299,XTRA MART #10093,SR-146,Millbury,MA,42.192246,-71.777649,3.649000,3.649000,3.649000,1
66300,PILOT TRAVEL CENTERS #149,"I-40, EXIT 42 & SR-222",Stanton,TN,35.461332,-89.401373,3.509000,3.509000,3.509000,1
66301,KWIK TRIP #743,US-10 & SR-114,Menasha,WI,44.212338,-88.427357,3.507333,3.507333,3.507333,1
66303,KWIK TRIP #787,US-51 & CR-JJ,Schofield,WI,44.913348,-89.621478,3.415667,3.415667,3.415667,1
66307,CM ST HELENA,SR-16,Amite,LA,30.732164,-90.515286,3.399000,3.399000,3.399000,1
66310,FLYING J #620,"I-70, EXIT 49",Smithton,PA,40.153808,-79.741667,4.109000,4.109000,4.109000,1
66313,LOVES TRAVEL STOP #313,"I-55, EXIT 58  & SR-80",Matthews,MO,36.756800,-89.567477,3.277333,3.277333,3.277333,1
66314,PS FOOD MART #1042,"US-23, EXIT 17",Dundee,MI,41.966485,-83.669419,3.496500,3.429000,3.599000,4
66315,SPEEDWAY #6748,"I-94, EXIT 34 & US-421",Michigan City,IN,41.708776,-86.866875,3.682333,3.682333,3.682333,1
66316,CASEYS #4204,SR-168,Knoxville,TN,35.970680,-83.949270,3.259000,3.259000,3.259000,1
66317,LOVES TRAVEL STOP #314,I-24 EXIT 89,Christiana,TN,35.719269,-86.412922,3.462333,3.462333,3.462333,1
66318,ROAD RANGER #242,"I-44, EXIT 163",Saint Robert,MO,37.825332,-92.151981,3.264000,3.264000,3.264000,1
66319,ROAD RANGER #211,I-90 & RIVERSIDE BLVD,Loves Park,IL,42.337843,-88.998649,3.469000,3.469000,3.469000,1
66320,SPEEDWAY #8772,"I-69, EXIT 168 & SR-53",Imlay City,MI,43.017052,-83.077098,3.779000,3.779000,3.779000,1
66322,LOVES TRAVEL STOP #318,"I-57, EXIT 83 & CR-42",Ina,IL,38.149899,-88.904019,3.489000,3.389000,3.589000,3
66323,PILOT TRAVEL CENTERS #905- TOWN PUMP,"I-90, EXIT 109",Milltown,MT,46.871314,-113.881771,3.609000,3.609000,3.609000,1
66328,LOVES TRAVEL STOP #320,"I-16/SR-404, EXIT 49 & SR-257",Dublin,GA,32.535471,-82.928807,3.332333,3.332333,3.332333,1
66329,CIRCLE K #2723438,"I-85, EXIT 96",Gaffney,SC,35.073558,-81.661532,3.199000,3.199000,3.199000,1
66332,PWI #172,"I-45, EXIT 258",Palmer,TX,32.425136,-96.667109,2.775667,2.775667,2.775667,1
66334,Hucks Travel Center #052,"I-24/I-69, EXIT 40 & US-641/US-62/SR-93",Kuttawa,KY,37.060467,-88.114389,3.699000,3.699000,3.699000,1
66337,ZIP TRIP #60,"I-25, EXIT 299 & US-16/SR-196",Buffalo,WY,44.338545,-106.715344,3.580667,3.580667,3.580667,1
66338,SHELL,"I-30, EXIT 160 & US-271/SR-49 & US-67",Mount Pleasant,TX,33.157910,-94.973221,3.899000,3.899000,3.899000,1
66339,PILOT TRAVEL CENTERS #873,US-27,Miami,FL,25.775163,-80.208615,3.699000,3.699000,3.699000,2
66341,7-ELEVEN #218,"I-44, EXIT 4",Harrold,TX,34.067570,-99.033091,2.687333,2.687333,2.687333,1
66342,ONE9 #398,"I-75, EXIT 109",Vienna,GA,32.092747,-83.786839,3.109000,3.109000,3.109000,1
66346,PILOT TRAVEL CENTERS #247,"I-74, EXIT 39 & SR-32",Crawfordsville,IN,40.041861,-86.897624,3.899000,3.899000,3.899000,2
66348,PIT STOP,I-40 EXIT 221,Wheatley,AR,34.921186,-91.106255,2.999000,2.999000,2.999000,1
66349,CIRCLE K #2741796,"I-40, EXIT 5",Little Rock,AR,34.725393,-92.358556,3.365667,3.365667,3.365667,1
66352,KWIK TRIP #871,"US-41, EXIT 124 & SR-76",Oshkosh,WI,44.023168,-88.562260,3.290667,3.290667,3.290667,1
66353,MOTOMART #3361,"I-55, EXIT 129",Perryville,MO,37.726330,-89.876493,2.989000,2.989000,2.989000,1
66355,CIRCLE K #2723439,"I-26, EXIT 5",Campobello,SC,35.125658,-82.149276,3.132333,3.132333,3.132333,1
66357,LOVES TRAVEL STOP #351,"I-80 & E 8TH RD, EXIT 81",Utica,IL,41.345599,-88.986337,3.429000,3.289000,3.589000,4
66361,SHADY NOOK,US-61/US-49,Lyon,MS,34.216925,-90.543195,3.999000,3.999000,3.999000,1
66362,TA FLORENCE TRAVEL CENTER,"I-95, EXIT 164 & US-52",Florence,SC,34.178923,-79.792217,3.325667,3.325667,3.325667,1
66363,LOVES TRAVEL STOP #178,"US-35/KS TPKE, MM 26",Belle Plaine,KS,37.393428,-97.279548,3.329000,3.329000,3.329000,1
66364,SHELL,"I-4, EXIT 64",Plant City,FL,28.015355,-82.117805,3.447333,3.447333,3.447333,1
66365,LIBERTY,US-202,Ringoes,NJ,40.430883,-74.871795,3.399000,3.399000,3.399000,1
66368,PETRO STOPPING CENTER #371,"I-90, EXIT 41",Waterloo,NY,42.904586,-76.859023,4.195667,4.195667,4.195667,1
66369,LOVES TRAVEL STOP #319,"I-74, EXIT 61",Pittsboro,IN,39.869804,-86.463880,3.889000,3.889000,3.889000,1
66370,SPEEDWAY #6979,US-301,Wilson,NC,35.731488,-77.930750,3.129000,3.129000,3.129000,1
66371,RAPIDES STATION TRUCK STOP,"I-49, EXIT 94",Boyce,LA,31.389895,-92.670374,3.099000,3.099000,3.099000,1
66372,CEFCO #54,"I-35, EXIT 292",Belton,TX,31.052345,-97.479542,2.952333,2.952333,2.952333,1
66374,BROOKSHIRE BROS #6111,US-259,Nacogdoches,TX,31.612364,-94.652046,3.369000,3.369000,3.369000,1
66376,SUBS AND GRUBS,"I-63, EXIT 39",Jonesboro,AR,35.819755,-90.679033,3.389000,3.389000,3.389000,1
66377,QUIKTRIP #873,"I-35W, EXIT 42",Fort Worth,TX,32.781954,-97.348573,2.975667,2.975667,2.975667,1
66382,STATELINE CONOCO,"I-35, EXIT 114",Eagleville,MO,40.468725,-93.985963,3.549000,3.549000,3.549000,1
66383,TENAHA EXPRESS MART,US-96 & US-84,Tenaha,TX,31.943709,-94.245706,3.299000,3.299000,3.299000,1
66385,TA EXPRESS MINDEN,"I-20, EXIT 52",Minden,LA,32.619146,-93.272754,3.114000,3.114000,3.114000,1
66386,SPEEDWAY #4631,US-220,Bassett,VA,36.761517,-79.986551,3.415667,3.415667,3.415667,1
66388,Gas n Go,"I-75, EXIT 117 AT MILE 117",Pinehurst,GA,32.196212,-83.759519,3.099000,3.099000,3.099000,1
66392,MISSILE MART #10,"I-40, EXIT 161",El Dorado,AR,33.218982,-92.664071,3.499000,3.499000,3.499000,1
66393,VILLAGE PANTRY #5210,"I-74, EXIT 206",Oakwood,IL,40.110126,-87.776925,3.225667,3.179000,3.299000,3
66396,CIRCLE K #2723988,"I-55, EXIT 61 & SR-38",Kentwood,LA,30.933755,-90.515162,3.299000,3.299000,3.299000,1
66399,CIRCLE K #2723672,"I-59/I-20, EXIT 128",Birmingham,AL,33.527174,-86.797036,3.699000,3.699000,3.699000,1
66400,PWI #640,"I-10/US-95, EXIT 5",Ehrenberg,AZ,33.614208,-114.483007,3.359000,3.359000,3.359000,1
66404,QUICK FUEL #5302,"I-635, EXIT 14",Garland,TX,32.909826,-96.630334,3.087333,3.087333,3.087333,1
66405,FLYING J FUEL STOP #668,"I-75, EXIT 151",Saginaw,MI,43.419945,-83.950172,3.444000,3.289000,3.599000,4
66406,LOVES TRAVEL STOPS #317,"I-95, EXIT 4 & SR-629",Skippers,VA,36.611817,-77.546646,3.795000,3.789000,3.801000,2
66407,CIRCLE K #2723668,SR-35,Fort Payne,AL,34.457329,-85.689447,3.649000,3.649000,3.649000,1
66410,SIBLEY FOOD FUEL,US-72/SR-20 & CR-150,Courtland,AL,34.669946,-87.327892,3.399000,3.399000,3.399000,1
66416,DUCK THRU FOOD STORE #18,US-13,Winton,NC,36.389448,-76.934729,3.562333,3.562333,3.562333,1
66420,PILOT TRAVEL CENTER #911,I-90 EXIT 47,Superior,MT,47.195120,-114.901363,3.559000,3.559000,3.559000,1
66422,PLAQUEMINE TRUCK STOP,ST 1,Plaquemine,LA,30.283156,-91.243812,3.999000,3.999000,3.999000,1
66424,CIRCLE K #2741652,"I-10, EXIT 139",Phoenix,AZ,33.572154,-112.090132,3.369000,3.369000,3.369000,1
66425,CLARK OIL #31,"I-10, EXIT 44",Biloxi,MS,30.426663,-88.935762,2.849000,2.849000,2.849000,1
66428,SHELL,US-167,Hensley,AR,34.510410,-92.209517,3.589000,3.589000,3.589000,1
66437,PILOT #4596,"I-81, EXIT 4",White Pine,TN,36.101255,-83.285661,3.699000,3.699000,3.699000,1
66439,JACK FLASH,I-55,Farmersville,IL,39.440651,-89.652508,3.229000,3.199000,3.259000,2
66440,BP CONNECT #4701,I-55,Chicago,IL,41.837045,-87.684939,3.569000,3.569000,3.569000,1
66447,CIRCLE K #4701207,"U-55, EXIT 220",Dwight,IL,41.098705,-88.422077,3.349000,3.349000,3.349000,1
66448,HAMMOND TRAVEL CENTER,"I-55, EXIT 31B & US-190/SR-3260",Hammond,LA,30.505650,-90.456493,3.099000,3.099000,3.099000,1
66449,CITGO,"I-55, EXIT 67",Blytheville,AR,35.934066,-89.905133,3.389000,3.389000,3.389000,1
66451,EZ MART #304,M-57,Middleton,MI,43.183366,-84.708889,3.699000,3.699000,3.699000,1
66454,Fast Stop Shell,I-10,Reserve,LA,30.072962,-90.555022,3.799000,3.799000,3.799000,1
66456,TEXACO #383124,SR-70,Saint James,LA,30.018643,-90.850881,2.969000,2.969000,2.969000,1
66460,CASH MAGIC BROUSSARD NORTH,"I-49, EXIT 103",Broussard,LA,30.140831,-91.956060,3.399000,3.399000,3.399000,1
66461,YESWAY #1167,US-62 & CR-41/CR-168,Ropesville,TX,33.413336,-102.155104,3.040667,3.040667,3.040667,1
66465,Knapp Truck Stop,"I-64, EXIT 50 & SR-127",Nashville,IL,38.353618,-89.377987,3.299000,3.299000,3.299000,1
66470,CIRCLE K #9068,"I-65, EXIT 181",Millbrook,AL,32.501474,-86.373914,3.215667,3.215667,3.215667,1
66472,DIAMOND #21,"I-65, EXIT 54",Atmore,AL,31.124067,-87.457798,3.259000,3.259000,3.259000,1
66474,FAMCO EXPRESS,"I-690, EXIT 8",Syracuse,NY,43.040998,-76.143554,3.299000,3.299000,3.299000,1
66475,SPEEDWAY #4346,SR-7,Calexico,CA,32.684859,-115.494738,4.799000,4.799000,4.799000,1
66478,LOVES TRAVEL STOP #175,"I-70, EXIT 187",Tecumseh,KS,39.034955,-95.579650,3.289000,3.289000,3.289000,1
66480,LOVES TRAVEL STOP #360,"I-65, EXIT 58 & SR-218 & SR-335",Horse Cave,KY,37.169795,-85.917190,3.429000,3.429000,3.429000,1
66487,COMPASS,"I-55, EXIT 282",La Grange,IL,41.807213,-87.874148,3.649000,3.549000,3.749000,2
66488,HUCKS FOOD & FUEL #54,I-74,Farmer City,IL,40.248118,-88.641811,3.304000,3.269000,3.339000,2
66495,SUPER SAVER EXPRESS,"I-10, EXIT 21",Sulphur,LA,30.229792,-93.356343,2.999000,2.999000,2.999000,1
66496,EXXON FUEL EXPRESS,"I-10/SR-8, EXIT 31 & SR-87",Milton,FL,30.629413,-87.052598,3.999000,3.999000,3.999000,1
66502,SHOP RITE #82,"I-10, EXIT 64",Jennings,LA,30.223978,-92.658295,3.589000,3.589000,3.589000,1
66504,COUNTRY BOYS COUNTRY STORE,"I-10, EXIT 813",Hankamer,TX,29.858276,-94.626862,2.865667,2.865667,2.865667,1
66507,ST IGNACE TRUCKSTOP,I-75,Saint Ignace,MI,45.887164,-84.731707,3.799000,3.799000,3.799000,1
66508,SAMS SUNOCO,I-75,Toledo,OH,41.664071,-83.581861,3.399000,3.399000,3.399000,1
66509,FOUR STAR FOOD MART,"I-75, EXIT 122",Lima,OH,40.740679,-84.112091,3.144000,3.144000,3.144000,1
66512,MARATHON #1554,"I-75, EXIT 21",Newport,MI,42.002267,-83.308542,3.349000,3.299000,3.399000,2
66513,SUNRISE STORE,"I-75, EXIT 212",West Branch,MI,44.273789,-84.236589,3.299000,3.199000,3.399000,2
66514,BIGFOOT TRAVEL CENTER,"I-75, EXIT 29",Hahira,GA,30.996480,-83.381462,3.099000,3.099000,3.099000,1
66516,ADEL TRUCK PLAZA,"I-75, EXIT 39",Adel,GA,31.124811,-83.425467,2.999000,2.999000,2.999000,1
66517,ADMIRAL PETROLEUM #5796,"I-75, EXIT 392",Sault Sainte Marie,MI,46.476169,-84.370544,3.799000,3.799000,3.799000,1
66518,Racetrac #2622,"I-75, EXIT 60",Valdosta,GA,30.850126,-83.278833,3.032333,3.032333,3.032333,1
66523,LOVES TRAVEL STOP #325,"I-75, EXIT 59 & SOUTHWELL BLVD",Tifton,GA,31.462099,-83.520499,3.609000,3.609000,3.609000,1
66525,BP,"I-76, EXIT 6",Luna Pier,MI,41.803262,-83.442475,3.449000,3.399000,3.499000,2
66527,TA EXPRESS #648,"I-76, EXIT 90A",Brush,CO,40.259263,-103.636334,4.099000,4.099000,4.099000,1
66528,GO MART FOOD STORE #99,US-50 & SR-14,Parkersburg,WV,39.261278,-81.543350,3.489000,3.489000,3.489000,1
66529,7-ELEVEN #36076,"I-77, EXIT 73 & US-421",Hamptonville,NC,36.098468,-80.760345,2.899000,2.899000,2.899000,1
66531,MIDWAY EXXON TRAVEL CENTER,"I-78, EXIT 16",Bethel,PA,40.476483,-76.287970,3.359000,3.359000,3.359000,1
66532,PETRO PLAZA,"I-78, EXIT 17",Hampton,NJ,40.704570,-74.971525,3.265667,3.265667,3.265667,1
66534,LOVES TRAVEL STOP #347,"I-70, EXIT 101 & SR-5",Boonville,MO,38.961439,-92.746203,3.509000,3.509000,3.509000,1
66537,BECKS EXPRESS MART #26,"I-80, EXIT 19",Geneseo,IL,41.451252,-90.154844,3.269000,3.269000,3.269000,1
66538,KUM & GO #0023,"I-80, EXIT 23",Neola,IA,41.451904,-95.618914,3.157333,3.157333,3.157333,1
66539,SOUTH RIDGE FARM MARKET,"I-80, EXIT 6",Clyde,OH,41.303585,-82.979425,3.399000,3.399000,3.399000,1
66547,OLD STONE JIFFY MART,"I-81, EXIT 321",Clear Brook,VA,39.256491,-78.096111,3.599000,3.599000,3.599000,1
66548,YESWAY #1156,US-84 & SR-289,Lubbock,TX,33.561901,-101.888883,2.950667,2.950667,2.950667,1
66550,CIRCLE K #2709663,"I-82, EXIT 730",Umatilla,OR,45.917612,-119.331979,3.639000,3.639000,3.639000,1
66552,GEM STOP,I-84,Marsing,ID,43.546360,-116.810422,3.585667,3.585667,3.585667,1
66553,JACKSONS FOOD STORE #83,"I-84, EXIT 304",Baker City,OR,44.774886,-117.831986,3.599000,3.599000,3.599000,1
66556,PILOT TRAVEL CENTER #899- SLIP IN,I-85,South Hill,VA,36.725662,-78.128886,3.959000,3.959000,3.959000,1
66560,Sunoco,"I-85, EXIT 11",Townville,SC,34.521037,-82.880237,3.199000,3.199000,3.199000,1
66562,TA EXPRESS FAIR PLAY,"I-85, EXIT 4",Fair Play,SC,34.508090,-82.986838,3.209000,3.209000,3.209000,1
66564,SPEEDWAY #6954,US-70,High Point,NC,35.990803,-79.992713,3.049000,3.049000,3.049000,1
66565,KWIK FILL #395,"I-86, EXIT 12",Jamestown,NY,42.097603,-79.236135,4.484000,4.469000,4.499000,2
66571,LEXINGTON GULF,"I-128, NORTH MASS PIKE",Lexington,MA,42.445222,-71.230015,4.299000,4.299000,4.299000,1
66573,Brake Time Corner Market,"I-135, EXIT 14",Wichita,KS,37.690638,-97.345836,3.299000,3.299000,3.299000,1
66579,GULF OIL LP #5010,"I-90, EXIT 2",Lee,MA,42.306836,-73.250736,3.914000,3.914000,3.914000,1
66582,PWI #807,"I-15, EXIT 163 & SR-99",Fillmore,UT,38.964180,-112.338574,3.374000,3.374000,3.374000,1
66584,MOAPA PAIUTE TRAVEL CENTER,"I-15, EXIT 75",Moapa,NV,36.675805,-114.620823,3.332333,3.332333,3.332333,1
66586,CIRCLE K #4707609,US-20 & SR-12,Sangerfield,NY,42.891607,-75.380220,4.099000,4.099000,4.099000,1
66588,CUBBYS #402,"I-90, EXIT 330",Mitchell,SD,43.727072,-98.042192,3.149000,3.149000,3.149000,1
66594,FRIENDLY GUS STORE #23,I-16/SR-19,Dublin,GA,32.535471,-82.928807,3.399000,3.399000,3.399000,1
66595,GULF OIL LP #5040,"I-90, EXIT 9",Charlton,MA,42.133935,-71.968025,3.909000,3.909000,3.909000,1
66597,BP,"I-16, EXIT 90 & US-1",Twin City,GA,32.582227,-82.159379,3.782333,3.782333,3.782333,1
66598,WOODSHED LL,I-166 & I-169,S Coffeyville,OK,36.992089,-95.621838,3.099000,3.099000,3.099000,1
66601,LOVES TRAVEL STOP #323,"I-69, EXIT 264 & SR-18",Marion,IN,40.549986,-85.660420,3.575667,3.575667,3.575667,1
66603,COFFEE CUP FUEL STOP #7,"I-90, EXIT 406 & SR-11",Brandon,SD,43.592908,-96.583769,2.977333,2.977333,2.977333,1
66604,GALLOPS,"I-90, I-80, EXIT 40",La Porte,IN,41.606072,-86.713679,3.549000,3.549000,3.549000,1
66606,BART INDUSTRIES,"I-91, EXIT 6",Bellows Falls,VT,43.134554,-72.459088,3.709000,3.709000,3.709000,1
66607,7-ELEVEN #37392,"I-93, EXIT 5",Londonderry,NH,42.853398,-71.362425,3.799000,3.799000,3.799000,1
66608,CASEYS #2650,I-94/US-52 EXIT 135 & CR-173,Melrose,MN,45.677008,-94.814774,3.179000,3.179000,3.179000,1
66612,STOP N GO #1709,"I-94, EXIT 105",Hixton,WI,44.383081,-91.014800,3.237333,3.237333,3.237333,1
66613,LOVES TRAVEL STOP #362,"I-10, EXIT 7 & SR-3063",Vinton,LA,30.195435,-93.582246,3.305667,3.305667,3.305667,1
66614,MARATHON,"I-94, EXIT 212A",Detroit,MI,42.383037,-83.102237,3.799000,3.699000,3.899000,2
66615,KWIK TRIP #396,"I-94, EXIT 295",Waukesha,WI,43.009084,-88.245062,3.399000,3.399000,3.399000,1
66618,CIRCLE K #2723378,I-95,Sumter,SC,33.940848,-80.395543,3.159000,3.159000,3.159000,1
66620,Shell,"I-95, EXIT 130",Ashland,VA,37.760417,-77.472414,3.264000,3.264000,3.264000,1
66622,DUNCAN TRUCK STOP,"I-95, EXIT 15",Jersey City,NJ,40.711417,-74.064760,3.409000,3.409000,3.409000,1
66624,Sunoco,"I-95, EXIT 25",Croydon,PA,40.090348,-74.896679,3.659000,3.659000,3.659000,1
66625,EXIT 43 QUICK STOP,"I-95, EXIT 43",Richmond,ME,44.099038,-69.809567,3.765667,3.765667,3.765667,1
66628,Chevron,"I-95, EXIT 5 & US-17",Hardeeville,SC,32.295308,-81.040983,3.007333,3.007333,3.007333,1
66631,SPEEDWAY #3589,I-96,Lake Odessa,MI,42.782920,-85.137538,3.599000,3.599000,3.599000,1
66632,SHELL FOOD MART AND TRUCKSTOP,I-985,Gainesville,GA,34.290100,-83.829106,3.399000,3.399000,3.399000,1
66635,C  BARN,US-67,Park Hills,MO,37.816979,-90.499893,3.049000,3.049000,3.049000,1
66637,BERKLYS TRAVEL CENTER,US-281,Round Mountain,TX,30.394346,-98.361174,3.315667,3.315667,3.315667,1
66640,Kent Kwik #928,US-82/SR-6 & SR-5/SR-25,Brent,AL,32.944893,-87.172088,3.099000,3.099000,3.099000,1
66643,DEERFIELD TRAVEL CENTER,"I-55, EXIT 8",Steele,MO,36.094790,-89.862102,2.975667,2.975667,2.975667,1
66645,ALLSUPS #2390,"I-20/US-84, EXIT 270",Merkel,TX,32.469731,-100.011096,2.875667,2.875667,2.875667,1
66648,CHEVRON,"I-20, EXIT 113",Bessemer,AL,33.370858,-86.971522,3.099000,3.099000,3.099000,1
66649,CHOCTAW TRAVEL PLAZA #637,US-59 & CR-E1452,Heavener,OK,34.891965,-94.607790,3.299000,3.299000,3.299000,1
66659,MARATHON,SR-37,Mitchell,IN,38.737092,-86.475220,3.599000,3.599000,3.599000,1
66664,CASEYS #3294,"I-380/SR-27, EXIT 43 & SR-150",Urbana,IA,42.229835,-91.885511,3.449000,3.449000,3.449000,1
66667,CIRCLE K #4701408,"I-36, EXIT 99",Rochelle,IL,41.919149,-89.063661,3.499000,3.499000,3.499000,1
66668,ACME TRUCK STOP,"I-4, EXIT 96",Orlando,FL,28.408650,-81.254805,3.399000,3.399000,3.399000,1
66669,CIRCLE K #2726032,I-40,Jacksonville,FL,30.336864,-81.661603,3.429000,3.429000,3.429000,1
66670,SPEEDWAY #7930,"I-40, 1126 N MAIN ST",Lillington,NC,35.413080,-78.811703,3.759000,3.759000,3.759000,1
66671,CIRCLE K #2723686,US-72,Scottsboro,AL,34.644620,-86.048155,3.265667,3.265667,3.265667,1
66673,MARATHON,SR-72,Huntsville,AL,34.697720,-86.676670,2.979000,2.979000,2.979000,1
66676,HUTCH'S #118,"I-40, EXIT 108",Watonga,OK,35.847503,-98.402734,3.099000,3.099000,3.099000,1
66678,NKS ROYAL TRUCKSTOP,"I-40, EXIT 16",Gallup,NM,35.513753,-108.743733,3.119000,3.119000,3.119000,1
66680,BIG TOP TRAVEL CENTER,"I-20, EXIT 157",Delhi,LA,32.452843,-91.489976,2.969000,2.969000,2.969000,1
66683,SUPERSTOP Shell,"I-40, EXIT 192",Stuttgart,AR,34.495233,-91.548638,3.415667,3.415667,3.415667,1
66689,ROSCOE TRAVEL PLAZA,"I-20, EXIT 235",Roscoe,TX,32.441934,-100.532231,2.759000,2.759000,2.759000,1
66693,Allsup Marketplace #2400,"I-40, EXIT 356",San Jon,NM,35.111299,-103.336299,3.059000,3.059000,3.059000,1
66705,7-ELEVEN,"I-44, EXIT 1/US-287",Wichita Falls,TX,33.906654,-98.525848,2.760667,2.760667,2.760667,1
66709,CIRCLE K #2709343,"I-24, EXIT 169",Wildwood,GA,34.966937,-85.421501,3.145667,3.145667,3.145667,1
66715,7-Eleven #34210,"I-25/US-87, EXIT 240 & SR-119",Longmont,CO,40.169853,-105.101841,3.189000,3.189000,3.189000,1
66717,Fast Stop Travel Centers #1131,"I-25/US-87, EXIT 80",Wheatland,WY,42.051706,-104.959472,3.499000,3.499000,3.499000,1
66718,Bartonville SHELL,"I-474, EXIT 6",Peoria,IL,40.751641,-89.617198,4.299000,4.299000,4.299000,1
66720,MOUNTAIN ENERGY #126,"I-26, EXIT 13",Hendersonville,NC,35.324302,-82.456282,2.845667,2.845667,2.845667,1
66721,USA SPEEDTRAC,"I-49US-167, EXIT 11",Grand Coteau,LA,30.420237,-92.043790,3.399000,3.399000,3.399000,1
66725,SPEEDWAY #9662,I-264,Louisville,KY,38.224728,-85.740614,3.029000,3.029000,3.029000,1
66728,CIRCLE K #2723706,"I-81/US-52, EXIT 72 & I-77, EXIT 41",Wytheville,VA,36.953385,-81.088438,3.349000,3.349000,3.349000,1
66734,Marathon,"I-675, Exit 7",Ellenwood,GA,33.614832,-84.301034,3.009000,3.009000,3.009000,1
66737,THE JUNCTION,US-59 & US-73,Atchison,KS,39.562552,-95.136611,3.279000,3.279000,3.279000,1
66738,TREX MART #9,I-29,Dearborn,MO,39.525142,-94.771972,2.999000,2.999000,2.999000,1
66739,ZIP TRIP #64,I-29,Brookings,SD,44.303364,-96.787339,3.399000,3.399000,3.399000,1
66741,DEANS LANE VALERO,I-295,Monmouth Junction,NJ,40.376068,-74.557923,3.145667,3.145667,3.145667,1
66742,DEEP WATER TRUCK STOP,"I-295, EXIT 2C",Penns Grove,NJ,39.727704,-75.469035,3.279000,3.279000,3.279000,1
66746,CASEYS #4246,"I-30, EXIT 123",Bryant,AR,34.615059,-92.491338,3.032333,3.032333,3.032333,1
66747,LOVES TRAVEL STOP #322,"I-90, EXIT 3",Roscoe,IL,42.425559,-89.009455,3.789000,3.789000,3.789000,1
66749,BIG RIVER #18,"I-310 EXIT 2, & US-61",Saint Rose,LA,29.963475,-90.307893,3.099000,3.099000,3.099000,1
66750,LOVES TRAVEL STOP #177,I-35,El Dorado,KS,37.821624,-96.862203,3.255667,3.255667,3.255667,1
66751,FAST N FRIENDLY,"I-35, EXIT 132",Emporia,KS,38.402869,-96.192906,3.657333,3.657333,3.657333,1
66756,CASEYS #2550,"I-35, EXIT 33 & US-34",Osceola,IA,41.029726,-93.785259,3.339000,3.339000,3.339000,1
66760,LOVES TRAVEL STOP #326,I-26 EXIT 154A,Orangeburg,SC,33.493596,-80.866880,3.389000,3.389000,3.389000,1
66761,SPEEDWAY #4589,US-501 & SR-90,Conway,SC,33.841930,-79.045651,3.064000,3.064000,3.064000,1
66762,EXXON TIGER MART #44,"US-45,  EXIT 249",Ennis,TX,32.325067,-96.633799,3.099000,3.099000,3.099000,1
66763,SPEEDWAY #7998,US-52 & US-74,Wadesboro,NC,34.963829,-80.074694,3.645667,3.645667,3.645667,1
66765,STRIPES #40736,US-77/US-83,Olmito,TX,26.027593,-97.540059,2.999000,2.999000,2.999000,1
66767,SPRINT MART #49,"I-22/US-78, EXIT 87 & SR-811",Tupelo,MS,34.270604,-88.732455,2.992333,2.992333,2.992333,1
66769,PETRO STOPPING CENTER #344,"I-95, EXIT 3",Kingsland,GA,30.846097,-81.790911,3.649000,3.649000,3.649000,1
66771,FLYING J TRAVEL PLAZA #727,"I-69C/US-281, EXIT 8 & FM-1925",Edinburg,TX,26.321056,-98.162837,3.084000,3.084000,3.084000,1
66773,STRIPES 7FLEET #42475,US-62,Hobbs,NM,32.729088,-103.160828,3.459000,3.459000,3.459000,1
66774,Clark #4667,"I-80/I-90, EXIT 39 & SR-109",Delta,OH,41.576095,-84.009587,3.699000,3.699000,3.699000,1
66775,GO MART,US-33 & CR-116,Rockbridge,OH,39.586228,-82.526229,3.499000,3.499000,3.499000,1
66776,S&G #77,US-224 & US-23,Alvada,OH,41.050332,-83.401869,3.259000,3.259000,3.259000,1
66778,LOVES TRAVEL STOP #169,"I-44, EXIT 179 & US-377/SR-99",Stroud,OK,35.768875,-96.650070,3.144000,3.144000,3.144000,1
66780,DIAMOND #20,"I-65, EXIT 93 & SR-84",Evergreen,AL,31.433216,-86.976081,3.399000,3.399000,3.399000,1
66784,Texaco #384529,US-80/SR-8 & SR-14,Selma,AL,32.416983,-87.035702,3.299000,3.299000,3.299000,1
66785,WINFIELD TRUCK STOP,SR-129,Winfield,AL,33.934717,-87.791310,3.659000,3.659000,3.659000,1
66786,Circle K #2741791,"I-40, EXIT 175 & SR-31",Lonoke,AR,34.790501,-91.907362,3.139000,3.139000,3.139000,1
66787,TEXACO,"I-59, EXIT 67B",Hattiesburg,MS,31.307305,-89.317434,3.065667,3.065667,3.065667,1
66788,CIRCLE K #4703626,"I-75, EXIT 60 & SR-68",Sweetwater,TN,35.602623,-84.473378,3.289000,3.289000,3.289000,1
66793,CIRCLE K #2723693,"I-526, EXIT 19 & SR-10-60",Charleston,SC,32.828017,-79.972896,2.975667,2.975667,2.975667,1
66795,FUEL MART #645,"I-90, EXIT 353",Spencer,SD,43.727466,-97.591110,3.499000,3.499000,3.499000,1
66796,ROYAL FARMS #109,US-13 & SR-404,Bridgeville,DE,38.725204,-75.602850,3.259000,3.259000,3.259000,1
66799,SHELL DBA ONE9 #1403,"I-75/SR-93, EXIT 451 & US-129",Jasper,FL,30.455935,-82.934214,3.251500,3.244000,3.259000,2
66800,CIRCLE K #2743950,I-35,San Antonio,TX,29.462809,-98.524635,2.804000,2.804000,2.804000,1
66801,SUNSTOP #330,"I-75, EXIT 460 & SR-6",Jennings,FL,30.596821,-83.106994,3.299000,3.299000,3.299000,1
66802,MOBIL,US-27 & SR-66,Sebring,FL,27.471396,-81.451568,3.459000,3.459000,3.459000,1
66803,Stripes,FM-2061 & FM-3072,Pharr,TX,26.167844,-98.190198,3.165667,3.165667,3.165667,1
66804,PWI #586,"I-80, EXIT 104  & US-191",Rock Springs,WY,41.594704,-109.220922,3.199000,3.199000,3.199000,1
66805,CIRCLE K #2723553,US-27,Ringgold,GA,34.913657,-85.121503,3.075667,3.075667,3.075667,1
66807,QUICK FUEL #5303,"I-35E, EXIT 436A",Dallas,TX,32.793333,-96.766513,3.045667,3.045667,3.045667,1
66809,CASEYS #3449,SR-78,Wapello,IA,41.177222,-91.188991,3.349000,3.349000,3.349000,1
66810,QUICK FUEL #3145,SR-83,Bensenville,IL,41.958011,-87.943825,3.499000,3.449000,3.539000,3
66812,FAMILY EXPRESS #47 (DISCOUNT AVAILABLE),"I-65, EXIT 201 & US-24/US-231",Remington,IN,40.769405,-87.129724,3.552333,3.552333,3.552333,1
66813,MCCLURE OIL #59,I-69 EXIT 259,Gas City,IN,40.488650,-85.594335,3.639000,3.639000,3.639000,1
66815,MAXS #132,US-641 N,Murray,KY,36.614202,-88.322075,3.399000,3.399000,3.399000,1
66816,CIRCLE K #4707082,"I-95, EXIT 132 & SR-139",Fairfield,ME,44.590339,-69.605215,3.899000,3.899000,3.899000,1
66817,JOLLY TRUCK STOP,US-82/US-287,Wichita Falls,TX,33.906654,-98.525848,2.899000,2.899000,2.899000,1
66819,ROAD RANGER #265,"I-88, EXIT 54",Dixon,IL,41.844824,-89.476547,3.489000,3.479000,3.499000,2
66820,CM BREAUX BRIDGE,"I-10, EXIT 109",Breaux Bridge,LA,30.283099,-91.905919,3.299000,3.299000,3.299000,1
66821,DENTON GOOSE CREEK,SR-404/SR-619,Denton,MD,38.879421,-75.824452,3.259000,3.259000,3.259000,1
66822,WILD BILL'S,I-78,Sherman,MS,34.361170,-88.838744,2.919000,2.919000,2.919000,1
66824,STRIPES #42435,US-87/US-277,San Angelo,TX,31.441078,-100.450499,2.799000,2.799000,2.799000,1
66833,STRIPES #5148,US-281,Pharr,TX,26.167844,-98.190198,3.399000,3.399000,3.399000,1
66834,ROAD RANGER #186,"I-39/US-51, EXIT 27 & SR-2/CR-2200",Minonk,IL,40.910368,-89.038153,3.409000,3.339000,3.449000,3
66838,RUTTERS #96,US-322 & SR-655,Milroy,PA,40.719360,-77.589990,4.050667,4.050667,4.050667,1
66843,FLYING J TRAVEL PLAZA #728,"I-10, EXIT 37",El Paso,TX,31.847780,-106.431106,3.092333,3.092333,3.092333,1
66844,CIRCLE K #2706984,US-77 & CR-1356,Kingsville,TX,27.509201,-97.861028,2.822333,2.822333,2.822333,1
66845,CIRCLE K #2723643,SR-431,Dothan,AL,31.233698,-85.406823,3.582333,3.582333,3.582333,1
66846,CIRCLE K #2723664,US-280,Childersburg,AL,33.292549,-86.340844,3.899000,3.899000,3.899000,1
66847,CIRCLE K #2723667,"I-20, EXIT 185 & SR-21",Oxford,AL,33.596410,-85.868219,2.999000,2.999000,2.999000,1
66848,CIRCLE K #2723695,"I-55, EXIT 265",Senatobia,MS,34.608650,-89.980994,3.199000,3.199000,3.199000,1
66850,Stripes,ST 77,Riviera,TX,27.299534,-97.798090,3.125667,3.125667,3.125667,1
66853,LOVES TRAVEL STOP #327,US-77 & FM-1898,Kingsville,TX,27.509201,-97.861028,3.155667,3.155667,3.155667,1
66854,TA WAPAKONETA TRAVEL CENTER,"I-75, EXIT 111",Wapakoneta,OH,40.565229,-84.190695,3.282333,3.282333,3.282333,1
66856,Speedway #4800,"I-94, EXIT 183",Clearwater,MN,45.409879,-94.044560,3.199000,3.199000,3.199000,1
66858,LOVES TRAVEL STOP #328,"I-10, EXIT 162",Chandler,AZ,33.282765,-111.851819,3.469000,3.469000,3.469000,1
66862,LOVES TRAVEL STOP #330,I-40 EXIT 280 & SR-56,Baxter,TN,36.153678,-85.634922,3.234000,3.234000,3.234000,1
66863,101 TRAVEL PLAZA,"I-40, EXIT 101 & SR-104",Cedar Grove,TN,35.482018,-88.267816,2.999000,2.999000,2.999000,1
66865,FLYING J FUEL STOP #741,US-287/US-281/US-82 & SR-473,Wichita Falls,TX,33.906654,-98.525848,3.125667,3.125667,3.125667,1
66867,KWIK STAR #212,"US-61, EXIT 156",Maquoketa,IA,42.060530,-90.663862,3.624000,3.624000,3.624000,1
66868,STRIPES #40604,US-83,Mission,TX,26.204060,-98.325221,2.882333,2.882333,2.882333,1
66869,SPEEDWAY #4630,US-220 BUS & CR-782,Ridgeway,VA,36.578174,-79.858290,3.409000,3.409000,3.409000,1
66870,PETRO STOPPING CENTER NAPOLEON,"US-24/US-6/CR-3, EXIT 41",Napoleon,OH,41.397969,-84.124984,3.705667,3.705667,3.705667,1
66874,FLYING J TRAVEL PLAZA #733,"I-27, EXIT 4 & US-82",Lubbock,TX,33.561901,-101.888883,3.332333,3.332333,3.332333,1
66876,PILOT TRAVEL CENTERS #156,SR-1633 & SR-813 & SR-9004,Mortons Gap,KY,37.242200,-87.467543,3.629000,3.629000,3.629000,1
66877,PILOT TRAVEL CENTER #916- TOWN PUMP,US-93 & US-12,Lolo,MT,46.771857,-114.108453,3.609000,3.609000,3.609000,1
66878,PILOT TRAVEL CENTER #915- TOWN PUMP,"I-90, EXIT 455",Billings,MT,45.788538,-108.552475,3.580667,3.580667,3.580667,1
66879,TA EXPRESS,"I-40, EXIT 101",Atkins,AR,35.240863,-92.949643,3.340667,3.340667,3.340667,1
66880,LOVES TRAVEL STOP #324,I-80 EXIT 242 & SR 339,Mifflinville,PA,41.030711,-76.302779,3.965667,3.965667,3.965667,1
66881,PLAZAGO TRUCKSTOP,US-50/SR-61 & SR-96/SR-14,South Hutchinson,KS,38.023082,-97.944845,3.269000,3.269000,3.269000,1
66888,LOVES TRAVEL STOP #334,"I-84, EXIT 211 & US-30/SR-24",Heyburn,ID,42.559982,-113.762067,3.892333,3.892333,3.892333,1
66890,CASEYS #4223,US-25E,Middlesboro,KY,36.608415,-83.716582,3.489000,3.489000,3.489000,1
66892,LOVES TRAVEL STOP #336,"I-94, EXIT 112",Marshall,MI,42.262630,-84.958739,3.574000,3.489000,3.649000,4
66893,ONE9 #1291,US-287 & CR-174,Bowie,TX,33.556959,-97.846101,2.912333,2.912333,2.912333,1
66894,PILOT TRAVEL CENTERS #259,US-69,Muskogee,OK,35.743797,-95.356405,3.322333,3.322333,3.322333,1
66895,TA Express Tonkawa,"I-35, EXIT 40 & US-60",Tonkawa,OK,36.670589,-97.315028,3.294000,3.294000,3.294000,1
66897,FLYING J TRAVEL PLAZA #604,"I-65, EXIT 158",Hope Hull,AL,32.198998,-86.344383,3.309000,3.309000,3.309000,1
66898,PILOT TRAVEL CENTERS #384,"I-95, EXIT 58",Colonial Heights,VA,37.261685,-77.396804,3.799000,3.799000,3.799000,1
66899,LOVES TRAVEL STOP #333,"I-77, EXIT 83",Fort Mill,SC,35.005997,-80.940000,3.380667,3.380667,3.380667,1
66900,DODGE CITY PETRO #397,"I-65, EXIT 299 & SR-69",Hanceville,AL,34.064010,-86.764436,3.919000,3.919000,3.919000,1
66902,CIRCLE K #4707239,SR-103,Warner,NH,43.284261,-71.824059,3.932333,3.932333,3.932333,1
66905,CIRCLE K #4707212,SR-27,Raymond,NH,43.035577,-71.175454,3.759000,3.759000,3.759000,1
66906,LOVES TRAVEL STOP #331,"I-45, EXIT 272",Hutchins,TX,32.643392,-96.709833,3.102333,3.102333,3.102333,1
66908,CIRCLE K #2723708,"I-81, EXIT 77",Wytheville,VA,36.953385,-81.088438,3.365667,3.365667,3.365667,1
66911,LOVES TRAVEL STOP #343,"I-20 & I-59, EXIT 165",Toomsuba,MS,32.430282,-88.507088,3.009000,3.009000,3.009000,1
66912,LOVES TRAVEL STOPS #335,"I-15, EXIT 62 & SR-130",Cedar City,UT,37.683767,-113.095484,3.663000,3.649000,3.677000,2
66914,FLYING J TRAVEL PLAZA #683,"I-95, EXIT 106",Kenly,NC,35.600767,-78.127935,3.709000,3.709000,3.709000,1
66915,CIRCLE K #2723716,"I-81, EXIT 84",Max Meadows,VA,36.978941,-80.961796,3.462333,3.462333,3.462333,1
66918,MINIT MART #647,"I-39, EXIT 35 & SR-17",Wenona,IL,41.048655,-89.052258,3.524000,3.499000,3.549000,2
66920,7-ELEVEN #35562,"I-85, EXIT 32",Charlotte,NC,35.209045,-80.830990,3.379000,3.379000,3.379000,1
66921,LOVES TRAVEL STOP #338,"I-95/SR-405, EXIT 90 & SR-144",Richmond Hill,GA,31.900000,-81.310961,3.364000,3.364000,3.364000,1
66922,LOVES TRAVEL STOPS #339,"I-20, EXIT 115 & FM-1882",Odessa,TX,31.880461,-102.345314,3.549000,3.549000,3.549000,2
66923,LOVES TRAVEL STOP #765,"I-85, EXIT 147",Commerce,GA,34.214298,-83.475713,3.210667,3.210667,3.210667,1
66925,FLYING J TRAVEL PLAZA #714,"I-77, EXIT 73",Rock Hill,SC,34.938216,-81.019177,3.399000,3.399000,3.399000,1
66927,PILOT TRAVEL CENTERS #41,I-64 EXIT 113 SE QUAD,Mount Sterling,KY,38.065465,-83.948822,3.764000,3.759000,3.769000,2
66928,FLYING J TRAVEL PLAZA #730,"I-35/US-83, EXIT 13",Laredo,TX,27.560379,-99.489181,3.599000,3.599000,3.599000,1
66929,FLYING J TRAVEL PLAZA #642,"I-255,  EXIT 17",East Saint Louis,IL,38.616361,-90.130528,3.546500,3.389000,3.699000,4
66931,CASEYS #3896,"I-380, EXIT 35",Center Point,IA,42.184604,-91.779891,3.449000,3.449000,3.449000,1
66932,CIRCLE K #4701444,US-34 & SR-164,Monmouth,IL,40.914233,-90.643075,3.424000,3.399000,3.449000,2
66935,FRANCIS CREEK TRAVEL PLAZA,SR-41,Francis Creek,WI,44.200532,-87.720911,3.384000,3.384000,3.384000,1
66937,LOVES TRAVEL STOP #341,"I-44, EXIT 189",Rolla,MO,37.945940,-91.761202,3.300667,3.300667,3.300667,1
66939,KWIK TRIP #416,SR-172 & CR-GV,De Pere,WI,44.430990,-88.079936,3.390667,3.390667,3.390667,1
66941,PILOT TRAVEL CENTERS #367,"I-30, EXIT 87 & 88",Caddo Mills,TX,33.074542,-96.226922,3.169000,3.169000,3.169000,1
66942,MAVERIK COUNTRY STORE #612,"I-15, EXIT 362",Brigham City,UT,41.505904,-112.051418,3.449000,3.449000,3.449000,1
66944,LOVES TRAVEL STOPS #316,"I-95, EXIT 273 & US-1",Ormond Beach,FL,29.293276,-81.101447,3.483000,3.477000,3.489000,2
66945,PILOT TRAVEL CENTERS #159,"I-64, EXIT 211",Providence Forge,VA,37.441813,-77.043580,3.899000,3.899000,3.899000,1
66948,CIRCLE K #4707618,"I-481, EXIT 8 & CR-82",East Syracuse,NY,43.063823,-76.069789,3.799000,3.799000,3.799000,1
66951,BERKLYS TRAVEL CENTER #3,US-377/US-87,Brady,TX,31.115378,-99.345935,3.615667,3.615667,3.615667,1
66953,LOVES TRAVEL STOP #355,"I-65, EXIT 16",Memphis,IN,38.494822,-85.767036,3.949000,3.949000,3.949000,1
66954,LOVES TRAVEL STOP #344,I-240 EXIT 21 & US-78/SR-4,Memphis,TN,35.109026,-89.967455,3.249000,3.249000,3.249000,1
66955,LOVES TRAVEL STOP #349,"I-8, EXIT 3",Yuma,AZ,32.516286,-114.521782,3.502333,3.502333,3.502333,1
66956,LOVES TRAVEL STOP #348,"I-69/I-24, EXIT 27 & US-62",Calvert City,KY,37.046422,-88.395537,3.689000,3.689000,3.689000,1
66957,LOVES TRAVEL STOP #346,I-65 EXIT 46 & SR-99,Columbia,TN,35.623804,-87.042514,3.789000,3.789000,3.789000,1
66959,PILOT TRAVEL CENTERS #388,"I-20 & I-59, EXIT 151",Meridian,MS,32.384170,-88.689448,2.979000,2.979000,2.979000,1
66961,CIRCLE K #2707020,"I-4, EXIT 32 & US-98/SR-700/SR-35",Lakeland,FL,28.055496,-81.954772,3.414000,3.414000,3.414000,1
66962,PILOT TRAVEL CENTERS #242,"I-74, EXIT 109",Shelbyville,IN,39.545277,-85.779499,3.999000,3.999000,3.999000,2
66963,SPARTA TRAVEL CENTER,"I-90, EXIT 28",Sparta,WI,43.938249,-90.812705,3.179000,3.179000,3.179000,1
66964,PILOT TRAVEL CENTERS #239,US-30/US-23,Upper Sandusky,OH,40.830669,-83.270709,3.899000,3.899000,3.899000,1
66965,EATONTON TRAVEL CENTER,US-441/US/129/SR-24,Eatonton,GA,33.325821,-83.388862,3.249000,3.249000,3.249000,1
66966,LOVES TRAVEL STOP #352,I-71 EXIT 65,Jeffersonville,OH,39.653439,-83.551562,3.422333,3.422333,3.422333,1
66968,FLYING J TRAVEL PLAZA #675,US-136 & SR-27,Wayland,MO,40.396301,-91.575443,3.305667,3.305667,3.305667,1
66972,PETRO STOPPING CENTER #339,"I-90, EXIT 272",Spokane,WA,47.666935,-117.433322,3.979000,3.959000,3.999000,2
66987,LOVES TRAVEL STOP #354,"US-78 & I-20, EXIT 172",Thomson,GA,33.469270,-82.495116,3.849000,3.849000,3.849000,1
66993,PILOT TRAVEL CENTERS #198,US-30 & US-31,Plymouth,IN,41.348770,-86.319336,3.864000,3.859000,3.869000,2
66994,PILOT TRAVEL CENTERS #303,US-24/US-6 & SR-108,Napoleon,OH,41.397969,-84.124984,3.710667,3.710667,3.710667,1
66995,PILOT TRAVEL CENTERS #322,"I-86, EXIT 37",Bath,NY,42.336093,-77.316860,4.499000,4.499000,4.499000,1
66997,LOVES TRAVEL STOP #289,"I-20, EXIT 49 & SR-531",Minden,LA,32.619146,-93.272754,3.149000,3.149000,3.149000,1
67008,TA ST LOUIS EAST TRAVEL CENTER,"I-55, EXIT 18",Troy,IL,38.739674,-89.882544,3.499000,3.379000,3.629000,6
67009,PILOT TRAVEL CENTERS #407,"I-35, EXIT 194",Clear Lake,IA,43.135090,-93.373651,3.659000,3.659000,3.659000,2
67030,LOVES TRAVEL STOP #337,"I-90 & I-35, EXIT 11",Albert Lea,MN,43.654293,-93.364148,4.089000,4.089000,4.089000,1
67034,LOVES TRAVEL STOP #356,"I-75, EXIT 167",North Baltimore,OH,41.179755,-83.668259,3.347333,3.347333,3.347333,1
67037,LOVES TRAVEL STOP #332,I-71 EXIT 204,Burbank,OH,40.986232,-81.994840,3.689000,3.689000,3.689000,1
67038,PILOT TRAVEL CENTERS #260,US-82/SR-520 & SR-300,Albany,GA,31.578117,-84.176224,3.799000,3.799000,3.799000,2
67039,ROAD RANGER #145,"I-44, EXIT 275",Fenton,MO,38.528547,-90.450674,3.359000,3.359000,3.359000,1
67040,FLYING J TRAVEL PLAZA #603,US-431/SR-210 & US-231/SR-1,Dothan,AL,31.233698,-85.406823,3.999000,3.999000,3.999000,1
67041,CIRCLE K #4707040,"I-95, EXIT 133 & US-201",Skowhegan,ME,44.778149,-69.712196,3.725667,3.725667,3.725667,1
67044,PILOT TRAVEL CENTER #1212,"I-10, EXIT 45",Salome,AZ,33.777771,-113.606047,3.959000,3.959000,3.959000,2
67047,Circle K #2746490,"I-90, EXIT 332",Mitchell,SD,43.727072,-98.042192,3.064000,3.064000,3.064000,1
67051,PILOT TRAVEL CENTERS #208,"I-44, EXIT 257",Pacific,MO,38.481401,-90.750690,3.324000,3.324000,3.324000,1
67053,TA LAREDO TRAVEL CENTER,"I-35/US-83, EXIT 13",Laredo,TX,27.560379,-99.489181,3.649000,3.649000,3.649000,1
67054,LOVES TRAVEL STOPS #436,"I-80, EXIT 118",Salt Lake City,UT,40.776928,-111.930991,3.713000,3.649000,3.777000,2
67055,FLYING J TRAVEL PLAZA #641,I-15,Mccammon,ID,42.648236,-112.189394,3.749000,3.749000,3.749000,1
67056,Arco,US-2 & US-59,Erskine,MN,47.663163,-96.016683,3.399000,3.399000,3.399000,1
67057,PILOT TRAVEL CENTERS #146,"I-90, EXIT 12",Castleton On Hudson,NY,42.536568,-73.747924,3.999000,3.999000,3.999000,1
67058,PILOT TRAVEL CENTERS #368,"I-72, EXIT 144",Decatur,IL,39.855983,-88.933746,3.529000,3.459000,3.599000,4
67060,PILOT TRAVEL CENTERS #151,"I-5, EXIT 99NE",Olympia,WA,47.040604,-122.895000,4.599000,4.599000,4.599000,1
67063,PILOT TRAVEL CENTERS #330,"I-35, EXIT 184 SW",New Braunfels,TX,29.699306,-98.115127,3.399000,3.399000,3.399000,1
67064,LOVES TRAVEL STOP #385,"I-40, EXIT 101 & US-281",Hinton,OK,35.493227,-98.354723,3.385667,3.385667,3.385667,1
67065,TA GREENWOOD TRAVEL CENTER,"I-20, EXIT 5 & US-79",Greenwood,LA,32.431470,-93.959889,3.165667,3.165667,3.165667,1
67066,LOVES TRAVEL STOP #361,"I-80, EXIT 168",Newton,IA,41.696337,-93.040512,3.762333,3.762333,3.762333,1
67067,LOVES TRAVEL STOP #377,"I-76/US-6, EXIT 31 & SR-52",Hudson,CO,40.091746,-104.593741,3.459000,3.459000,3.459000,1
67069,FLYING J TRAVEL PLAZA #621,"I-70, EXIT 359 & US-24",Limon,CO,39.265074,-103.685911,3.886500,3.874000,3.899000,2
67070,CASEYS #4225,"SR-155N, EXIT 26-A",Nashville,TN,36.171800,-86.785002,3.062333,3.062333,3.062333,1
67071,FAS MART #5154,"I-270, EXIT 3 & SR-3",Hartford,IL,38.813086,-90.092073,3.289000,3.279000,3.299000,2
67073,PILOT TRAVEL CENTERS #81,"I-79, EXIT 99",Portersville,PA,40.924332,-80.146883,4.259000,4.259000,4.259000,1
67075,CM FOREST GOLD,SR-16,Amite,LA,30.732164,-90.515286,3.399000,3.399000,3.399000,1
67076,CASH MAGIC LUCKY MAGNOLIA,SR-63/SR-16,Denham Springs,LA,30.474329,-90.959027,3.399000,3.399000,3.399000,1
67077,CASH MAGIC BROUSSARD SOUTH,US-90,Broussard,LA,30.140831,-91.956060,3.399000,3.399000,3.399000,1
67078,CASH MAGIC SILVER FOX,SR-63/SR-16,Denham Springs,LA,30.474329,-90.959027,3.399000,3.399000,3.399000,1
67081,LOVES TRAVEL STOP #376,"I-85/SR-403, EXIT 28 & SR-54/SR-100",Hogansville,GA,33.166986,-84.902788,3.689000,3.689000,3.689000,1
67082,PILOT TRAVEL CENTERS #179,"I-81, EXIT 5-B",Hagerstown,MD,39.640182,-77.722691,3.959000,3.959000,3.959000,1
67085,PILOT TRAVEL CENTERS #210,"I-287, EXIT 66 & SR-17",Mahwah,NJ,41.082067,-74.183061,3.899000,3.899000,3.899000,1
67086,SPEEDWAY #7945,SR-24,Swansboro,NC,34.693583,-77.134274,3.699000,3.699000,3.699000,1
67087,SPEEDWAY #8189,"I-40, EXIT 408 & SR-210 & US-117",Rocky Point,NC,34.444048,-77.890907,3.605667,3.605667,3.605667,1
67088,PILOT #4580,"I-26, EXIT 82",Prosperity,SC,34.213372,-81.528386,3.425667,3.425667,3.425667,1
67090,LOVES TRAVEL STOP #373,US-69 & PLATTER RD,Calera,OK,33.930829,-96.429060,3.229000,3.229000,3.229000,1
67091,SPEEDWAY #7903,SR-211,Raeford,NC,34.981303,-79.229567,3.699000,3.699000,3.699000,1
67092,SPEEDWAY #8288,US-64 & SR-149,Plymouth,NC,35.858537,-76.748202,3.207333,3.207333,3.207333,1
67094,SPEEDWAY #7943,US-64/SR-49 & US-220,Asheboro,NC,35.718418,-79.814447,3.542333,3.542333,3.542333,1
67095,SPEEDWAY #8297,US-17 & US-17 BYP,Chocowinity,NC,35.514640,-77.101470,3.132333,3.132333,3.132333,1
67096,SPEEDWAY #6997,I-95/US-301,Fayetteville,NC,35.082766,-78.973515,3.395667,3.395667,3.395667,1
67097,SPEEDWAY #8298,SR-11/SR-55,Kinston,NC,35.275099,-77.593368,3.353000,3.353000,3.353000,1
67101,SPEEDWAY #7974,US-601 & SR-24/SR-27,Midland,NC,35.249167,-80.530075,3.429000,3.429000,3.429000,1
67103,SPEEDWAY #8225,US-13/US-17 & US-64,Williamston,NC,35.846539,-77.066078,3.849000,3.849000,3.849000,1
67106,PILOT TRAVEL CENTER #4656,"I-295, EXIT 3-A & US-460",Disputanta,VA,37.123551,-77.224856,3.572333,3.572333,3.572333,1
67107,SPEEDWAY/7fleet #4595,US-501 & SR-544,Conway,SC,33.841930,-79.045651,3.089000,3.089000,3.089000,1
67108,SPEEDWAY/7fleet #4594,SR-90,Longs,SC,33.953479,-78.773953,3.309000,3.309000,3.309000,1
67109,SPEEDWAY #4676,US-13/SR-32,Suffolk,VA,36.697157,-76.634781,3.799000,3.799000,3.799000,1
67113,COLUMBUS WEST TRAVEL CENTER,"US-151, EXIT 118",Columbus,WI,43.336805,-89.029988,3.119000,3.119000,3.119000,1
67114,SPEEDWAY #1415,"I-57, EXIT 306 & US-45/US-52",Kankakee,IL,41.101654,-87.863690,3.359000,3.339000,3.379000,2
67115,CIRCLE K #3912,"I-24/SR-27, EXIT 155 & SR-28",Jasper,TN,35.068255,-85.621162,2.889000,2.889000,2.889000,1
67117,MCCLURE OIL #65,US-31 & SR-38,Cicero,IN,40.121932,-86.034042,3.889000,3.889000,3.889000,1
67118,ABELS QUIK SHOP #20,US-36 & CR-437,Hannibal,MO,39.710208,-91.394044,3.065667,3.065667,3.065667,1
67119,EASTWAY TRUCKSTOP,SR-80,Somerset,KY,37.086473,-84.605350,3.599000,3.599000,3.599000,1
67120,LOVES TRAVEL STOP #379,"I-10 & CR 255, EXIT 262 SW",Lee,FL,30.413101,-83.304142,3.789000,3.789000,3.789000,1
67121,BETTY BEAVERS TRUCKSTOP,"I-88, EXIT 12 & CR-48",Otego,NY,42.392799,-75.180071,3.819000,3.819000,3.819000,1
67122,WORKMANS TRAVEL CENTER,"I-540, EXIT 24 & SR-282",Alma,AR,35.492375,-94.213947,3.372333,3.372333,3.372333,1
67125,LOVES TRAVEL STOP #370,I-80 EXIT 234,Hubbard,OH,41.158121,-80.564651,3.465667,3.465667,3.465667,1
67126,PILOT TRAVEL CENTERS #366,"I-40, EXIT 85 CHRISTMASVILLE RD",Jackson,TN,35.654148,-88.834972,3.509000,3.509000,3.509000,1
67127,LOVES TRAVEL STOP #381,"I-65, EXIT 322 & CR-55",Falkville,AL,34.377019,-86.909547,3.849000,3.849000,3.849000,1
67129,PILOT TRAVEL CENTERS #920,"I-70, EXIT 54",Colby,KS,39.384668,-101.045129,3.641500,3.634000,3.649000,2
67130,Pilot Travel Centers #473,"I-55, EXIT 248 & US-6",Channahon,IL,41.425279,-88.266579,3.452333,3.359000,3.599000,6
67133,LOVES TRAVEL STOP #365,I-80 EXIT 352,Wells,NV,41.113155,-114.953537,3.715667,3.715667,3.715667,1
67137,PILOT TRAVEL CENTERS #485,"I-80, EXIT 173",Winnemucca,NV,40.964440,-117.724594,3.770667,3.770667,3.770667,1
67138,Kum N Go #0561,US-65 & SR-744,Springfield,MO,37.194157,-93.292642,2.899000,2.899000,2.899000,1
67139,LOVES TRAVEL STOP #383,I-71 EXIT 55 & SR-1039,Sparta,KY,38.695435,-84.906136,3.749000,3.749000,3.749000,1
67140,Maverik Country Store #5069,I-35 EXIT 133,Ellsworth,IA,42.310239,-93.581877,3.095667,3.095667,3.095667,1
67141,KUM & GO #0022,"I-80, EXIT 182 & SR-146",Grinnell,IA,41.735236,-92.724902,3.197333,3.197333,3.197333,1
67143,ALL AMERICAN STORES #7,US-30,Fort Wayne,IN,41.089132,-85.143900,3.559000,3.559000,3.559000,1
67149,HOOPS TRAVEL CENTER,I-39 & SR-21,Coloma,WI,44.038651,-89.531148,3.182333,3.182333,3.182333,1
67150,Maverik Country Store #5119,"US-30, EXIT 150",Ames,IA,42.026327,-93.621264,3.082333,3.082333,3.082333,1
67151,CASEYS #2523,"SR-163, EXIT 29 & SR-14",Monroe,IA,41.518945,-93.103739,3.199000,3.199000,3.199000,1
67155,PILOT TRAVEL CENTER #1219,"I-70, EXIT 61",Vandalia,IL,38.974564,-89.110695,3.719000,3.699000,3.759000,3
67158,GOLDEN GATE AUTO TRUCK PLAZA,"I-80 , EXIT 32",Sparks,NV,39.574341,-119.715154,3.539000,3.539000,3.539000,1
67160,LOVES TRAVEL STOPS #378,"I-77, EXIT 132",Ripley,WV,38.821616,-81.709312,3.605000,3.589000,3.621000,2
67162,PILOT TRAVEL CENTERS #495,"I-80 , EXIT 201",Brooklyn,IA,41.732052,-92.444981,3.742333,3.699000,3.785667,2
67163,LOVES TRAVEL STOP #358,"I-78, EXIT 23",Hamburg,PA,40.556225,-75.982357,3.857333,3.857333,3.857333,1
67164,FLYING J TRAVEL PLAZA #510,"I-15 , EXIT 188",Scipio,UT,39.249080,-112.104411,3.689000,3.689000,3.689000,1
67165,SOMERSET TRAVEL CENTER,"I-76 , EXIT 110",Somerset,PA,40.005030,-79.077855,4.219000,4.219000,4.219000,1
67166,Circle K #4705726,US-33,Carroll,OH,39.802585,-82.706178,3.245667,3.245667,3.245667,1
67167,LOVES TRAVEL STOP #372,"I-84, EXIT 374",Ontario,OR,44.025047,-116.978769,3.689000,3.689000,3.689000,1
67168,LOVES TRAVEL STOPS #455,"I-70, EXIT 145",Ellis,KS,38.934654,-99.556791,3.656000,3.623000,3.689000,2
67169,JD ORANGEBURG,US-301/US-601/SR-4,Orangeburg,SC,33.493596,-80.866880,3.342333,3.342333,3.342333,1
67170,FAST TRACK #410,"I-10, EXIT 258",Madison,FL,30.471487,-83.413453,3.749000,3.749000,3.749000,1
67174,KWIK STAR #419,"US-218, EXIT 218",Charles City,IA,43.064760,-92.674457,3.539000,3.539000,3.539000,1
67175,KWIK STAR #428,SR-9,Cresco,IA,43.371746,-92.116287,3.524000,3.524000,3.524000,1
67178,KWIK STAR #701,US-63,Denver,IA,42.668220,-92.333942,3.499000,3.499000,3.499000,1
67182,KWIK STAR #817,US-52 & SR-24,Calmar,IA,43.181104,-91.867965,3.579000,3.579000,3.579000,1
67185,KWIK TRIP #385,SR-19/SR-3,Northfield,MN,44.455645,-93.170311,3.499000,3.499000,3.499000,1
67186,KWIK TRIP #424,SR-15 & CR-26,Fairmont,MN,43.644789,-94.464015,3.399000,3.399000,3.399000,1
67192,KWIK TRIP #464,US-63,Rochester,MN,44.014299,-92.478592,3.540667,3.540667,3.540667,1
67193,KWIK TRIP #609,SR-16 & SR-43,Rushford,MN,43.813437,-91.753828,3.499000,3.499000,3.499000,1
67195,KWIK TRIP #646,US-169 & CR-53,Blue Earth,MN,43.640994,-94.100339,3.324000,3.324000,3.324000,1
67196,KWIK TRIP #753,US-14 & SR-42,Eyota,MN,43.988310,-92.232124,3.615667,3.615667,3.615667,1
67200,KWIK TRIP #319,SR-13,Spencer,WI,44.753615,-90.298465,3.475667,3.475667,3.475667,1
67202,KWIK TRIP #328,US-53 & SR-95,Blair,WI,44.327131,-91.299402,3.237333,3.237333,3.237333,1
67204,KWIK TRIP #337,SR-65,New Richmond,WI,45.125239,-92.537135,3.499000,3.499000,3.499000,1
67206,KWIK TRIP #352,US-53,Chippewa Falls,WI,44.934653,-91.389165,3.407333,3.407333,3.407333,1
67207,KWIK TRIP #354,SR-26,Watertown,WI,43.189405,-88.728910,3.372333,3.372333,3.372333,1
67208,KWIK TRIP #363,US-14 & CR-O,Richland Center,WI,43.340476,-90.383420,3.389000,3.389000,3.389000,1
67209,KWIK TRIP #386,SR-64,Merrill,WI,45.180635,-89.700339,3.499000,3.499000,3.499000,1
67211,KWIK TRIP #392,SR-49/SR-23,Ripon,WI,43.843560,-88.837936,3.390667,3.390667,3.390667,1
67219,KWIK TRIP #455,US-8 & SR-27,Ladysmith,WI,45.460974,-91.097573,3.272333,3.272333,3.272333,1
67220,KWIK TRIP #456,"US-18/151, EXIT 79 & CR-PB",Verona,WI,42.990061,-89.538868,3.579000,3.579000,3.579000,1
67221,KWIK TRIP #457,"I-41/US-41, EXIT 116 & SR-44/SR-91",Oshkosh,WI,44.023168,-88.562260,3.290667,3.290667,3.290667,1
67223,KWIK TRIP #476,"US-53, EXIT 140",Rice Lake,WI,45.481992,-91.745762,3.432333,3.432333,3.432333,1
67226,KWIK TRIP #494,US-53 & SR-35,Onalaska,WI,43.889658,-91.204356,3.335667,3.335667,3.335667,1
67229,KWIK TRIP #740,SR-15,Hortonville,WI,44.335766,-88.636599,3.509000,3.509000,3.509000,1
67230,KWIK TRIP #750,US-14/US-61/SR-35,La Crosse,WI,43.824685,-91.224616,3.299000,3.299000,3.299000,1
67233,KWIK TRIP #807,US-10,Brillion,WI,44.173510,-88.067823,3.365667,3.365667,3.365667,1
67234,KWIK TRIP #847,SR-33 & SR-82/SR-80,Wonewoc,WI,43.653477,-90.224242,3.499000,3.499000,3.499000,1
67235,FLYING J TRAVEL PLAZA #507,I-35,Jarrell,TX,30.810264,-97.615122,3.220667,3.220667,3.220667,1
67237,OUTPOST TRAVEL CENTER,US-79 & CR-111,Minden,LA,32.619146,-93.272754,3.132333,3.132333,3.132333,1
67239,RELAY STATION,SR-1,Shreveport,LA,32.466879,-93.792193,3.132333,3.132333,3.132333,1
67241,RELAY STATION 3,SR-175,Frierson,LA,32.246949,-93.686859,3.259000,3.259000,3.259000,1
67242,SPEEDWAY #6940,"I-77, EXIT 85 & SR-268",Elkin,NC,36.263365,-80.847106,2.859000,2.859000,2.859000,1
67243,LOVES TRAVEL STOP #386,"I-40, EXIT 9 & SR-95",Lake Havasu City,AZ,34.499809,-114.310943,3.922333,3.922333,3.922333,1
67245,SPEEDWAY #4582,US-378,Conway,SC,33.841930,-79.045651,3.089000,3.089000,3.089000,1
67246,SPEEDWAY #7941,US-17 & SR-24,Jacksonville,NC,34.729730,-77.393661,3.325667,3.325667,3.325667,1
67247,CIRCLE K #4707512,"I-93, EXIT 47",Methuen,MA,42.726202,-71.190892,3.799000,3.799000,3.799000,1
67248,SPEEDWAY #6962,"I-40, EXIT 303",Garner,NC,35.693552,-78.614929,2.920667,2.920667,2.920667,1
67255,LOVES TRAVEL STOP #393,"I-55, EXIT 13",Mccomb,MS,31.244474,-90.471593,3.239000,3.239000,3.239000,1
67262,PILOT TRAVEL CENTERS #497,"I-20, EXIT 165",Lincoln,AL,33.580169,-86.127876,3.154000,3.109000,3.199000,2
67264,CIRCLE K #4707016,US-1,Princeton,ME,45.144593,-67.526972,3.882333,3.882333,3.882333,1
67265,CIRCLE K #4707048,US-2,Lincoln,ME,45.362677,-68.501730,3.732333,3.732333,3.732333,1
67269,ONVO TRAVEL PLAZA - GOULDSBORO,"I-380, EXIT 13 & SR-507",Gouldsboro,PA,41.245668,-75.441703,3.585667,3.585667,3.585667,1
67271,KWIK TRIP #330,US-169 & SR-25,Belle Plaine,MN,44.619780,-93.764595,3.379000,3.379000,3.379000,1
67272,PILOT TRAVEL CENTER #922- TOWN PUMP,US-2 & SR-40,Columbia Falls,MT,48.371476,-114.191834,3.649000,3.649000,3.649000,1
67273,LOVES TRAVEL STOP #396,I-26 EXIT 76,Newberry,SC,34.282254,-81.601461,3.415667,3.415667,3.415667,1
67274,KWIK STAR #790,"US-20, EXIT 275 & SR-13",Manchester,IA,42.485339,-91.456086,3.562333,3.562333,3.562333,1
67275,KWIK TRIP #481,US-61,Red Wing,MN,44.581265,-92.605011,3.324000,3.324000,3.324000,1
67279,LOVES TRAVEL STOP #391,"I-74, EXIT 123",Saint Paul,IN,39.428152,-85.628713,3.989000,3.989000,3.989000,1
67281,PARKERS SURRENCY #208,US-341/SR-27 & SR-121,Surrency,GA,31.721916,-82.197823,3.585667,3.585667,3.585667,1
67282,RUTTERS #65,"I-81, EXIT 14 & US-11",Chambersburg,PA,39.931433,-77.655642,4.399000,4.399000,4.399000,1
67283,PILOT #4597,"I-40, EXIT 258/SR-53",Gordonsville,TN,36.186129,-85.931490,3.245667,3.245667,3.245667,1
67284,LOVES TRAVEL STOP #390,"I-80, EXIT 179",North Platte,NE,41.125265,-100.763397,3.455667,3.455667,3.455667,1
67285,CASEY'S #4504,"I-35, EXIT 159 & CR-C47",Dows,IA,42.658364,-93.502041,3.299000,3.299000,3.299000,1
67292,LOVES TRAVEL STOP #304,"I-59, EXIT 174",Steele,AL,33.941378,-86.192107,3.989000,3.989000,3.989000,1
67293,KWIK TRIP #367,SR-33/CR-A,Fox Lake,WI,43.561568,-88.914752,3.245667,3.245667,3.245667,1
67294,MAPLEFIELDS,"I-87, EXIT 42/SR-11",Champlain,NY,44.988281,-73.432429,3.799000,3.799000,3.799000,1
67296,LOVES TRAVEL STOP #340,"I-15, EXIT 64 & US-93",Las Vegas,NV,36.233499,-115.264037,3.689000,3.689000,3.689000,1
67297,BAR-B,I-20 EXIT 370 & FM-919,Gordon,TX,32.545546,-98.367183,2.932333,2.932333,2.932333,1
67298,SPEEDWAY #5360,US-42,London,OH,39.892845,-83.438875,3.099000,3.099000,3.099000,1
67302,KUM & GO #0187,"I-90, EXIT 87",Sherburn,MN,43.654900,-94.727489,3.187333,3.187333,3.187333,1
67303,KUM & GO #0615,"I-29, EXIT 15",Elk Point,SD,42.681224,-96.680480,3.072333,3.072333,3.072333,1
67304,JACKRABBIT JUNCTION,"SR-60, EXIT 51 & CR-A22",Sibley,IA,43.401476,-95.743031,3.265667,3.265667,3.265667,1
67305,RELAY STATION,"I-20, EXIT 3",Bethany,LA,32.373212,-94.042686,3.122333,3.122333,3.122333,1
67306,150 QUICK STOP,US-150/SR-605,Bardstown,KY,37.817665,-85.455345,3.172333,3.172333,3.172333,1
67307,CMS FUELING CENTER,I-69 EXIT 153 AT MILE 153,Lapeer,MI,43.045127,-83.326746,3.899000,3.899000,3.899000,1
67308,FUEL STAR,SR-48,New Orleans,LA,30.053420,-89.934502,3.279000,3.279000,3.279000,1
67311,HOLIDAY STATIONSTORE #2746409,US-53 & CR-13,Duluth,MN,46.774458,-92.134135,3.499000,3.499000,3.499000,1
67312,RHODES 101 STOP #790,"I-55, EXIT 91",Scott City,MO,37.224530,-89.537647,3.424000,3.424000,3.424000,1
67313,Majors 660 Diboll Truck Plaza,US-59,Diboll,TX,31.188315,-94.782885,2.832333,2.832333,2.832333,1
67316,LOVES TRAVEL STOP #302,US-287 & US-412,Boise City,OK,36.731336,-102.509522,3.402333,3.402333,3.402333,1
67321,LOVES TRAVEL STOP #388,"I-55, EXIT 246 & SR-35",Batesville,MS,34.320982,-89.924878,3.460667,3.460667,3.460667,1
67322,LOVES TRAVEL STOP #398,"US-78, EXIT 81 & SR-178",Tupelo,MS,34.270604,-88.732455,3.882333,3.882333,3.882333,1
67323,PUMP & PANTRY #13,US-281/SR-92,Saint Paul,NE,41.213669,-98.459446,3.307333,3.307333,3.307333,1
67325,LOVES TRAVEL STOP #225,"I-65, EXIT 93 & US-84",Evergreen,AL,31.433216,-86.976081,3.339000,3.339000,3.339000,1
67329,LOVES TRAVEL STOP #387,"I-85, EXIT 4",Fair Play,SC,34.508090,-82.986838,3.212333,3.212333,3.212333,1
67331,LOVES TRAVEL STOP #227,"I-20 /I-59, EXIT 100 & SR-216",Mc Calla,AL,33.303112,-87.026660,3.159000,3.159000,3.159000,1
67333,PILOT #880,"I-84, EXIT 1",Montague,NJ,41.280958,-74.730511,3.999000,3.999000,3.999000,1
67334,KWIK TRIP #338,US-51,Plover,WI,44.462020,-89.537971,3.299000,3.299000,3.299000,1
67335,TOP STOP MARKET,"I-24, EXIT 111",Manchester,TN,35.464125,-86.072895,3.015667,3.015667,3.015667,1
67336,LOVES TRAVEL STOPS #342,"I-37, EXIT 72 & US-281",Three Rivers,TX,28.466853,-98.177947,3.129000,3.089000,3.169000,2
67337,KWIK TRIP #422,"I-94, EXIT 322",Oak Creek,WI,42.878693,-87.898676,3.744000,3.744000,3.744000,1
67338,HUTCH'S #114,US-81,Enid,OK,36.406702,-97.869861,2.999000,2.999000,2.999000,1
67340,MCCLURE,I-74 EXIT  34,Crawfordsville,IN,40.041861,-86.897624,3.615667,3.615667,3.615667,1
67341,CASEYS #3898,"US-151, EXIT 49 & CR-E34",Anamosa,IA,42.108825,-91.275205,3.359000,3.359000,3.359000,1
67342,One9 #1414,"I-81, EXIT 128",Elliston,VA,37.223009,-80.215723,3.242333,3.242333,3.242333,1
67343,EAGLE EXPRESS,US-41,Peshtigo,WI,45.056922,-87.744077,3.399000,3.399000,3.399000,1
67344,DODGE CITY SHELL,"I-65, EXIT 299",Hanceville,AL,34.064010,-86.764436,3.952333,3.952333,3.952333,1
67345,STEELE SERVICE STATION,"I-59, EXIT 174",Steele,AL,33.941378,-86.192107,3.889000,3.889000,3.889000,1
67348,LOVES TRAVEL STOP #389,I-90 EXIT 241,Conneaut,OH,41.927299,-80.568382,3.849000,3.849000,3.849000,1
67350,DE PERE SUPER STORE,US-41,De Pere,WI,44.430990,-88.079936,3.255667,3.255667,3.255667,1
67356,PRIDE CONVENIENCE STORE,"I-91, EXIT 8 & US-20",Springfield,MA,42.115454,-72.539978,3.559000,3.559000,3.559000,1
67357,LOVES TRAVEL STOP #353,"I-29, EXIT 62",Fargo,ND,46.864700,-96.829080,3.525667,3.525667,3.525667,1
67358,KWIK TRIP #453,SR-35/SR-65,River Falls,WI,44.860401,-92.625286,3.447333,3.447333,3.447333,1
67359,SAGE HILL TRAVEL CENTER,"I-15, EXIT 89 & US-91",Blackfoot,ID,43.194595,-112.346811,3.569000,3.569000,3.569000,1
67360,BP,"I-95/SR-405, EXIT 49 & SR-251",Darien,GA,31.343489,-81.424103,3.539000,3.539000,3.539000,1
67361,SUMNER TRUCK STOP,SR-167,Sumner,WA,47.227215,-122.236264,4.299000,4.299000,4.299000,1
67362,TA Glenrio,"I-40, Exit 369 & SR-392",San Jon,NM,35.111299,-103.336299,3.899000,3.899000,3.899000,1
67364,KWIK TRIP #373,"I-94, EXIT 295",Waukesha,WI,43.009084,-88.245062,3.457333,3.457333,3.457333,1
67365,KWIK TRIP #491,US-151,Manitowoc,WI,44.097981,-87.678945,3.382333,3.382333,3.382333,1
67366,KWIK TRIP #499,"I-43, EXIT 57",New Berlin,WI,42.972000,-88.129168,3.490667,3.490667,3.490667,1
67367,KWIK TRIP #757,US-14/US-61/SR-27,Viroqua,WI,43.560474,-90.885985,3.359000,3.359000,3.359000,1
67368,KWIK TRIP #653,"I-39, EXIT 87 & US-51/SR-16",Portage,WI,43.548951,-89.465866,3.274000,3.274000,3.274000,1
67369,KENOSHA TRAVEL PLAZA,"I-94, EXIT 340/US-41 & SR-142",Kenosha,WI,42.587526,-87.879996,3.719000,3.719000,3.719000,1
67370,CIRCLE M #43,US-441/US-23/SR-15,Rabun Gap,GA,34.918425,-83.383769,3.549000,3.549000,3.549000,1
67371,PARAMOUNT TRAVEL PLAZA,"I-30, EXIT 46 & SR-19",Prescott,AR,33.804320,-93.391207,3.379000,3.379000,3.379000,1
67380,MILLERS TRAVEL CENTER,"I-80, EXIT 1",Wendover,UT,40.724025,-114.025097,3.599000,3.599000,3.599000,1
67381,ENMARKET #875,US-78 & US-21,Branchville,SC,33.251712,-80.816078,3.265667,3.265667,3.265667,1
67382,CORNER PANTRY TRAVEL PLAZA,SR-79 & SR-40,Hermosa,SD,43.839870,-103.190531,3.299000,3.299000,3.299000,1
67383,FRIENDSHIP FOOD MART #96,SR-101/SR- 2,Sandusky,OH,41.455885,-82.714436,3.529000,3.529000,3.529000,1
67391,SHOEMAKERS SHELL TRAVEL CENTER,I-80 EXIT 395 AT MILE 395,Lincoln,NE,40.808943,-96.677895,3.349000,3.349000,3.349000,1
67393,LOVES TRAVEL STOP #280,"I-10, EXIT 114",Buckeye,AZ,33.431573,-112.641626,3.569000,3.569000,3.569000,1
67394,Circle K #2745133,US-23 & SR-38,Waycross,GA,31.211006,-82.357658,3.399000,3.399000,3.399000,1
67395,KUM & GO #0267,"I-80, EXIT 267 & SR 38",Tipton,IA,41.770121,-91.128281,2.982333,2.982333,2.982333,1
67396,Q C MART,US-61 & CR-E63,Welton,IA,41.907948,-90.596853,3.699000,3.699000,3.699000,1
67397,EXPRESS LANE #51,I-80 EXIT 93 ROUTE 71,Ottawa,IL,41.354046,-88.823408,3.749000,3.599000,3.899000,2
67398,CASEYS #3998,SR-13 & HWY-C,Lowry City,MO,38.140018,-93.726769,3.249000,3.249000,3.249000,1
67400,SPEEDWAY #3547,I-75 & 696,Lima,OH,40.740679,-84.112091,3.499000,3.499000,3.499000,1
67401,QUIKTRIP #973,"I-45, EXIT 272",Hutchins,TX,32.643392,-96.709833,2.882333,2.882333,2.882333,1
67402,TA EXPRESS HOT SPRINGS,US-395/US-18 & SR-79,Hot Springs,SD,43.419530,-103.465089,3.299000,3.299000,3.299000,1
67404,Meskwaki Travel Plaza,HIGHWAY 30 E,Tama,IA,41.965123,-92.573799,3.234000,3.234000,3.234000,1
67405,ANTELOPE TRUCK STOP,"I-80, EXIT 386",Burns,WY,41.190871,-104.359035,3.199000,3.199000,3.199000,1
67406,GETGO #3701,"I-99, EXIT 23",East Freedom,PA,40.355235,-78.430471,4.099000,4.099000,4.099000,1
67408,STOCKTON TRAVEL CENTER,US-20/SR-78,Stockton,IL,42.352519,-90.002019,3.599000,3.599000,3.599000,1
67409,XTRA MART #7025,SR-146,Sutton,MA,42.132051,-71.750318,3.649000,3.649000,3.649000,1
67410,STRIPES #40532,US-83 & US-277,Carrizo Springs,TX,28.525843,-99.859255,3.349000,3.349000,3.349000,1
67411,LOVES TRAVEL STOP #226,"I-25, EXIT 104",Pueblo,CO,38.269228,-104.610816,3.619000,3.619000,3.619000,1
67414,PILOT TRAVEL CENTERS #590,"I-94, EXIT 100",Alexandria,MN,45.877178,-95.376965,3.465667,3.465667,3.465667,1
67416,CASEYS #4025,US-61/SR-92,Muscatine,IA,41.419058,-91.067946,3.299000,3.299000,3.299000,1
67417,QUIKTRIP #444,"I-10 EXIT, 139",Phoenix,AZ,33.572154,-112.090132,3.369000,3.369000,3.369000,1
67418,KUM & GO #0080,"US-218/SR-27, EXIT 80 & SR-22",Riverside,IA,41.483235,-91.572195,3.097333,3.097333,3.097333,1
67419,LOVES TRAVEL STOP #359,"I-75, EXIT 283",Cartersville,GA,34.164579,-84.801704,3.555667,3.555667,3.555667,1
67420,LOVES TRAVEL STOP #369,I-40 EXIT 163 & SR-48,Dickson,TN,36.063320,-87.368842,3.175667,3.175667,3.175667,1
67421,LOVES TRAVEL STOP #375,US-79/SR-6 & FM-485,Hearne,TX,30.877062,-96.595217,3.489000,3.489000,3.489000,1
67422,KUM & GO #0137,"I-80, EXIT 237",Tiffin,IA,41.705034,-91.654397,3.099000,3.099000,3.099000,1
67423,FIRELAKE GRAND TRAVEL PLAZA,"I-40, EXIT 178 & SR-102",Shawnee,OK,35.369413,-96.956408,2.899000,2.899000,2.899000,1
67424,FLORIDA 595 TRUCK STOP,"I-595/SR-84, EXIT 9 & US-441",Fort Lauderdale,FL,26.141227,-80.146731,3.769000,3.769000,3.769000,1
67425,LITTLEFIELD EXPRESS #15,"US-67, EXIT 55 & SR-258",Bald Knob,AR,35.312539,-91.571253,3.309000,3.309000,3.309000,1
67426,Spearville Truck Stop,"I-56, 126 RD",Spearville,KS,37.848067,-99.754714,3.465667,3.465667,3.465667,1
67427,CASEYS #2907,I-57 & I-62,Charleston,MO,36.916934,-89.333912,3.044000,3.044000,3.044000,1
67428,CONOCO,"I-95, EXIT 12",Carteret,NJ,40.583790,-74.227457,3.499000,3.499000,3.499000,1
67429,7-ELEVEN #40396,"NJTP, EXIT 8A",Monroe Township,NJ,39.660224,-74.969195,3.559000,3.559000,3.559000,1
67431,SPARKYS ONE STOP #32,I-30 & CR 33,Carroll,IA,42.070267,-94.864283,3.232333,3.232333,3.232333,1
67432,PILOT TRAVEL CENTERS #471,US-27 & US-17,Haines City,FL,28.112817,-81.616537,3.564000,3.559000,3.569000,2
67434,SHELL FOOD MART,"I-35, EXIT 54",Cameron,MO,39.744499,-94.232324,2.990667,2.990667,2.990667,1
67435,7 ELEVEN #40122,I-95 MM2,Newark,DE,39.677649,-75.757479,3.459000,3.459000,3.459000,1
67436,7-ELEVEN #40069,"I-81, EXIT 29",Shippensburg,PA,40.048733,-77.523193,3.422333,3.422333,3.422333,1
67437,CANDIA FIRST STOP,"SR-101, EXIT 3",Candia,NH,43.056895,-71.340635,3.899000,3.899000,3.899000,1
67438,LOVES TRAVEL STOPS #363,"I-75, EXIT 358 & SR-326",Ocala,FL,29.177510,-82.151025,3.341000,3.329000,3.353000,2
67439,LOVES TRAVEL STOPS #380,US-287/SR-114,Rhome,TX,33.078895,-97.493199,3.125000,3.089000,3.161000,2
67440,PILOT TRAVEL CENTERS #503,"I-79, EXIT 146 & CR-77",Morgantown,WV,39.637487,-79.946856,4.059000,4.059000,4.059000,1
67442,PILOT #4598,I-75 EXIT 56,Niota,TN,35.517166,-84.549854,3.599000,3.599000,3.599000,1
67443,PILOT #4599,"I-24, EXIT 135",Monteagle,TN,35.235845,-85.850242,3.335667,3.335667,3.335667,1
67612,FLYING J TRAVEL PLAZA #914- TOWN PUMP,"I-90, EXIT 96 & US-93/SR-200",Missoula,MT,46.874359,-114.026136,3.609000,3.609000,3.609000,1
67613,KWIK STAR #490,"US-20, EXIT 225 & SR-27/SR-58",Cedar Falls,IA,42.519070,-92.454009,3.524000,3.524000,3.524000,1
67614,KWIK TRIP #622,US-14 & CR-5,Byron,MN,44.038121,-92.641010,3.574000,3.574000,3.574000,1
67615,KWIK TRIP #844,US-63,Lake City,MN,44.445705,-92.280925,3.549000,3.549000,3.549000,1
67616,KWIK TRIP #887,"US-41, EXIT 139 & SR-15",Appleton,WI,44.278873,-88.388284,3.302333,3.302333,3.302333,1
67617,Twice Daily Convenience Store #8046,"I-24, EXIT 31 & SR-249",Joelton,TN,36.313108,-86.865277,3.349000,3.349000,3.349000,1
67618,7-ELEVEN #40441,I-80 MM 21E,West Unity,OH,41.588977,-84.430295,3.662333,3.662333,3.662333,1
67619,7-ELEVEN #40442,"I-80, MM 21W",West Unity,OH,41.588977,-84.430295,3.662333,3.662333,3.662333,1
67620,LOVES TRAVEL STOP #452,"I-35, EXIT 70",Pauls Valley,OK,34.710206,-97.224027,3.649000,3.649000,3.649000,1
67621,FLYING J TRAVEL PLAZA #925- TOWN PUMP,"I-15, EXIT 277",Great Falls,MT,47.502518,-111.299970,3.635667,3.635667,3.635667,1
67622,LOVES TRAVEL STOP #454,"I-5/US-12, EXIT 72",Chehalis,WA,46.664176,-122.965425,4.589000,4.589000,4.589000,1
67623,LOVES TRAVEL STOP #301,"I-90, EXIT 2",Post Falls,ID,47.725559,-116.944167,3.745667,3.745667,3.745667,1
67624,LOVES TRAVEL STOP #300,I-70 EXIT 304,Bennett,CO,39.741727,-104.428719,3.325667,3.325667,3.325667,1
67625,LOVES TRAVEL STOPS #453,"I-10, EXIT 130 & US-231",Cottondale,FL,30.789730,-85.366039,3.571000,3.553000,3.589000,2
67626,KWIK TRIP #316,SR-15 N/SR-22 E,Hutchinson,MN,44.885358,-94.376876,3.279000,3.279000,3.279000,1
67627,PILOT TRAVEL CENTER #4556,"I-75, EXIT 329",Wildwood,FL,28.805813,-82.007324,3.272333,3.225667,3.319000,2
67628,LOVES TRAVEL STOP #394,"I-65,EXIT 230",Demotte,IN,41.199271,-87.195453,3.512333,3.512333,3.512333,1
67629,KWIK TRIP #681,"I-94, EXIT 205",Saint Michael,MN,45.199238,-93.689526,3.297333,3.297333,3.297333,1
67630,KWIK TRIP #630,US-151/SR-32/SR-57,Chilton,WI,44.030188,-88.161667,3.365667,3.365667,3.365667,1
67634,54 TRUCK STOP,US-54,Mullinville,KS,37.588574,-99.475560,3.465667,3.465667,3.465667,1
67635,LOVES TRAVEL STOP #456,I-280 EXIT 1B,Perrysburg,OH,41.538986,-83.644132,3.760667,3.760667,3.760667,1
67636,LOVES TRAVEL STOPS #258,"I-35, EXIT 183",Ottawa,KS,38.600080,-95.262777,3.251000,3.239000,3.263000,2
67637,Power Gas & Truck Stop,US-1/US-9/US-46 & SR-5,Palisades Park,NJ,40.847017,-73.997061,3.219000,3.219000,3.219000,1
67641,DANIEL BOONE TRAVEL CENTER,US-23 /US-421/US-58 & SR-871,Duffield,VA,36.719629,-82.795967,3.557333,3.557333,3.557333,1
67642,GO MART FOOD STORE #103,SR-16 & CR 50/39,Ellenboro,WV,39.270009,-81.055655,3.699000,3.699000,3.699000,1
67643,QUALITY MART #62,I-77 EXIT 82,Jonesville,NC,36.235280,-80.833680,2.859000,2.859000,2.859000,1
67644,PARKERS #31 (DISCOUNT AVAILABLE),US-80/SR-26 & US-280,Ellabell,GA,32.123537,-81.485667,3.032333,3.032333,3.032333,1
67645,CIRCLE K #2721416,US-441 & SR-20,Gainesville,FL,29.679537,-82.346793,3.899000,3.899000,3.899000,1
67647,BUCHS TRUCK STOP,SR-7,Steubenville,OH,40.366310,-80.657061,3.692333,3.692333,3.692333,1
67650,VIRGINIA FAST STOP,SR-78 & SR-125,Virginia,IL,39.952942,-90.210446,3.759000,3.759000,3.759000,1
67651,SIMMONS,US-60/SR-21,Ellsinore,MO,36.932839,-90.747672,3.424000,3.424000,3.424000,1
67652,ON THE GO TRAVEL CENTER,"I-435, EXIT 8",Kansas City,KS,39.122539,-94.741781,3.999000,3.999000,3.999000,1
67655,CIRCLE K #2706627,"I-10, EXIT 261",Slidell,LA,30.288913,-89.782926,3.189000,3.189000,3.189000,1
67656,KWIK TRIP #888,US-10/US-49 & SR-54,Waupaca,WI,44.350048,-89.070003,3.457333,3.457333,3.457333,1
67657,KWIK TRIP #463,US-52/SR-60,Zumbrota,MN,44.295165,-92.672870,3.524000,3.524000,3.524000,1
67658,MIRABITO #41,I-81 EXIT 13,Tully,NY,42.798186,-76.110237,4.299000,4.299000,4.299000,1
67664,CEFCO #16,SR-171,Godley,TX,32.458882,-97.532908,2.982333,2.982333,2.982333,1
67665,ALL STAR,US-75 N,Sabetha,KS,39.910228,-95.792832,3.499000,3.499000,3.499000,1
67666,5 STAR TRUCK STOP,"I-44, EXIT 137",Oklahoma City,OK,35.467079,-97.513657,2.879000,2.879000,2.879000,1
67668,ADVENTURE TRUCK PLAZA,SR-3185 & SR-3107,Thibodaux,LA,29.794874,-90.814578,3.399000,3.399000,3.399000,1
67669,CHEVRON DBA ONE9 #1271,SR-86,Thermal,CA,33.626195,-116.130834,4.279000,4.259000,4.299000,2
67676,VALERO,"I-530/US-65, EXIT 34 & SR-365",White Hall,AR,34.275179,-92.100649,3.165667,3.165667,3.165667,1
67677,BIGGAS TRUCK STOP,US-190/SR-6 & FM-2818,Bryan,TX,30.666016,-96.381049,3.199000,3.199000,3.199000,1
67678,7-ELEVEN #40301,I-90/I-80,Genoa,OH,41.521005,-83.362043,3.662333,3.662333,3.662333,1
67682,CASEYS #2739,1323 E MAIN ST,Beloit,KS,39.464698,-98.108340,3.359000,3.359000,3.359000,1
67683,CASEYS #2734,"I-80, EXIT 222",Cozad,NE,40.861301,-99.986366,3.032333,3.032333,3.032333,1
67684,CASEYS #2490,"I-35, EXIT 124 & US-69",Story City,IA,42.185743,-93.586885,3.062333,3.062333,3.062333,1
67685,CASEYS #2792,"I-380/US-218, EXIT 13",Cedar Rapids,IA,41.965850,-91.678901,3.499000,3.499000,3.499000,1
67686,CASEYS #2956,"I-315/US-81, EXIT 40",Hesston,KS,38.140072,-97.426984,3.199000,3.199000,3.199000,1
67690,CEFCO #64,ST RT 14,Mexia,TX,31.680693,-96.483203,3.099000,3.099000,3.099000,1
67695,MOREHEAD TRUCKSTOP,"I-64, EXIT 133 & SR- 801",Morehead,KY,38.190026,-83.449072,3.599000,3.599000,3.599000,1
67697,FLORENCE TRAVEL PLAZA,"I-95, EXIT 150",Timmonsville,SC,34.133427,-79.940811,3.999000,3.999000,3.999000,1
67698,FRONTIER TRAVEL CENTER,US-12 & US-85,Bowman,ND,46.184324,-103.402946,3.532333,3.532333,3.532333,1
67699,GAP FARMS TRAVEL CENTER,"I-20, EXIT 69 & SR-151",Arcadia,LA,32.550848,-92.921373,3.249000,3.249000,3.249000,1
67701,MARATHON,"I-94, EXIT 331",Casselton,ND,46.896365,-97.212604,3.315667,3.315667,3.315667,1
67702,SPEEDWAY #6539,US-41/SR-45 & SR-52,Land O Lakes,FL,28.208307,-82.445842,3.495667,3.495667,3.495667,1
67703,SPEEDWAY #6880,CR-611,Clearwater,FL,27.979419,-82.771256,3.377333,3.377333,3.377333,1
67705,CITGO,US-1,North Brunswick,NJ,40.450392,-74.479416,3.185667,3.185667,3.185667,1
67706,SPEEDWAY #3495,US-1/9,Elizabeth,NJ,40.666367,-74.193503,3.599000,3.599000,3.599000,1
67707,SPEEDWAY #3503,"I-95, EXIT 13 & I-278/US-1/US-9",Linden,NJ,40.627337,-74.236310,3.429000,3.429000,3.429000,1
67711,HOUMA COTEAU TRAVEL PLAZA,I-90/SR-20,Houma,LA,29.578681,-90.708023,3.062333,3.062333,3.062333,1
67712,CASEYS #3810,"I-29, EXIT 132 & US-14",Volga,SD,44.321837,-96.922204,3.279000,3.279000,3.279000,1
67715,HUTCH'S #109,"I-40, EXIT 38",Elk City,OK,35.389612,-99.428749,2.969000,2.969000,2.969000,1
67716,HWY 19 SCALE,"SR-19/I-35, EXIT 66",Gaylord,MN,44.555770,-94.213222,3.465667,3.465667,3.465667,1
67718,SUNSTOP #622,SR-52 & SR-167,Hartford,AL,31.105348,-85.691225,3.599000,3.599000,3.599000,1
67720,REFUEL #1046,"I-20, EXIT 116 & US-15",Bishopville,SC,34.220070,-80.247370,3.309000,3.309000,3.309000,1
67721,J AND D COUNTRYSIDE MARTHON,SR-76 & SR-173,Poplar Grove,IL,42.351097,-88.843783,3.499000,3.499000,3.499000,1
67723,JET FOOD STORE #80,US-221/SR-135 & SR-206,Douglas,GA,31.506114,-82.854335,3.457333,3.457333,3.457333,1
67724,LOVES TRAVEL STOP #458,"I-44, EXIT 88",Strafford,MO,37.269013,-93.117968,3.372333,3.372333,3.372333,1
67726,SPEEDWAY #7909,"US-264, EXIT 73",Greenville,NC,35.596431,-77.375256,3.132333,3.132333,3.132333,1
67727,SPEEDWAY #7907,US-264 & SR-33,Greenville,NC,35.596431,-77.375256,2.944000,2.944000,2.944000,1
67728,SPEEDWAY #7905,SR-43 & SR-118,Vanceboro,NC,35.303057,-77.156700,3.375667,3.375667,3.375667,1
67729,SPEEDWAY #6981,US-301 BYP,Rocky Mount,NC,35.969322,-77.803783,3.432333,3.432333,3.432333,1
67732,Quik Pik,US-275 & SR-9,West Point,NE,41.837741,-96.705918,3.215667,3.215667,3.215667,1
67734,TROTTER TRUCK PLAZA,ST 11,Ord,NE,41.602781,-98.919257,3.299000,3.299000,3.299000,1
67735,Fast Fuel,US-81/SR-3,Kingfisher,OK,35.844726,-97.939308,3.190667,3.190667,3.190667,1
67736,SPEEDWAY #9855,I-10 EXIT 49,Fabens,TX,31.513974,-106.145258,3.235667,3.235667,3.235667,1
67738,SUPER JACK TRUCK STOP,US-84,Brookhaven,MS,31.580567,-90.443386,3.115667,3.115667,3.115667,1
67739,STRIPES #40819,SR-359,Orange Grove,TX,27.956203,-97.938553,3.065667,3.065667,3.065667,1
67742,STRIPES 7FLEET #42514,"I-20, EXIT 138",Midland,TX,32.024642,-102.113467,3.459000,3.459000,3.459000,1
67743,STRIPES 7FLEET #42506,US-380 & US-277,Haskell,TX,33.159775,-99.732032,3.539000,3.539000,3.539000,1
67744,STRIPES #40715,SR-107,La Villa,TX,26.296308,-97.926912,3.169000,3.169000,3.169000,1
67745,STRIPES #40628,"I-2, EXIT 134 & US-83",Mission,TX,26.204060,-98.325221,3.259000,3.259000,3.259000,1
67746,STRIPES #40598,I-2/US-83,Mission,TX,26.204060,-98.325221,2.869000,2.869000,2.869000,1
67747,STRIPES 7FLEET #42424,US-87/US-190,Brady,TX,31.115378,-99.345935,3.599000,3.599000,3.599000,1
67748,STRIPES 7FLEET #42428,"I-20 EXIT, 115",Odessa,TX,31.880461,-102.345314,3.069000,3.069000,3.069000,1
67749,STRIPES 7FLEET #42436,I-20 EXIT 134,Midland,TX,32.024642,-102.113467,3.065667,3.065667,3.065667,1
67750,STRIPES #40729,FM-511 & FM-802,Brownsville,TX,25.995689,-97.450848,2.999000,2.999000,2.999000,1
67753,STRIPES #40892,SR-359 & SR-16,Hebbronville,TX,27.324984,-98.685665,3.285667,3.285667,3.285667,1
67754,Refuel #185,US-220,Stokesdale,NC,36.228073,-79.977413,3.699000,3.699000,3.699000,1
67755,BLUE WATER #12,"I-526, EXIT 23",Charleston,SC,32.828017,-79.972896,3.232333,3.232333,3.232333,1
67757,KEITH'S SUPERSTORE,"I-59, I-20, EXIT 160",Meridian,MS,32.384170,-88.689448,3.049000,3.049000,3.049000,1
67758,CLARKS PUMP N SHOP #47,SR-10/SR-9,Vanceburg,KY,38.594531,-83.323614,3.599000,3.599000,3.599000,1
67762,CEFCO #2008,US-83/US-62 & US-287,Childress,TX,34.435452,-100.282382,2.915667,2.915667,2.915667,1
67763,SHELL,US-72,Mount Pleasant,MS,34.953977,-89.525599,3.399000,3.399000,3.399000,1
67764,NINNEKAH TRUCK STOP,US-277/US-81 & SR-19,Ninnekah,OK,34.964011,-97.944707,3.229000,3.229000,3.229000,1
67766,STOP IN Food Store #8143,US-221/US-460 & SR-607,Montvale,VA,37.385171,-79.725502,3.365667,3.365667,3.365667,1
67768,SHELL,US-60 & SR-657,Lewisport,KY,37.930668,-86.902816,3.499000,3.499000,3.499000,1
67771,DUCK THRU FOOD STORE #26,"I-95, EXIT 154 & SR-308 & SR-11/SR-42",Lewiston Woodville,NC,36.114886,-77.179554,3.399000,3.399000,3.399000,1
67772,STEVES SHELL,"I-55, EXIT 42",Brookhaven,MS,31.580567,-90.443386,3.199000,3.199000,3.199000,1
67774,7-ELEVEN #39329,I-278/US-1,Linden,NJ,40.627337,-74.236310,3.375667,3.375667,3.375667,1
67777,CIRCLE K #2721270,"I-95, EXIT 358B, SR-105",Jacksonville,FL,30.336864,-81.661603,3.342333,3.342333,3.342333,1
67779,REATA PETROLEUM,I-76 & BARLOW RD,Fort Morgan,CO,40.253003,-103.788652,3.439000,3.439000,3.439000,1
67782,SAMS MART #45,"I-40, EXIT 24 & SR-209",Waynesville,NC,35.485593,-82.999290,3.599000,3.599000,3.599000,1
67783,RUTTERS #4,US-30 & SR-1016/2011,Wrightsville,PA,40.023875,-76.531207,3.989000,3.989000,3.989000,1
67784,HAVANA CONVENIENCE,US-136,Havana,IL,40.295109,-90.057810,3.799000,3.799000,3.799000,1
67787,PWI #109,"I-20, EXIT 126",Midland,TX,32.024642,-102.113467,2.999000,2.999000,2.999000,1
67789,BEAR RIVER VALLEY CO OP,SR-13/SR-83,Corinne,UT,41.551464,-112.125015,3.419000,3.419000,3.419000,1
67791,KINGSPORT TRUCK STOP,"I-81, EXIT 63",Kingsport,TN,36.519370,-82.543393,3.899000,3.899000,3.899000,1
67792,CUBBYS #113,US-20/US-275,Oneill,NE,42.461533,-98.646955,3.225667,3.225667,3.225667,1
67793,PILOT TRAVEL CENTERS #131,"I-35, EXIT 34",Osceola,IA,41.029726,-93.785259,3.449000,3.439000,3.459000,2
67794,ROAD RANGER #181,"I-55, EXIT 90",Springfield,IL,39.791063,-89.644572,3.369000,3.299000,3.409000,3
67795,ROAD RANGER #263,"I-80, EXIT 93",Ottawa,IL,41.354046,-88.823408,3.299000,3.219000,3.399000,4
67797,CHEVRON,US-71 & SR-179,Coushatta,LA,32.025834,-93.340597,3.155667,3.155667,3.155667,1
67798,SUNSTOP #631,SR-231/SR-53 & SR-123,Ozark,AL,31.451615,-85.645035,3.599000,3.599000,3.599000,1
67801,SUNOCO,"I-275, EXIT 42/SR-747",Cincinnati,OH,39.140183,-84.505829,3.099000,3.099000,3.099000,1
67804,SUNSTOP #616,US-84/SR-134 & CR-1,Daleville,AL,31.291534,-85.711711,3.399000,3.399000,3.399000,1
67806,84 QUICK STOP,I-84,Brookhaven,MS,31.580567,-90.443386,3.149000,3.149000,3.149000,1
67811,QUICK FUEL #5301,SR-360,Grand Prairie,TX,32.686108,-97.020804,3.024000,3.024000,3.024000,1
67813,LEROY TRUCK PLAZA,"I-74, EXIT 149",Le Roy,IL,40.339371,-88.761098,3.479000,3.479000,3.479000,1
67815,LOVES TRAVEL STOP #254,"I-70, EXIT 59 & SR-39",Mooresville,IN,39.602494,-86.368715,3.929000,3.929000,3.929000,1
67818,LOVES TRAVEL STOP #457,"I-30/US-67/US-70, EXIT 128",Little Rock,AR,34.725393,-92.358556,3.242333,3.242333,3.242333,1
67819,BREW #31,US-71/US-18,Spencer,IA,43.147025,-95.152691,3.465667,3.465667,3.465667,1
67820,CIRCLE K #2723487,US-17 & SR-211,Supply,NC,34.017672,-78.267499,3.289000,3.289000,3.289000,1
67821,FAS MART #5261,SR-9 & SR-57,Tollesboro,KY,38.599008,-83.545458,3.352333,3.352333,3.352333,1
67822,SPINX #178 (DISCOUNT AVAILABLE),"I-385, EXIT 42 & I-85, EXIT 51B & US-25",Travelers Rest,SC,34.959971,-82.444972,3.192333,3.192333,3.192333,1
67823,FLASH MARKET #17032,"I-555/US-63, EXIT 29 & SR-69",Trumann,AR,35.676941,-90.526029,3.407333,3.407333,3.407333,1
67824,CIRCLE K #2723641,US-231/SR-87/SR-10/SR-53 & CR-21,Troy,AL,31.801960,-85.967130,3.799000,3.799000,3.799000,1
67826,VALLEN MART,US-14,Volga,SD,44.321837,-96.922204,3.319000,3.319000,3.319000,1
67827,GAS N GO,US-280/SR-27 & SR-520,Richland,GA,32.088762,-84.662001,3.199000,3.199000,3.199000,1
67829,KWIK TRIP #721,SR-19 & SR-73,Marshall,WI,43.170486,-89.062647,3.497333,3.497333,3.497333,1
67832,Sprint Mart #45,US-278/US-45,Tupelo,MS,34.270604,-88.732455,3.189000,3.189000,3.189000,1
67833,PETES #05,US-59 & US-400,Parsons,KS,37.334013,-95.264998,3.299000,3.299000,3.299000,1
67835,CIRCLE K #2723782,"I-40, EXIT 38 & US-421",Greensboro,NC,36.094850,-79.823624,3.082333,3.082333,3.082333,1
67837,PILOT TRAVEL CENTER #1054,US-183 & SR-21,Buda,TX,30.080402,-97.855700,3.415667,3.415667,3.415667,1
67839,EL TIGRE FOOD STORE #13,SR-336,Hidalgo,TX,26.108943,-98.246160,3.215667,3.215667,3.215667,1
67841,CIRCLE K #2723844,US-15/US-501/US-1,Sanford,NC,35.496723,-79.171883,3.049000,3.049000,3.049000,1
67842,CIRCLE K #4707627,"I-81, EXIT 48",Watertown,NY,43.973292,-75.910039,4.099000,4.099000,4.099000,1
67844,UNCLE WILLIES #1288,US-13,Felton,DE,39.012645,-75.576588,3.219000,3.219000,3.219000,1
67846,CEDAR RIVER PLAZA,SR-35,Stephenson,MI,45.413734,-87.609107,3.419000,3.419000,3.419000,1
67847,E Z PICKENS,"US-20, EXIT 275 & SR-13",Manchester,IA,42.485339,-91.456086,3.579000,3.579000,3.579000,1
67848,JEMISON EXXON,"I-65, EXIT 219 & CR-42",Jemison,AL,32.970705,-86.733070,3.299000,3.299000,3.299000,1
67849,KUM & GO #0379,US-412/ US-63 & SR-25,Black Rock,AR,36.106237,-91.107480,3.199000,3.199000,3.199000,1
67850,SMILEYS FUEL CITY,"I-64/I-81, EXIT 205 & SR-206",Raphine,VA,37.937355,-79.232810,3.539000,3.539000,3.539000,1
67854,CircleK #2709341,US-411,Chatsworth,GA,34.781091,-84.782472,3.499000,3.499000,3.499000,1
67855,FAS MART #5262,"I-64, EXIT 94 & SR-1958/SR-2888",Winchester,KY,38.002364,-84.190586,2.907333,2.907333,2.907333,1
67859,PILOT #1135,US-281,Falfurrias,TX,27.224410,-98.145191,3.459000,3.459000,3.459000,1
67860,SHELL,"I-55, EXIT 227 & SR-32",Oakland,MS,34.057581,-89.913225,2.999000,2.999000,2.999000,1
67861,CASEYS #4308,US-34,Chariton,IA,41.017447,-93.309629,3.539000,3.539000,3.539000,1
67862,SUNOCO TRUCK STOP,"I-70, EXIT 123 & SR-3",Spiceland,IN,39.843142,-85.426053,3.399000,3.399000,3.399000,1
67865,PILOT TRAVEL CENTERS #897,"I-95, EXIT 12B, INTERSECTION OF SR-826 & 817",Opa Locka,FL,25.899998,-80.255219,3.699000,3.699000,3.699000,2
67866,QUICK DRAW TRAVEL PLAZA,"I-20, EXIT 49 & SR-531",Minden,LA,32.619146,-93.272754,3.012333,3.012333,3.012333,1
67868,CHEVRON,SR-19,Huntsville,TX,30.700542,-95.554890,2.979000,2.979000,2.979000,1
67871,BASIN MARKET #107,US-40,Vernal,UT,40.451701,-109.538007,3.599000,3.599000,3.599000,1
67872,SMOKIES,US-45,Okolona,MS,34.005061,-88.747692,3.099000,3.099000,3.099000,1
67874,RUTTERS #56,"I-83, EXIT 39A & SR-114",New Cumberland,PA,40.228765,-76.878291,3.899000,3.899000,3.899000,1
67875,EXXON TIGER MART,"US-67/US-167, EXIT 28 & US-64",Beebe,AR,35.072433,-91.901059,3.299000,3.299000,3.299000,1
67876,KUM & GO #0880,"US-412, EXIT 36",Stillwater,OK,36.131496,-97.074464,2.954000,2.954000,2.954000,1
67877,CIRCLE K #4703701,I-24 EXIT 70,Smyrna,TN,35.969019,-86.528617,3.032333,3.032333,3.032333,1
67879,Strike,US-287/96/69 & SR-347,Beaumont,TX,30.084912,-94.145330,3.499000,3.499000,3.499000,1
67883,CASH MAGIC HOLLYWOOD,US-90,Berwick,LA,29.700548,-91.235184,3.399000,3.399000,3.399000,1
67884,ROADRUNNER FUELS,US-550/SR-544,Aztec,NM,36.815898,-107.970312,3.775667,3.775667,3.775667,1
67886,MAVERIK #5200,"I-70 BUSINESS, EXIT 25, CR-24",De Beque,CO,39.309989,-108.204999,3.442333,3.442333,3.442333,1
67887,AIRLINE CHEVRON,US-61,Kenner,LA,30.010227,-90.254820,3.099000,3.099000,3.099000,1
67890,KUM & GO #0449,US-60/US-71,Neosho,MO,36.847508,-94.397739,3.055667,3.055667,3.055667,1
67892,TURRELL FUEL STOP,"I-55, EXIT 21",Turrell,AR,35.374609,-90.270384,3.465667,3.465667,3.465667,1
67894,CIRCLE K #2705098,US-27 & SR-44,Leesburg,FL,28.717206,-81.903089,3.572333,3.572333,3.572333,1
67897,KENT KWIK #273,SR-302 & SR-18,Kermit,TX,31.853923,-103.092395,3.039000,3.039000,3.039000,1
67900,SPRINT FOODS #725,"I-520, EXIT 16/SR-28",Beech Island,SC,33.428596,-81.890318,3.349000,3.349000,3.349000,1
67906,ON THE GO,SR-239,Prescott,KS,38.063122,-94.692512,3.199000,3.199000,3.199000,1
67908,CIRCLE K #2744062,"I-25, EXIT 74",Colorado City,CO,37.939379,-104.843082,3.349000,3.349000,3.349000,1
67910,G FUEL,US-40 & SR-140,Penns Grove,NJ,39.727704,-75.469035,3.399000,3.399000,3.399000,1
67917,STRIPES 7FLEET #42510,"I-10, EXIT 256/US-285",Fort Stockton,TX,30.892574,-102.884210,3.379000,3.379000,3.379000,1
67918,DELAWARE TRUCK STOP,"I-80, EXIT 4C/US-46",Delaware,NJ,40.892819,-75.069436,3.079000,3.079000,3.079000,1
67922,EXXON,"I-20, EXIT 44 & US-371 & US-80/US-79",Minden,LA,32.619146,-93.272754,3.399000,3.399000,3.399000,1
67923,MONROE CENTER BP OASIS,"I-39, EXIT 111/US-51 & SR-72",Monroe Center,IL,42.099934,-88.994399,3.599000,3.599000,3.599000,1
67924,KUM & GO #0026,"I-90, EXIT 26",Adrian,MN,43.633560,-95.932804,3.190667,3.190667,3.190667,1
67925,CHEVRON,US-61,Baton Rouge,LA,30.440443,-91.133166,3.899000,3.899000,3.899000,1
67927,STONES TRUCK STOP,"I-29, EXIT 77/US-212",Watertown,SD,44.909188,-97.155685,3.382333,3.382333,3.382333,1
67929,Circle K,SR-574,Plant City,FL,28.015355,-82.117805,3.325667,3.325667,3.325667,1
67930,CIRCLE K #2721426,US-98/SR-30A & SR-368,Panama City,FL,30.166271,-85.670191,3.290667,3.290667,3.290667,1
67931,Forks 1&23,US-1/US-23/SR-4 & SR-19,Alma,GA,31.543326,-82.475577,3.599000,3.599000,3.599000,1
67932,SPRINT MART #4144,US-82/US-45/SR-12 & SR-182,Columbus,MS,33.508208,-88.407128,3.015667,3.015667,3.015667,1
67933,SUNOCO,SR-50 & SR-471,Webster,FL,28.604780,-82.050740,3.335667,3.335667,3.335667,1
67934,WHISPERING PINES,SR-10,Greensburg,LA,30.829640,-90.669859,3.099000,3.099000,3.099000,1
67935,CIRCLE K #2707610,"I-10, EXIT 26",Milton,FL,30.629413,-87.052598,3.232333,3.232333,3.232333,1
67938,TEXACO,"I-84, EXIT 376",Tremonton,UT,41.718352,-112.187837,3.455667,3.455667,3.455667,1
67939,DELTA FUEL,"I-80, EXIT 242 & SR-339",Mifflinville,PA,41.030711,-76.302779,3.365667,3.365667,3.365667,1
67940,MARTIN GENERAL STORE,US-22,Ebensburg,PA,40.488120,-78.726541,3.524000,3.524000,3.524000,1
67941,FIESTA MART #21,"I-40, EXIT 278",Warner,OK,35.491693,-95.308945,3.639000,3.639000,3.639000,1
67943,LOVES TRAVEL STOP #459,"I-65, EXIT 133 & SR-267",Whitestown,IN,39.971672,-86.371739,3.622333,3.622333,3.622333,1
67949,7-ELEVEN #36835,"I-85, EXIT 32",Pelzer,SC,34.643648,-82.460074,3.182333,3.182333,3.182333,1
67952,CIRCLE K #2707682,"I-75, EXIT 164 & US-17/SR-35",Punta Gorda,FL,26.897754,-82.065812,3.399000,3.399000,3.399000,1
67957,CITGO,US-27,Hialeah,FL,25.869941,-80.302865,3.472333,3.472333,3.472333,1
67965,DIAMOND #7,"I-65, EXIT 69",Brewton,AL,31.109175,-87.076583,3.399000,3.399000,3.399000,1
67968,WHITESBURG BP,US-27/SR-16,Whitesburg,GA,33.492068,-84.914300,3.699000,3.699000,3.699000,1
67974,TALL TIMBERS TRUCKSTOP,"I-10, EXIT 23 & SR-108",Sulphur,LA,30.229792,-93.356343,3.832333,3.832333,3.832333,1
67976,KWIK TRIP #587,US-141 & SR-22,Lena,WI,44.953037,-88.047325,3.282333,3.282333,3.282333,1
67977,KUM & GO #4127,"I-29, EXIT 127",Sloan,IA,42.233062,-96.224830,3.109000,3.109000,3.109000,1
67994,Pure,US-82/SR-520/SR-135,Willacoochee,GA,31.335094,-83.044003,3.465667,3.465667,3.465667,1
67997,CIRCLE K #2745137,"I-75/SR-401, EXIT 149 & SR-49",Byron,GA,32.649497,-83.747954,3.199000,3.199000,3.199000,1
68002,CO RETAIL VENTURE DB,US-34 & SR-59,Yuma,CO,40.122511,-102.715636,3.449000,3.449000,3.449000,1
68005,WESSON,"I-84, EXIT 22, SR-8, EXIT 22",Waterbury,CT,41.558500,-73.036685,4.179000,4.179000,4.179000,1
68007,Highland oil,US-412,Hardy,AR,36.319645,-91.481503,3.269000,3.269000,3.269000,1
68008,FAST LANE #3,US-64 & US-49,Mc Crory,AR,35.257326,-91.197276,3.399000,3.399000,3.399000,1
68009,CIRCLE K #2741779,"US-270, EXIT 2",Hot Springs National Park,AR,34.503700,-93.055180,3.369000,3.369000,3.369000,1
68012,ROYAL FARMS #120,US-13/CR-16,Greenwood,DE,38.807163,-75.589996,3.259000,3.259000,3.259000,1
68016,Chevron #386730,"I-10, EXIT 139",Phoenix,AZ,33.572154,-112.090132,3.299000,3.299000,3.299000,1
68017,TEXACO,SR-89,Prescott,AZ,34.592241,-112.446733,3.739000,3.739000,3.739000,1
68019,PAC PRIDE CARDLOCK,CR-25/CR-826,Miami,FL,25.775163,-80.208615,3.479000,3.479000,3.479000,1
68020,EXXON,"I-10, EXIT 335/SR-121",Macclenny,FL,30.281039,-82.125253,3.499000,3.499000,3.499000,1
68026,MINIT MART #600627,"I-57, EXIT 312",Kankakee,IL,41.101654,-87.863690,3.449000,3.449000,3.449000,1
68029,MAPCO #3502,SR-151,Ringgold,GA,34.913657,-85.121503,3.092333,3.092333,3.092333,1
68030,FIVE STAR EXPRESS,"I-520/SR-415, EXIT 16 & SR-28",Augusta,GA,33.365531,-82.073422,3.499000,3.499000,3.499000,1
68031,ORCHARD STOP BP,US-30,Montgomery,IL,41.721025,-88.358110,3.599000,3.549000,3.649000,2
68033,CIRCLE K #2703175,"I-520/SR-415, EXIT 9 & SR-56",Augusta,GA,33.365531,-82.073422,3.282333,3.282333,3.282333,1
68036,MOBIL,"I-95, EXIT 60",Salisbury,MA,42.831098,-70.847109,3.599000,3.599000,3.599000,1
68040,MISHAWAKA ROAD FLEET SITE,SR-19 & CR-20,Elkhart,IN,41.691543,-85.962248,3.689000,3.689000,3.689000,1
68043,CARROLL MOTOR FUELS,US-40,Middle River,MD,39.339519,-76.428702,3.139000,3.139000,3.139000,1
68048,CASEYS #3961,SR-3 & SR-143,Marcus,IA,42.822401,-95.806842,3.299000,3.299000,3.299000,1
68052,CUBBYS #302,SR-39 & SR-175,Odebolt,IA,42.311829,-95.254412,3.315667,3.315667,3.315667,1
68053,KJ TRAVEL CENTER,"US-20, EXIT 310",Idaho Falls,ID,43.488851,-112.036297,3.407333,3.407333,3.407333,1
68055,Gallops,US-20,Michigan City,IN,41.708776,-86.866875,3.399000,3.399000,3.399000,1
68062,FARMERS UNION OIL,US-83,Wilton,ND,47.157997,-100.783985,3.899000,3.899000,3.899000,1
68065,Caseys #4450,US-160,Ulysses,KS,37.577342,-101.354864,3.399000,3.399000,3.399000,1
68067,PUMP & PANTRY #2,US-30 & US-281,Grand Island,NE,40.921352,-98.358559,3.307333,3.307333,3.307333,1
68068,ELGIN ONE STOP,SR-14 & SR-70,Elgin,NE,41.983115,-98.082773,3.137333,3.137333,3.137333,1
68070,PAULS TRUCK STOP,US-171,Leesville,LA,31.141120,-93.284230,3.449000,3.449000,3.449000,1
68072,FAMILY FARE #834 (DISCOUNT AVAILABLE),"US-131, EXIT 175",Byron Center,MI,42.809460,-85.726365,3.739000,3.739000,3.739000,1
68073,BIG BATS 2,US-20,Chadron,NE,42.825975,-103.002478,3.699000,3.699000,3.699000,1
68076,JENNINGS TRUCKSTOP,"I-10, EXIT 65",Jennings,LA,30.223978,-92.658295,2.999000,2.999000,2.999000,1
68079,NORTH FORK TRUCK STOP,US-12/CR-103,White Pigeon,MI,41.795234,-85.650406,3.579000,3.559000,3.599000,2
68080,SAMMYS TRUCK AUTO PLAZA,"I-49, EXIT 53",Bunkie,LA,30.953661,-92.188111,3.399000,3.399000,3.399000,1
68081,SHELL,SR-308 & SR-654,Mathews,LA,29.682154,-90.555900,3.459000,3.459000,3.459000,1
68091,ALLTOWN MARKETS,"SR-101, EXIT 2",Auburn,NH,42.997059,-71.365806,3.799000,3.799000,3.799000,1
68093,MARATHON,US-223/CR-52,Adrian,MI,41.898780,-84.044829,3.599000,3.599000,3.599000,1
68095,ALEXS MARKET AND GRILL,"I-75, EXIT 101",Holly,MI,42.798799,-83.622967,4.699000,4.699000,4.699000,1
68100,REFINED MARKETERS,"I-96, EXIT 31A/US-131, EXIT 88",Grand Rapids,MI,42.961156,-85.655570,3.739000,3.739000,3.739000,1
68102,SUNOCO,ST 17,Carlstadt,NJ,40.826431,-74.062335,3.162333,3.162333,3.162333,1
68107,SPEEDWAY #4500,"I-35, EXIT 171/CR-11",Pine City,MN,45.840980,-92.966492,3.549000,3.549000,3.549000,1
68110,CIRCLE K #4705573,SR-82,Grafton,OH,41.284140,-82.029968,3.749000,3.749000,3.749000,1
68112,QUICK FUEL #3138,"I-35, EXIT 98/CR-26",Saint Paul,MN,44.948901,-93.104063,3.617333,3.617333,3.617333,1
68113,CIRCLE K #4705571,ST 2,Holland,OH,41.619253,-83.708216,3.549000,3.549000,3.549000,1
68114,BP,US-130,Burlington,NJ,40.078824,-74.852483,3.145667,3.145667,3.145667,1
68116,Circle K #2746335,"I-35, EXIT 22",Minneapolis,MN,44.963324,-93.268320,3.799000,3.799000,3.799000,1
68122,CENEX,SR-11/SR-310,Roseau,MN,48.844446,-95.762548,3.499000,3.499000,3.499000,1
68124,CIRCLE K #4705587,SR-585 & SR-57,Rittman,OH,40.973373,-81.784583,3.659000,3.659000,3.659000,1
68129,CULVERS HAWKINS,"US-59/I-29, EXIT 43",Saint Joseph,MO,39.759460,-94.821143,3.199000,3.199000,3.199000,1
68133,CASEYS #4256,US-71/SR-175,Joplin,MO,37.075218,-94.501259,3.069000,3.069000,3.069000,1
68140,CROSSROADS RATON TRUCK STOP,"I-25/US-85, EXIT 451 & US-87",Raton,NM,36.884966,-104.439572,3.499000,3.499000,3.499000,1
68147,Regal Truck Stop,SR 30,New Albany,MS,34.492286,-89.021720,3.249000,3.249000,3.249000,1
68148,CIRCLE K #2723389,US-49,Gulfport,MS,30.419487,-89.069022,2.944000,2.944000,2.944000,1
68151,KUM & GO #0498,SR-125,Rogersville,MO,37.114847,-93.074686,3.052333,3.052333,3.052333,1
68154,LOVES TRAVEL STOP #395,"I-57, EXIT 308",Kankakee,IL,41.101654,-87.863690,3.459000,3.379000,3.549000,5
68155,SHEETZ #181,"I-80, EXIT 158 & SR-220",Bellefonte,PA,40.914213,-77.768197,3.729000,3.729000,3.729000,1
68156,A PLUS MINI MARKET,"I-95, EXIT 26",Philadelphia,PA,40.009376,-75.133346,3.999000,3.999000,3.999000,1
68157,RAJS MINI MART,US-1/SR-29,Morrisville,PA,40.207644,-74.780269,3.899000,3.899000,3.899000,1
68158,SUNOCO,"I-78, EXIT 29A/SR-61",Shoemakersville,PA,40.499901,-75.969774,3.639000,3.639000,3.639000,1
68161,KWIK FILL #390,SR-15 & TABER RD,Blossburg,PA,41.679525,-77.068951,3.684000,3.684000,3.684000,1
68165,GOLDEN GATE Fallon,US-50,Fallon,NV,39.473664,-118.777864,3.549000,3.549000,3.549000,1
68167,CIRCLE K #4707628,SR-90 & SR-5,Montezuma,NY,43.013147,-76.698035,3.999000,3.999000,3.999000,1
68169,GOLDEN GATE GOLDEN VALLEY,"US-395, EXIT 73",Reno,NV,39.549097,-119.849907,3.949000,3.949000,3.949000,1
68174,MIRABITO #42,"I-81, EXIT 7",Castle Creek,NY,42.227575,-75.918253,3.999000,3.999000,3.999000,1
68177,ONVO TRAVEL PLAZA - MIFFLINVILLE,"I-80, EXIT 242/CR-339",Mifflinville,PA,41.030711,-76.302779,3.365667,3.365667,3.365667,1
68178,CIRCLE K #2723748,"I-20, EXIT 48",Pearl,MS,32.272456,-90.091827,3.389000,3.389000,3.389000,1
68179,WEST PAK A POK,SR-8,Houston,MS,33.896187,-89.003490,3.399000,3.399000,3.399000,1
68180,One9 #1374,"I-81, EXIT 143, SR-924",Hazleton,PA,40.950470,-75.972509,3.862333,3.862333,3.862333,1
68185,CITGO,US-22/SR-72,Jonestown,PA,40.412972,-76.480726,3.749000,3.749000,3.749000,1
68188,ONVO TRAVEL PLAZA - GIBSON,"I-81, EXIT 219 & SR-848",New Milford,PA,41.876143,-75.726561,3.589000,3.589000,3.589000,1
68189,EAGLE EXXON,US-27/SR-29,Dayton,TN,35.495406,-85.008652,3.399000,3.399000,3.399000,1
68191,MARTIN GENERAL STORE # 207,SR-865/I-99 EXIT 41,Altoona,PA,40.508052,-78.401114,3.539000,3.539000,3.539000,1
68196,CATDADDY MARKET,SR-33,Tazewell,TN,36.462502,-83.567034,3.299000,3.299000,3.299000,1
68211,CEFCO #2005,"I-40, EXIT 73",Amarillo,TX,35.198064,-101.833107,2.869000,2.869000,2.869000,1
68212,CIRCLE K #2723415,"I-26, EXIT 16",Spartanburg,SC,34.945627,-81.925944,3.099000,3.099000,3.099000,1
68213,CADOO MILLS,"I-30/US-67, EXIT 87 & FM-1903",Caddo Mills,TX,33.074542,-96.226922,2.800667,2.800667,2.800667,1
68215,COWBOY TRAVEL PLAZA,"I-10, EXIT 833",Hamshire,TX,29.854808,-94.320712,2.899000,2.899000,2.899000,1
68217,CIRCLE K #2723881,US-701 & US-501,Conway,SC,33.841930,-79.045651,3.184000,3.184000,3.184000,1
68225,OASIS TRUCK STOP,US-60 & US-83,Canadian,TX,35.909678,-100.383880,3.299000,3.299000,3.299000,1
68227,QUARLES #4914,"I-64 EXIT 297, US-13",Chesapeake,VA,36.679376,-76.301788,3.525667,3.525667,3.525667,1
68234,CIRCLE K #2723705,"I-81, EXIT 80 & SR-121",Wytheville,VA,36.953385,-81.088438,3.265667,3.265667,3.265667,1
68235,JOLLEY #113,"I-91, EXIT 28",Derby,VT,44.951696,-72.136303,3.539000,3.539000,3.539000,1
68236,TEX BEST #506,"I-35, EXIT 84",Dilley,TX,28.667517,-99.176465,3.099000,3.099000,3.099000,1
68243,PILOT EXPRESS #1173,"I-5, EXIT 135",Tacoma,WA,47.252199,-122.459832,4.599000,4.599000,4.599000,1
68245,STRIPES #40705,US-77/SR-374,Combes,TX,26.246514,-97.726766,2.912333,2.912333,2.912333,1
68253,KENT KWIK #262,"CR-18/I-20, EXIT 80",Monahans,TX,31.655721,-103.083694,2.859000,2.859000,2.859000,1
68256,EXTRA MILE TRUCK STOP,I-30 EXIT 208,Hooks,TX,33.470695,-94.286542,2.817333,2.817333,2.817333,1
68257,LOVES TRAVEL STOP #292,"I-55, EXIT 220",Dwight,IL,41.098705,-88.422077,3.453000,3.349000,3.589000,5
68258,CIRCLE K #2741536,SR-83/CR-1015,Weslaco,TX,26.160549,-97.987654,3.035667,3.035667,3.035667,1
68260,ALVARADO MARKET STATION,"I-35W, EXIT 26A & US-67",Alvarado,TX,32.406109,-97.216012,2.844000,2.844000,2.844000,1
68261,STRIPES #2294,US-83 & FM-1120,Leakey,TX,29.725358,-99.763098,2.949000,2.949000,2.949000,1
68266,FREDS FUEL AND FOOD #2,"I-57, EXIT 283 & US-24",Gilman,IL,40.760528,-88.000916,3.169000,3.049000,3.269000,3
68268,SPEED SMART,"I-10, EXIT 114",Buckeye,AZ,33.431573,-112.641626,3.372333,3.372333,3.372333,1
68270,MPC #2,US-67 & CR-A,Fredericktown,MO,37.562953,-90.303512,2.990667,2.990667,2.990667,1
68271,PHOENIX #308,ST 210,Rocky Point,NC,34.444048,-77.890907,3.619000,3.619000,3.619000,1
68273,CHISUM TRAVEL CENTER,US-70/US-54,Tularosa,NM,33.075001,-106.017299,2.999000,2.999000,2.999000,1
68274,CEFCO #6,SR-6 & SR-7,Marlin,TX,31.308039,-96.893180,2.999000,2.999000,2.999000,1
68276,KWIK STAR #895,US-18/US-63 EXIT 204,New Hampton,IA,43.056219,-92.314725,3.449000,3.449000,3.449000,1
68277,WHITE OAK STATION #15,US-65,Harrison,AR,36.242592,-93.117650,3.599000,3.599000,3.599000,1
68279,MACS MARKET #101,ST 22A,Fair Haven,VT,43.592783,-73.268898,3.599000,3.599000,3.599000,1
68282,SUNSTOP #612,US-84,Andalusia,AL,31.309436,-86.478031,3.485667,3.485667,3.485667,1
68290,WALTON TRUCK STOP,US-78/SR-10 & SR-83,Monroe,GA,33.797481,-83.718728,3.999000,3.999000,3.999000,1
68292,GAS N GO,US-280/US-19,Americus,GA,32.074377,-84.222829,3.299000,3.299000,3.299000,1
68294,BP,"I-74, EXIT 51",Galesburg,IL,40.950217,-90.376564,3.499000,3.499000,3.499000,1
68298,MR FUEL #719,"I-80, EXIT 6",Gary,IN,41.590740,-87.347113,3.565667,3.565667,3.565667,1
68301,LOVES TRAVEL STOP #463,I-10 EXIT 604,Seguin,TX,29.590227,-97.968607,3.179000,3.179000,3.179000,1
68302,FLYING J #493,I-95 EXIT 77,Saint George,SC,33.186073,-80.579460,3.519000,3.519000,3.519000,1
68303,KWIK TRIP #351,SR-13 & SR-64,Medford,WI,45.135634,-90.342467,3.400667,3.400667,3.400667,1
68306,BIG D #018,SR-387 & SR-59,Gillette,WY,44.272580,-105.498936,3.459000,3.459000,3.459000,1
68307,EXPRESSWAY LUVERNE,"I-90, EXIT 12",Luverne,MN,43.653565,-96.215101,3.239000,3.239000,3.239000,1
68308,PINECONE TRAVEL PLAZA,"I-94, EXIT 267",Johnson Creek,WI,43.079053,-88.771069,3.219000,3.219000,3.219000,1
68311,SUN DO KWIK SHOP,SR-242,Evergreen,NC,34.414860,-78.911375,3.159000,3.159000,3.159000,1
68314,Refuel #313,US-183 & SR-29,Liberty Hill,TX,30.663377,-97.905506,2.909000,2.909000,2.909000,1
68315,SHELL,"I-40, EXIT 200 & SR-99",Seminole,OK,35.234772,-96.649329,2.859000,2.859000,2.859000,1
68316,CIRCLE K #2723622,"I-75, EXIT 345",Ringgold,GA,34.913657,-85.121503,3.075667,3.075667,3.075667,1
68318,NINOS TRUCK PLAZA,"I-10, EXIT 151",Port Allen,LA,30.443835,-91.207410,3.039000,3.039000,3.039000,1
68319,HOLIDAY STATIONSTORE #2746484,US-61 & US-10,Hastings,MN,44.731780,-92.854512,3.569000,3.569000,3.569000,1
68321,Big's #304,"I-35, EXIT 141",Moore,TX,29.057906,-99.005800,2.999000,2.999000,2.999000,1
68323,TRAINER MART,"I-10, EXIT 593",Marion,TX,29.572568,-98.142941,2.999000,2.999000,2.999000,1
68328,TONKAWA TRAVEL CENTER,"I-35, EXIT 214 & US-60",Tonkawa,OK,36.670589,-97.315028,3.099000,3.099000,3.099000,1
68330,SHREES TRUCK STOP,"I-90, EXIT 149 & SR-281",George,WA,47.083149,-119.861683,3.694000,3.569000,3.759000,4
68332,CIRCLE K #2701526,"I-40, EXIT 208",Colfax,NC,35.351028,-81.754419,2.957333,2.957333,2.957333,1
68333,GO MART FOOD STORE #106,US-250/US-219/SR-92/SR-55,Elkins,WV,38.923813,-79.854036,3.499000,3.499000,3.499000,1
68335,PILOT #481,"I-75, EXIT 20",Mc Donald,TN,35.108782,-84.985289,3.599000,3.599000,3.599000,1
68337,SPEEDWAY #1426,US-30 & SR-51,Merrillville,IN,41.472687,-87.318070,3.885667,3.885667,3.885667,1
68339,LOVES TRAVEL STOP #464,"I-10, EXIT 523 & US-87",Comfort,TX,29.972311,-98.904698,3.212333,3.212333,3.212333,1
68343,HUTCH'S #119,I-40 EXIT 40,Elk City,OK,35.389612,-99.428749,2.969000,2.969000,2.969000,1
68347,ENERGY EXPRESS TRAVEL CENTER,I-70 EXIT 247,Saint Louis,MO,38.635699,-90.244582,2.909000,2.909000,2.909000,1
68348,HOT SPOT #6007,"I-85, EXIT 80",Spartanburg,SC,34.945627,-81.925944,3.089000,3.089000,3.089000,1
68349,SAPP BROS TRAVEL CENTER,"US-75, EXIT 116",Le Mars,IA,42.781514,-96.173311,3.269000,3.269000,3.269000,1
68350,JOAQUIN QUICK STOP,US-84,Joaquin,TX,31.965579,-94.048368,3.432333,3.432333,3.432333,1
68354,LEERJAK TRAVEL CENTER,US-60,Ellsinore,MO,36.932839,-90.747672,3.409000,3.409000,3.409000,1
68359,LOVES TRAVEL STOP #466,"I-78, EXIT 65",Jasper,AL,33.851110,-87.268348,3.555667,3.555667,3.555667,1
68360,A PLUS MINI MARKET,"I-95, EXIT 19",Philadelphia,PA,40.009376,-75.133346,4.049000,4.049000,4.049000,1
68361,DUCK THRU FOOD STORE #34,US-158 & US-17,Elizabeth City,NC,36.294197,-76.237809,3.499000,3.499000,3.499000,1
68362,RUTTERS #5,US-30 & SR-997,Fayetteville,PA,39.911433,-77.565100,3.859000,3.859000,3.859000,1
68364,Maplefields,"I-89, EXIT 19",Saint Albans,VT,44.811538,-73.084462,3.539000,3.539000,3.539000,1
68365,7-ELEVEN #36834,SR-72,Abbeville,SC,34.178544,-82.377687,3.619000,3.619000,3.619000,1
68366,MARATHON,US-68/SR-80,Russellville,KY,36.839518,-86.895579,3.199000,3.199000,3.199000,1
68367,LOVES TRAVEL STOP #447,"I-10 E, EXIT 0",Anthony,TX,31.986731,-106.598634,3.449000,3.449000,3.449000,1
68368,AKAL TRAVEL CENTER,I-80 EX 360,Waco,NE,40.897000,-97.461747,2.799000,2.799000,2.799000,1
68369,WORKMANS TRAVEL CENTER,"I-40 EXIT, 35 & SR-23",Ozark,AR,35.501858,-93.848378,3.297333,3.297333,3.297333,1
68370,GULF EXPRESS DIESEL AND GAS,"I-295, EXIT 4 & SR-14",Johnston,RI,41.827440,-71.519879,3.799000,3.799000,3.799000,1
68372,SPEEDWAY #8062,SR-26/CR-00,Kokomo,IN,40.464011,-86.127349,3.799000,3.799000,3.799000,1
68375,PILOT #491,"I-81, EXIT 251 & US-11",Harrisonburg,VA,38.436255,-78.873303,3.659000,3.659000,3.659000,1
68377,PILOT #4568,I-20 EXIT 11,Graniteville,SC,33.564682,-81.809231,3.392333,3.392333,3.392333,1
68378,PILOT TRAVEL CENTERS #596,I-69 EXIT 196,Smiths Creek,MI,42.913919,-82.603808,3.959000,3.959000,3.959000,1
68381,Fast Stop Travel Centers #2241,US-26 S & SR-39,Blackfoot,ID,43.194595,-112.346811,3.999000,3.999000,3.999000,1
68382,QUIKTRIP #766,US-29 & SR-316,Dacula,GA,33.981967,-83.901080,3.320667,3.320667,3.320667,1
68383,AYERCO 32,US-61 & SR-P,Canton,MO,40.129859,-91.525843,3.015667,3.015667,3.015667,1
68386,KWIK TRIP #884,US-45 & SR-22,Clintonville,WI,44.622120,-88.751714,3.559000,3.559000,3.559000,1
68389,WEBERS OF PLYMOUTH,SR-57 N/CR-PP E,Plymouth,WI,43.745274,-87.965322,3.499000,3.499000,3.499000,1
68394,CHEVRON,"I-84, EXIT 343/CR-104",Ogden,UT,41.228391,-111.968147,3.442333,3.442333,3.442333,1
68396,TOOT N TOTUM #44,SR-287 E/CR-335 N,Amarillo,TX,35.198064,-101.833107,3.042333,3.042333,3.042333,1
68403,RUTTERS #16,"I-83, EXIT 10 & SR-214",York,PA,39.964798,-76.731840,4.199000,4.199000,4.199000,1
68405,PILOT TRAVEL CENTER #1028,"I-45, EXIT 178/US-79 N",Buffalo,TX,31.458905,-96.066163,3.549000,3.549000,3.549000,1
68406,TOOT N TOTUM #114,US-385/US-54,Dalhart,TX,36.057423,-102.512212,3.199000,3.199000,3.199000,1
68411,PAWNEE TRAVEL PLAZA,US-412 & SR-18,Pawnee,OK,36.351480,-96.800504,3.044000,3.044000,3.044000,1
68416,STRIPES 7FLEET #42515,US-87 N,Lamesa,TX,32.733338,-101.953773,3.099000,3.099000,3.099000,1
68417,7-ELEVEN #42072,"I-20, EXIT 599/SR-281",Longview,TX,32.519337,-94.764592,3.207333,3.207333,3.207333,1
68419,ROAD RANGERS #270,"I-35, EXIT 114/SR-462",Moore,TX,29.057906,-99.005800,3.169000,3.169000,3.169000,1
68420,SHELBINA Phillips 66,US-36 & SR-15,Shelbina,MO,39.693022,-92.039652,3.099000,3.099000,3.099000,1
68421,STRIPES,US-77,Refugio,TX,28.307445,-97.274981,3.074000,3.074000,3.074000,1
68423,GOLDEN GATE TRUCKSTOP,"I-80, EXIT 106 & SR-398",Lovelock,NV,40.178738,-118.477442,3.649000,3.649000,3.649000,1
68424,MAVERICK TRAVEL CENTER,"I-20, EXIT 386/US-281",Santo,TX,32.605585,-98.213845,3.099000,3.099000,3.099000,1
68428,STRIPES #40519,US-90/CR-1023,Uvalde,TX,29.215184,-99.777215,3.359000,3.359000,3.359000,1
68432,PAPA ROCK,US-79/SR-76,Clarksville,TN,36.566430,-87.345216,3.199000,3.199000,3.199000,1
68434,Circle K #2741789,"I-30, EXIT 98 & US-270",Malvern,AR,34.373579,-92.821250,3.439000,3.439000,3.439000,1
68440,EXPRESS GAS,"I-40, EXIT 2A/US-51",Memphis,TN,35.109026,-89.967455,2.979000,2.979000,2.979000,1
68441,QUIKTRIP #1106,US-76,Anderson,SC,34.521487,-82.643517,2.959000,2.959000,2.959000,1
68444,Sunoco,US-30,Roebling,NJ,40.117217,-74.777844,3.159000,3.159000,3.159000,1
68446,J J OIL #07,US-160,Ulysses,KS,37.577342,-101.354864,3.399000,3.399000,3.399000,1
68447,JUMPIN JACKS 419,SR-161,Rockport,IN,37.889918,-87.054244,3.999000,3.999000,3.999000,1
68451,CASEYS #3439,US-63,Lime Springs,IA,43.449899,-92.284064,3.565667,3.565667,3.565667,1
68453,Marathon,US-82/US-27,Cuthbert,GA,31.770686,-84.793575,3.699000,3.699000,3.699000,1
68458,SPEEDWAY #6278,"I-96, EXIT 16",Coopersville,MI,43.065467,-85.933752,3.549000,3.499000,3.599000,2
68462,CHEVRON,SR-24 & SR-660,Houma,LA,29.578681,-90.708023,3.099000,3.099000,3.099000,1
68463,SPANISH LAKE TRUCK AND CASINO PLAZA,SR-182,New Iberia,LA,30.005493,-91.820307,3.329000,3.329000,3.329000,1
68465,LOVES TRAVEL STOP #470,"I-75, EXIT 451",Jasper,FL,30.455935,-82.934214,3.327333,3.327333,3.327333,1
68466,KWIK TRIP #462,SR-11 & SR-83,Burlington,WI,42.675249,-88.271871,3.274000,3.274000,3.274000,1
68468,SHELL,SR-193/SR-163 & CR-26,Theodore,AL,30.538686,-88.187573,3.039000,3.039000,3.039000,1
68469,8 MILE STORE,"US-64/I-40, EXIT 127",Conway,AR,35.074404,-92.467004,3.399000,3.399000,3.399000,1
68471,B LINE SHELL,SR-710,Jupiter,FL,26.918551,-80.116940,3.957333,3.957333,3.957333,1
68476,CREEK TRAVEL PLAZA,"I-65, EXIT 54",Atmore,AL,31.124067,-87.457798,3.135667,3.135667,3.135667,1
68480,KUM & GO #0414,US-212/SR-265,Springdale,AR,36.191438,-94.155062,3.142333,3.142333,3.142333,1
68493,FAST TRACK 427,"I-10, EXIT 225/US-19",Lamont,FL,30.379675,-83.813376,3.739000,3.739000,3.739000,1
68494,LOVES TRAVEL STOPS #469,"I-85, EXIT 15 & US-1",South Hill,VA,36.725662,-78.128886,3.949000,3.949000,3.949000,2
68497,JACKSONS FOOD STORE #30,"I-86, EXIT 61",Pocatello,ID,42.872748,-112.463836,3.459000,3.459000,3.459000,1
68499,DUBOIS TRAVEL STOP,I-15 & MAIN,Dubois,ID,44.171161,-112.228278,4.299000,4.299000,4.299000,1
68506,WARRIOR RIDGE,US-22 & SR-3035,Ashland,PA,40.781106,-76.345046,3.699000,3.699000,3.699000,1
68511,PWI #675,I-10/US-85/US-180 EXIT 155 & SR-227,Vado,NM,32.127881,-106.657073,2.949000,2.949000,2.949000,1
68512,BP,US-29/SR-154,Palmetto,GA,33.536038,-84.673791,3.249000,3.249000,3.249000,1
68518,CHEVRON,SR-243,Gordon,GA,32.886191,-83.333588,3.359000,3.359000,3.359000,1
68520,SPEED GAS,SR-56,Rosenhayn,NJ,39.478674,-75.137962,3.459000,3.459000,3.459000,1
68522,MINIT MART #600632,"I-474, EXIT 9 & SR-29",Pekin,IL,40.568757,-89.625115,3.739000,3.739000,3.739000,1
68524,Coastal Fuel,US-421,Wilmington,NC,34.209225,-77.885767,3.399000,3.399000,3.399000,1
68531,CASEYS #2845,"SR-150, I-380, EXIT 41",Urbana,IA,42.229835,-91.885511,3.449000,3.449000,3.449000,1
68533,MACH ONE FOOD SHOP #17,US-45/US-50,Flora,IL,38.665617,-88.473844,3.899000,3.899000,3.899000,1
68534,BG FOOD MART,US-31,Bowling Green,KY,36.975653,-86.435962,3.057333,3.057333,3.057333,1
68535,CASEYS #3295,SR-35 & SR-27,Prairie Du Chien,WI,43.043341,-91.137332,3.499000,3.499000,3.499000,1
68541,DUCK THRU #3,SR-11 & SR-561,Ahoskie,NC,36.284126,-76.990105,3.562333,3.562333,3.562333,1
68542,EXCELL FUELS,SR-5,Buffalo,NY,42.892492,-78.859686,3.999000,3.999000,3.999000,1
68549,GOOD 2 GO #212,US-310/SR 789,Lovell,WY,44.835801,-108.391889,3.657000,3.657000,3.657000,1
68552,HUCKS FOOD & FUEL #368,"US-41, EXIT 44/SR-281",Madisonville,KY,37.341036,-87.503475,3.399000,3.399000,3.399000,1
68556,MONICARLO FUEL STOP,US-61 & SR-54,Garyville,LA,30.065727,-90.634729,3.199000,3.199000,3.199000,1
68559,KUM & GO #0779,"I-35, EXIT 92 & US-136",Bethany,MO,40.268164,-94.029822,2.955667,2.955667,2.955667,1
68562,CHEVRON,SR-3235,Galliano,LA,29.445857,-90.307745,3.499000,3.499000,3.499000,1
68572,FOOD N FUN #17,US-90 & SR-83 & CR-605,New Iberia,LA,30.005493,-91.820307,3.067000,3.067000,3.067000,1
68574,SPRING STREET SERVICE STATION,US-1/US-9,Elizabeth,NJ,40.666367,-74.193503,3.099000,3.099000,3.099000,1
68581,CHEVRON #308195,"I-82, EXIT 58/US-12 & SR-223",Granger,WA,46.345295,-120.192673,4.414000,4.329000,4.499000,2
68588,SHELL,"US-202, EXIT 16",Orange,MA,42.605437,-72.292074,3.649000,3.649000,3.649000,1
68592,Sprint Food #742,US-25/SR-121,North Augusta,SC,33.523303,-81.956566,3.159000,3.159000,3.159000,1
68593,ONE9 #1285,"I-20, EXIT 386 & US-281",Santo,TX,32.605585,-98.213845,2.924000,2.924000,2.924000,1
68594,CIRCLE K #2723796,SR-S-8-33 & SR-S-8-119,Charleston,SC,32.828017,-79.972896,3.199000,3.199000,3.199000,1
68595,SUPER LUCKY LOUIES,US-190/SR-1,Port Allen,LA,30.443835,-91.207410,3.032333,3.032333,3.032333,1
68596,FLASH MARKET SHELL,US-63,Koshkonong,MO,36.597444,-91.645953,3.499000,3.499000,3.499000,1
68598,7-ELEVEN #41032,US-84 & US-259,Mount Enterprise,TX,31.911639,-94.682767,3.349000,3.349000,3.349000,1
68602,NEW DIXIE MART #19,"I-95, EXIT150",Whitakers,NC,36.105704,-77.712972,3.339000,3.339000,3.339000,1
68606,SAMS MART #95,SR-49,Harrisburg,NC,35.307549,-80.645617,3.799000,3.799000,3.799000,1
68613,SHEETZ #236,SR-441 & SR-772,Marietta,PA,40.057043,-76.551723,3.389000,3.389000,3.389000,1
68618,MINER TOWNE MART,206 R-11,Shullsburg,WI,42.573323,-90.234765,3.399000,3.399000,3.399000,1
68621,CIRCLE K #2723367,"I-77, EXIT 8 & SR-148",Fancy Gap,VA,36.671304,-80.701083,3.290667,3.290667,3.290667,1
68622,PILOT #474,"I-79, EXIT 67 & SR-19",Sutton,WV,38.667772,-80.713461,3.865667,3.865667,3.865667,1
68623,FLYING J TRAVEL PLAZA #304,"I-469, EXIT 19 & US-30",New Haven,IN,41.067905,-85.016282,3.859000,3.859000,3.859000,2
68624,PILOT #586,"I-10, EXIT 69 & SR-63",Moss Point,MS,30.425914,-88.532733,3.459000,3.459000,3.459000,1
68625,FLYING J #470 HUDSON,"I-94, EXIT 10 & US-65",Roberts,WI,44.961869,-92.547663,3.559000,3.559000,3.559000,1
68626,BECKS EXPRESS MART #14,SR-26,Princeton,IL,41.380565,-89.464100,3.249000,3.249000,3.249000,1
68630,DOWNSTREAM Q STORE,US-166/US-400,Joplin,MO,37.075218,-94.501259,3.199000,3.199000,3.199000,1
68642,EXXON SANDY RIDGE MART,"I-40/US-421, EXIT 208",Colfax,NC,35.351028,-81.754419,3.099000,3.099000,3.099000,1
68643,SHELL,"I-95, EXIT 58 & US-13",Wade,NC,35.163402,-78.739673,3.199000,3.199000,3.199000,1
68644,SUPERPUMPER #32,US-2,Minot,ND,48.236125,-101.277533,3.599000,3.599000,3.599000,1
68650,MARATHON,"I-75, EXIT 8",Cincinnati,OH,39.140183,-84.505829,3.899000,3.899000,3.899000,1
68653,KWIK TRIP #679,"I-43, EXIT 128 & SR-42",Sheboygan,WI,43.738713,-87.731531,3.215667,3.215667,3.215667,1
68656,TA Express Williston,US-2 & US-85,Williston,ND,48.189496,-103.649117,3.447333,3.447333,3.447333,1
68659,KWIK TRIP #659,"US-52, EXIT 56 & CR-22",Rochester,MN,44.014299,-92.478592,3.549000,3.549000,3.549000,1
68663,LOVES TRAVEL STOP #474,US-85/US-2 & CR-6,Williston,ND,48.189496,-103.649117,3.519000,3.519000,3.519000,1
68665,BIG D 14,"I-90, EXIT 46/US-14/SR-79",Piedmont,SD,44.217226,-103.375388,3.137333,3.137333,3.137333,1
68671,CASEYS #2969,US-81 & RD F,Fairmont,NE,40.633554,-97.584954,3.282333,3.282333,3.282333,1
68672,24 NORTH MOBIL,"I-495, EXIT 7A & SR-24, EXIT 14B",Bridgewater,MA,41.990379,-70.975043,3.699000,3.699000,3.699000,1
68674,TEXACO,US-290 & SR-696,Elgin,TX,30.353908,-97.390057,3.099000,3.099000,3.099000,1
68684,Rebecca Plantation Truck Plaza,"US-90, EXIT 200 & SR-311",Schriever,LA,29.728672,-90.835398,2.999000,2.999000,2.999000,1
68685,QUICK FUEL #2403,"I-29/I-35/SR-71, EXIT 5B",Kansas City,MO,39.122361,-94.555117,3.344000,3.344000,3.344000,1
68689,CHEVRON,"I-10, EXIT 59 & SR-395",Roanoke,LA,30.235526,-92.748141,3.609000,3.609000,3.609000,1
68690,MARATHON,US-30 & SR-30,Mansfield,OH,40.766720,-82.530820,3.499000,3.499000,3.499000,1
68691,BYRNE DAIRY #43,"I-81, EXIT 36 & SR-13",Pulaski,NY,43.565504,-76.126035,4.099000,4.099000,4.099000,1
68692,DANDY MINI MART #57,SR-14,Horseheads,NY,42.168632,-76.829658,3.899000,3.899000,3.899000,1
68693,SUPER STOPS,SR-70 & SR-308,Belle Rose,LA,30.042205,-91.049721,3.499000,3.499000,3.499000,1
68696,STRIPES #40800,FM-351 & US-181,Beeville,TX,28.405244,-97.748931,3.015667,3.015667,3.015667,1
68697,STRIPES #40915,"I-35, EXIT 8 & SR-20 & FM-1472",Laredo,TX,27.560379,-99.489181,2.979000,2.979000,2.979000,1
68698,GAS N WASH,"I-80, EXIT 145 & SR-84",Mokena,IL,41.529863,-87.877710,3.499000,3.499000,3.499000,1
68699,ORGANIC CONNECTION MOBIL,SR-997,Homestead,FL,25.466326,-80.443046,3.344000,3.344000,3.344000,1
68701,SPEEDWAY #1421,US-45 & CR-74,Frankfort,IL,41.507025,-87.870966,3.356500,3.299000,3.399000,4
68702,QUIKTRIP #1120,"I-85, EXIT 90 & SR-105",Gaffney,SC,35.073558,-81.661532,3.190667,3.190667,3.190667,1
68708,LOVES TRAVEL STOP #476,"I-80, EXIT 292 & SR-130",Davenport,IA,41.556820,-90.603948,3.862333,3.862333,3.862333,1
68716,ALLTOWN MARKETS #833,I-95 EXIT 41,Milford,CT,41.223644,-73.064556,3.599000,3.599000,3.599000,1
68722,Pilot #140,US-40/US-191,Roosevelt,UT,40.287727,-109.987983,3.759000,3.759000,3.759000,1
68730,KENT KWIK #315,SR-158 & FM-1788,Midland,TX,32.024642,-102.113467,3.437333,3.437333,3.437333,1
68734,LOVES TRAVEL STOP #478,"I-15, EXIT 113",Idaho Falls,ID,43.488851,-112.036297,3.755667,3.755667,3.755667,1
68737,KWIK TRIP #691,"I-39, EXIT 161",Stevens Point,WI,44.525300,-89.550377,3.559000,3.559000,3.559000,1
68738,CASEYS #2316,US-136/SR-5 & SR-5,Unionville,MO,40.475708,-93.004416,3.214000,3.214000,3.214000,1
68740,Certified Oil #400352,US-20 & SR-510 & SR-101,Clyde,OH,41.303585,-82.979425,3.379000,3.379000,3.379000,1
68741,COUNTY LINE TRUCK STOP,SR-22,Dickinson,ND,46.892780,-102.795960,3.532333,3.532333,3.532333,1
68742,ARTESIA #401,SR-82 & SR-285,Artesia,NM,32.852173,-104.424570,3.439000,3.439000,3.439000,1
68796,MR FUEL #731,"I-70, EXIT 123 & SR-3",Spiceland,IN,39.843142,-85.426053,3.699000,3.699000,3.699000,1
68797,SPEEDWAY #1412,SR-43,Frankfort,IL,41.507025,-87.870966,3.359000,3.359000,3.359000,1
68798,PILOT DEALER #1179,SR-189,Nogales,AZ,31.361928,-110.934820,4.249000,4.249000,4.249000,2
68799,SHELL FOOD MART # 25,"I-20, EXIT 77 & SR-13",Morton,MS,32.345528,-89.659145,3.199000,3.199000,3.199000,1
68801,7-ELEVEN #40574,US-281,Blanco,TX,30.098594,-98.417106,3.399000,3.399000,3.399000,1
68803,SHELL,"I-45, EXIT 152",Madisonville,TX,30.954018,-95.909285,3.182333,3.182333,3.182333,1
68806,SHELL,US-90,Westwego,LA,29.905363,-90.143545,3.065667,3.065667,3.065667,1
68808,SPEEDWAY #4574,US-701,Loris,SC,34.057476,-78.888420,3.269000,3.269000,3.269000,1
68813,SPEEDWAY #8741,"I-96, EXIT 86 & SR-100",Eagle,MI,42.809794,-84.790890,3.789000,3.789000,3.789000,1
68814,TA HOLBROOK,"I-40/US-180, EXIT 283",Holbrook,AZ,34.904624,-110.167210,3.655667,3.655667,3.655667,1
68815,LOVES TRAVEL STOPS #471,"I-35, EXIT 127 & FM-471",Natalia,TX,29.185467,-98.852054,3.246000,3.203000,3.289000,2
68821,Joe's Kwik Mart #473,CR-139,Lancaster,NY,42.900600,-78.668775,3.729000,3.659000,3.799000,2
68822,CASEYS #3919,"I-35/US-50, EXIT 148 & SR-131",Lebo,KS,38.416179,-95.862482,3.089000,3.089000,3.089000,1
68823,FRIENDS FOOD MART,SR-13,Mansfield,OH,40.766720,-82.530820,4.199000,4.199000,4.199000,1
68824,EXPRESSWAY,SR-60 & CR-9,Heron Lake,MN,43.798059,-95.319778,3.299000,3.299000,3.299000,1
68825,ALLTOWN MARKETS #832,"I-95, EXIT 40",Milford,CT,41.223644,-73.064556,3.599000,3.599000,3.599000,1
68826,HIGHWAY SERVICE,US-44,Seekonk,MA,41.839798,-71.318047,3.319000,3.319000,3.319000,1
68828,CIRCLE K #2721540,US-78 & SR-15,New Albany,MS,34.492286,-89.021720,3.759000,3.759000,3.759000,1
68831,KWIK TRIP #896,SR-65 & CR-J,Minneapolis,MN,44.963324,-93.268320,3.599000,3.599000,3.599000,1
68835,SPEEDWAY #7954,US-258/SR-24,Richlands,NC,34.900157,-77.542825,3.324000,3.324000,3.324000,1
68836,Corner Market #160,US-60,Pampa,TX,35.547852,-100.965032,3.399000,3.399000,3.399000,1
68839,CHOCTAW TRAVEL PLAZA #641,US-69/SR-43,Stringtown,OK,34.469600,-96.055521,3.159000,3.159000,3.159000,1
68840,LOVES TRAVEL STOP #475,"I-20/US-84, EXIT 242 & FM-142",Sweetwater,TX,32.469389,-100.408651,3.189000,3.189000,3.189000,1
68841,PILOT TRAVEL CENTERS #575,"I-95, EXIT 1",Saint Marys,GA,30.754245,-81.572635,3.599000,3.599000,3.599000,2
68843,PILOT #467,"I-37, EXIT 125",San Antonio,TX,29.462809,-98.524635,3.399000,3.399000,3.399000,1
68844,FLYING J #553,"I-10, EXIT 259",Fort Stockton,TX,30.892574,-102.884210,3.659000,3.659000,3.659000,1
68845,PILOT TRAVEL CENTER #4651,"I-95, EXIT 4",Skippers,VA,36.611817,-77.546646,3.799000,3.799000,3.799000,1
68847,CIRCLE K #2741553,US-190/US-183 & US-281,Lampasas,TX,31.064037,-98.182783,2.759000,2.759000,2.759000,1
68848,CIRCLE K #2741328,"I-35, EXIT 328 & FM-2063",Hewitt,TX,31.451248,-97.193315,2.865667,2.865667,2.865667,1
68849,Circle K #2706632,US-80/SR-8 & CR-480,Selma,AL,32.416983,-87.035702,3.699000,3.699000,3.699000,1
68850,SPRINT MART #67,US-84/US-425,Vidalia,LA,31.566751,-91.440444,3.082333,3.082333,3.082333,1
68856,KWIK N EZ #1,"I-40, EXIT 265",Checotah,OK,35.482436,-95.522818,2.909000,2.909000,2.909000,1
68860,PETRO STOP #394,"I-35, EXIT 101 & FM-140",Pearsall,TX,28.892921,-99.097169,3.535667,3.535667,3.535667,1
68861,KWIK TRIP #733,SR-76/SR-44,Caledonia,MN,43.634127,-91.500399,3.490667,3.490667,3.490667,1
68864,QUICK FUEL #3190,"I-75, EXIT 68",Dayton,OH,39.784743,-84.199632,3.677333,3.677333,3.677333,1
68865,QUICK FUEL #3192,"I-275, EXIT 42B & SR-747",Cincinnati,OH,39.140183,-84.505829,3.252333,3.252333,3.252333,1
68868,PUMP & PANTRY #14,SR-92/SR-2,Broken Bow,NE,41.405188,-99.640758,3.299000,3.299000,3.299000,1
68869,PUMP & PANTRY #4,SR-2 & SR-11,Cairo,NE,41.004776,-98.600552,3.327333,3.327333,3.327333,1
68873,ONVO TRAVEL PLAZA - MOUNTAIN COBB,"I-84, EXIT 8",Lake Ariel,PA,41.453975,-75.382681,3.585667,3.585667,3.585667,1
68874,QUIKTRIP #492,"I-10, EXIT 114 & SR-85",Buckeye,AZ,33.431573,-112.641626,3.369000,3.369000,3.369000,1
68875,SHEETZ #512,"I-40, EXIT 203 & SR-66",Kernersville,NC,36.106171,-80.081895,2.844000,2.844000,2.844000,1
68882,CAPITAL FUELS MYTON,US-40/191,Myton,UT,40.193265,-110.062512,3.502333,3.502333,3.502333,1
68883,CBH TRAVEL CENTER,US-85,Belle Fourche,SD,44.663798,-103.859143,3.299000,3.299000,3.299000,1
68885,FLYING J #488,"I-35, EXIT 69",Cotulla,TX,28.436376,-99.236711,3.599000,3.599000,3.599000,1
68886,BEBO'S,SR-38,Kentwood,LA,30.933755,-90.515162,3.015667,3.015667,3.015667,1
68888,Express Lane,"US-80, EXIT 33 & US-6/SR-78",Annawan,IL,41.396382,-89.890567,3.349000,3.299000,3.399000,2
68890,Circle K #2741795,"I-430, EXIT 12 & SR-100",Maumelle,AR,34.852344,-92.399995,3.185667,3.185667,3.185667,1
68891,LOVES TRAVEL STOP #480,I-40 EXIT 364,Lenoir City,TN,35.815836,-84.283015,3.439000,3.439000,3.439000,1
68892,OLIVE EXXON,US-31,Holland,MI,42.768074,-86.098598,3.799000,3.799000,3.799000,1
68893,J & H FAMILY STORE,"I-96, EXIT 52 & SR-50",Lowell,MI,42.934600,-85.346219,3.789000,3.789000,3.789000,1
68894,ROCKFORD MOBIL MART,"US-131, EXIT 97",Rockford,MI,43.136975,-85.554519,3.449000,3.299000,3.599000,2
68895,J & H FAMILY STORE #103,"I-196, EXIT 62",Hudsonville,MI,42.863370,-85.862205,3.399000,3.399000,3.399000,1
68897,TA CARYVILLE,"I-75, EXIT 141",Pioneer,TN,36.417580,-84.314099,3.007333,3.007333,3.007333,1
68899,XTRAMART,SR-9,Westborough,MA,42.267441,-71.617492,3.649000,3.649000,3.649000,1
68900,DUCK THRU #41,US-17/SR-37,Hertford,NC,36.176849,-76.466552,3.599000,3.599000,3.599000,1
68901,SPEEDWAY #1224,"SR-741 & I-71, EXIT 25",Mason,OH,39.351707,-84.302041,3.159000,3.159000,3.159000,1
68902,CASEYS #3062,SR-281 & SR-160,Medicine Lodge,KS,37.285137,-98.581185,3.114000,3.114000,3.114000,1
68903,BIG D KWIK SHOP,SR-59,Gillette,WY,44.272580,-105.498936,3.379000,3.379000,3.379000,1
68907,QUIKTRIP #943,"I-35E, EXIT 405 & US-77",Waxahachie,TX,32.402480,-96.844493,2.895667,2.895667,2.895667,1
68908,SPEEDWAY #1804,"I-270, EXIT 32 & I-71, EXIT 116",Columbus,OH,39.983938,-82.984882,3.692333,3.692333,3.692333,1
68912,Chisholm Corner #13,"SR-19 & I-35, EXIT 72",Pauls Valley,OK,34.710206,-97.224027,3.089000,3.089000,3.089000,1
68913,CASEYS #3263,"I-90, EXIT 43 & SR-60",Worthington,MN,43.628733,-95.599702,3.142333,3.142333,3.142333,1
68915,PUMP & PANTRY #53,US-20,Jackson,NE,42.448167,-96.571302,3.412333,3.412333,3.412333,1
68916,YESWAY #1075,"I-20, EXIT 278",Tye,TX,32.452218,-99.866537,2.875667,2.875667,2.875667,1
68919,GULF MART 5150,"I-90 E, MM 117",Natick,MA,42.284822,-71.348811,4.065667,4.065667,4.065667,1
68921,GAS N GO,US-341/SR-7 & SR-96/SR-49,Fort Valley,GA,32.551114,-83.879939,3.182333,3.182333,3.182333,1
68923,STRIPES 7FLEET #42509,US-67 & SR-137,Big Lake,TX,31.194112,-101.453406,3.599000,3.599000,3.599000,1
68924,KWIK TRIP #326,"I-90, EXIT 171 & US-51 & US-14",Janesville,WI,42.684698,-89.013170,3.374000,3.374000,3.374000,1
68925,KWIK TRIP #874,"I-35, EXIT 132 & US-8",Chisago City,MN,45.345584,-92.910034,3.327333,3.327333,3.327333,1
68926,KWIK TRIP #872,SR-26,Jefferson,WI,43.003955,-88.808473,3.382333,3.382333,3.382333,1
68927,MARATHON,US-19 & SR-80,Rosedale,VA,36.959278,-81.931235,3.749000,3.749000,3.749000,1
68928,PILOT TRAVEL CENTER #475,"I-40, EXIT 196 & SR-41",Moriarty,NM,35.003368,-106.044427,3.244000,3.244000,3.244000,1
68929,SPEEDWAY #6953,"I-74/US-311, EXIT 65",High Point,NC,35.990803,-79.992713,3.529000,3.529000,3.529000,1
68930,PILOT #4569,"I-95, EXIT 5",Hardeeville,SC,32.295308,-81.040983,3.375667,3.375667,3.375667,1
68933,RUTTERS #23,US-30 & SR-462,Mountville,PA,40.040745,-76.434924,3.979000,3.979000,3.979000,1
68935,JACKSONS FOOD STORES #144,I-84 & SR-55,Nampa,ID,43.585541,-116.565631,3.899000,3.899000,3.899000,1
68936,AMOCO,US-421/SR-11 & SR-53,Burgaw,NC,34.551466,-77.923012,3.599000,3.599000,3.599000,1
68937,LANTZ CORNERS MINI MART #255,US-6 & US-219,Kane,PA,41.663008,-78.809016,3.715667,3.715667,3.715667,1
68938,TOOT N TOTUM #23,SR-136/207 & SR-152,Borger,TX,35.659435,-101.402360,3.015667,3.015667,3.015667,1
68941,ALLTOWN MARKETS #2743,"US-3, EXIT 28",North Billerica,MA,42.583426,-71.284503,3.682333,3.682333,3.682333,1
68946,FLYING J #97,"I-75, EXIT 64",Vandalia,OH,39.878977,-84.192224,3.352333,3.352333,3.352333,1
68947,PILOT TRAVEL CENTER #593,"I-10, EXIT 268",Tucson,AZ,32.153036,-110.870773,3.302333,3.302333,3.302333,1
68949,JOES KWIK MARTS #475,US-15 & SR-20,Orange,VA,38.247845,-78.113187,3.332333,3.332333,3.332333,1
68950,KWIK TRIP #608,US-52 & SR-30,Chatfield,MN,43.844464,-92.182851,3.482333,3.482333,3.482333,1
68951,KWIK TRIP #313,US-10 & SR-73,Neillsville,WI,44.560316,-90.590781,3.339000,3.339000,3.339000,1
68952,MAVERIK COUNTRY STORE #425,"I-84, EXIT 376, US-30/US-95",Fruitland,ID,44.019123,-116.921025,3.365667,3.365667,3.365667,1
68956,SPEEDWAY #4533,"US-18/US-12, EXIT 146",Madison,WI,43.087815,-89.429856,3.599000,3.599000,3.599000,1
68957,TA EXPRESS #6259,US-85/SR-200,Alexander,ND,47.838058,-103.643203,3.525667,3.525667,3.525667,1
68959,SPEEDWAY #5215,"I-70, EXIT 66 & SR-54",South Vienna,OH,39.929321,-83.613934,3.159000,3.159000,3.159000,1
68960,MAVERIK COUNTRY STORE #484,"I-15/84, EXIT 343 & SR-126",Ogden,UT,41.228391,-111.968147,3.392333,3.392333,3.392333,1
68964,JIFFY TRIP #201,US-64/SR-58,Cherokee,OK,36.750694,-98.357667,3.269000,3.269000,3.269000,1
68969,MAVERIK COUNTRY STORE #474,"I-80, EXIT 115, CR-154",Salt Lake City,UT,40.776928,-111.930991,3.389000,3.389000,3.389000,1
68971,FLYING J #580,"I-20, EXIT 121",Odessa,TX,31.880461,-102.345314,3.565667,3.565667,3.565667,1
68972,SUNOCO CLARA BARTON PLAZA #7005,NJTP MM 5 SB,Penns Grove,NJ,39.727704,-75.469035,3.899000,3.899000,3.899000,1
68974,STRIPES #40801,US-181 & SR-123 & CR-347,Karnes City,TX,28.885410,-97.900505,3.174000,3.174000,3.174000,1
68976,MAVERIK COUNTRY STORE #453,"I-80, EXIT 223 & SR-305",Battle Mountain,NV,40.628371,-116.948553,3.389000,3.389000,3.389000,1
68977,MAVERIK COUNTRY STORE #444,US-491 & US-666,Monticello,UT,37.868534,-109.336200,3.489000,3.489000,3.489000,1
68978,MAVERIK COUNTRY STORE #287,"I-84, EXIT 36 & US-30",Nampa,ID,43.585541,-116.565631,3.385667,3.385667,3.385667,1
68979,MAVERIK COUNTRY STORE #478,"I-40, EXIT 286 & SR-77",Holbrook,AZ,34.904624,-110.167210,3.224000,3.224000,3.224000,1
68981,PETRO-CARD 24 #910450,US-63 & US-36,Macon,MO,39.742230,-92.470551,3.239000,3.239000,3.239000,1
68982,SHELL,US-23,Grand Blanc,MI,42.932537,-83.620491,3.799000,3.799000,3.799000,1
68985,LOVES TRAVEL STOP #500,"I-35, EXIT 106",Eagleville,MO,40.468725,-93.985963,3.789000,3.789000,3.789000,1
68987,STRIPES #40535,I-35,Cotulla,TX,28.436376,-99.236711,3.339000,3.339000,3.339000,1
68988,7-ELEVEN #40547,US-281 & SR-29,Burnet,TX,30.750600,-98.238227,2.957333,2.957333,2.957333,1
68989,QUARLES #4907,SR-166,Norfolk,VA,36.923015,-76.244641,3.809000,3.809000,3.809000,1
68990,LOVES TRAVEL STOP #490,"I-24, EXIT 158",Jasper,TN,35.068255,-85.621162,3.252333,3.252333,3.252333,1
68991,LOVES TRAVEL STOPS #514,"I-90/US-395, EXIT 221 & SR-261",Ritzville,WA,47.123059,-118.375351,3.987000,3.919000,4.049000,5
68992,SHORT STOP #24,US-24,Saint Marys,KS,39.194168,-96.064174,2.967333,2.967333,2.967333,1
68993,SHORT STOP #22,SR-15,Clay Center,KS,39.381182,-97.127372,2.972333,2.972333,2.972333,1
68994,SHORT STOP #25,US-36 & SR-15,Washington,KS,39.815798,-97.048422,2.902333,2.902333,2.902333,1
68995,ALLTOWN MARKETS #839,"I-95, EXIT 10",Darien,CT,41.052150,-73.479714,3.832333,3.832333,3.832333,1
68996,BLU / DRIVEN FUELS,"I-15, EXIT 113",Idaho Falls,ID,43.488851,-112.036297,3.479000,3.479000,3.479000,1
69002,KWIK TRIP #863,US-10,Stevens Point,WI,44.525300,-89.550377,3.584000,3.584000,3.584000,1
69004,Maplefields,HWY 9 N & ROUTE 22,Ticonderoga,NY,43.842344,-73.423035,3.749000,3.749000,3.749000,1
69005,SPEEDWAY #1017,"I-70, EXIT 186 & SR-285",Lore City,OH,39.983203,-81.460077,3.232333,3.232333,3.232333,1
69006,PILOT #449,"I-70, EXIT 208",Belmont,OH,40.027979,-81.040933,3.539000,3.539000,3.539000,1
69007,SPEEDWAY #7136,US-41 & US-70,Nashville,TN,36.171800,-86.785002,3.242333,3.242333,3.242333,1
69008,SPEEDWAY #7137,SR-42 & SR-111,Cookeville,TN,36.146926,-85.512653,3.077333,3.077333,3.077333,1
69009,PILOT #1140,US-287,Rhome,TX,33.078895,-97.493199,3.175667,3.175667,3.175667,1
69010,PILOT TRAVEL CENTER #1023,US-69 & US-59/SR-287,Lufkin,TX,31.322904,-94.729026,3.659000,3.659000,3.659000,1
69013,SPEEDWAY #7124,US-231/SR-10,Lebanon,TN,36.199381,-86.344634,3.024000,3.024000,3.024000,1
69014,SPEEDWAY #4100,"I-94, EXIT 308 & US-41",Milwaukee,WI,43.063348,-87.966695,3.599000,3.599000,3.599000,1
69015,Joe's Kwik Mart,"I-75, EXIT 7 & US-11 & US-64",Chattanooga,TN,35.065958,-85.248386,3.149000,3.149000,3.149000,1
69016,SPEEDWAY #7606,"I-75, EXIT 25",Corbin,KY,36.931584,-84.100790,3.519000,3.519000,3.519000,1
69017,SHELL,US-71 & SR-511,Bossier City,LA,32.523674,-93.655426,2.999000,2.999000,2.999000,1
69021,SWEET CRUDE TRAVEL CENTER,HWY 85 & SR 200,Grassy Butte,ND,47.392514,-103.247966,3.640667,3.640667,3.640667,1
69027,SPINX #134 (DISCOUNT AVAILABLE),SR-55 & 418,Simpsonville,SC,34.729034,-82.257523,3.065667,3.065667,3.065667,1
69028,LOVES TRAVEL STOP #427,"I-75, EXIT 51",Dayton,OH,39.784743,-84.199632,3.319000,3.319000,3.319000,1
69029,LOVES TRAVEL STOP #461,"I-70, EXIT 246A",Saint Louis,MO,38.635699,-90.244582,3.114000,3.114000,3.114000,1
69030,LOVES TRAVEL STOP #424,"I-20, EXIT 51",Lexington,SC,33.992877,-81.221797,3.407333,3.407333,3.407333,1
69031,LOVES TRAVEL STOPS #492,"I-20, EXIT 42 & US-285",Pecos,TX,31.471918,-103.701761,3.452000,3.449000,3.455000,2
69036,REFUEL #1038,US-15 & SR-151,Hartsville,SC,34.366003,-80.083261,3.365667,3.365667,3.365667,1
69037,CIRCLE K #2723192,US-64 & US-421,Siler City,NC,35.726107,-79.455674,2.949000,2.949000,2.949000,1
69038,REFUEL #1028,US-421/US-52 & US-15,Society Hill,SC,34.509815,-79.853535,3.399000,3.399000,3.399000,1
69041,SPEEDWAY #7960,US-258/US-13,Farmville,NC,35.595026,-77.590618,2.899000,2.899000,2.899000,1
69042,Joes Kwik Mart #7012,US-17/701,Georgetown,SC,33.372432,-79.280793,2.999000,2.999000,2.999000,1
69043,KWIK TRIP #204,"US-51, EXIT 188",Wausau,WI,44.961766,-89.646538,3.332333,3.332333,3.332333,1
69045,TA BRUNSWICK #6258,"I-95, EXIT 29",Brunswick,GA,31.136149,-81.466936,3.460667,3.460667,3.460667,1
69046,SPEEDWAY #6303,"I-96, EXIT 4 & US-31",Muskegon,MI,43.226540,-86.257247,3.327000,3.279000,3.379000,5
69047,SPEEDWAY #7461,I-294 & SR-50/SR-31,Alsip,IL,41.670270,-87.737085,3.219000,3.219000,3.219000,1
69048,QUICK FUEL #2104,"I-74, EXIT 11",Indianapolis,IN,39.776664,-86.145935,3.662333,3.662333,3.662333,1
69049,CIRCLE K #2741787,"I-440, EXIT 7 & US-165",North Little Rock,AR,34.781752,-92.235057,3.369000,3.369000,3.369000,1
69051,PILOT TRAVEL CENTER #1225,"I-64, EXIT 23 & SR-4",Mascoutah,IL,38.518115,-89.800041,3.839000,3.799000,3.859000,3
69052,PILOT DEALER #1193,US-93,Wikieup,AZ,34.693034,-113.599504,3.869000,3.839000,3.899000,2
69053,PILOT DEALER #1192,US-60,Wittmann,AZ,33.774957,-112.525091,4.899000,4.899000,4.899000,2
69055,PILOT TRAVEL CENTER #1058,US-301 & SR-200,Waldo,FL,29.792038,-82.166931,3.799000,3.799000,3.799000,2
69057,MACH ONE FOOD SHOP #18,US-45/SR-15,Fairfield,IL,38.380632,-88.372524,3.744000,3.729000,3.759000,2
69058,FOOD N FUEL,SR-53,Joliet,IL,41.517701,-88.148846,3.549000,3.499000,3.599000,2
69059,LOVES TRAVEL STOP #530,"I-20, EXIT 147",Moody,AL,33.603429,-86.493786,3.175667,3.175667,3.175667,1
69061,SPINX #125 (DISCOUNT AVAILABLE),US-25 & SR-331,Piedmont,SC,34.705617,-82.466746,3.065667,3.065667,3.065667,1
69064,DUCK THRU #7,US-258,Rich Square,NC,36.273942,-77.283906,3.699000,3.699000,3.699000,1
69067,AP FUEL STOP,"I-75, EXIT 120",Lima,OH,40.740679,-84.112091,3.080667,3.080667,3.080667,1
69069,SPINX #179 (DISCOUNT AVAILABLE),SR-291,Greenville,SC,34.836902,-82.362997,3.799000,3.799000,3.799000,1
69073,LOVES TRAVEL CENTER #518,"I-15, EXIT 260 & SR-77",Springville,UT,40.164273,-111.619525,3.749000,3.689000,3.809000,2
69076,A PLUS MINI MARKET,"I-95, MM 82",Aberdeen,MD,39.516403,-76.174518,3.832333,3.832333,3.832333,1
69077,FLYING J #554,"I-37, EXIT 56",George West,TX,28.330000,-98.118304,3.199000,3.199000,3.199000,1
69078,PILOT #559,"I-20, EXIT 178",Big Spring,TX,32.238341,-101.485739,3.659000,3.659000,3.659000,1
69079,Circle K #2746432,SR-2,Stanley,ND,48.313784,-102.397321,3.549000,3.549000,3.549000,1
69084,TIGER MART #79,SR-287 & FM-664,Waxahachie,TX,32.402480,-96.844493,2.849000,2.849000,2.849000,1
69085,FATDOGS OGALLALA,"US-80, EXIT 126 & US-26/SR-61",Ogallala,NE,41.129595,-101.720677,3.014000,3.014000,3.014000,1
69088,SPEEDWAY #3478,US-9 & SR-184,Perth Amboy,NJ,40.520160,-74.271331,3.419000,3.419000,3.419000,1
69091,SPEEDWAY #6670,US-36/SR-67,Indianapolis,IN,39.776664,-86.145935,3.229000,3.229000,3.229000,1
69095,JACKSONS FOOD STORE #23,"SR-395, EXIT 78",Reno,NV,39.549097,-119.849907,3.999000,3.999000,3.999000,1
69096,SPEEDWAY #2907,US-62 & SR-18,Hermitage,PA,41.229552,-80.440704,3.937333,3.937333,3.937333,1
69097,CIRCLE K #2741192,"I-30, EXIT 42B & SR-180",Dallas,TX,32.793333,-96.766513,2.899000,2.899000,2.899000,1
69098,CIRCLE K #2741318,SR-285 & CR-160,Dripping Springs,TX,30.195936,-98.093701,3.049000,3.049000,3.049000,1
69099,LOVES TRAVEL STOP #523,"I-10, EXIT 92",Rayne,LA,30.240513,-92.267335,3.149000,3.149000,3.149000,1
69100,DADS NORTH YELLOWSTONE,US-26,Idaho Falls,ID,43.488851,-112.036297,3.599000,3.599000,3.599000,1
69101,BROMPTON VALERO,"I-20, EXIT 147 WEST",Moody,AL,33.603429,-86.493786,3.122333,3.122333,3.122333,1
69102,CIRCLE K #4701445,"I-57, EXIT 250 & US-36",Rantoul,IL,40.302560,-88.154880,3.699000,3.599000,3.799000,2
69103,LOVES TRAVEL STOP #539,US-385 & FM-1910,Andrews,TX,32.321336,-102.551846,3.689000,3.689000,3.689000,1
69104,QUIKTRIP #970,SR-12 & SR-180,Dallas,TX,32.793333,-96.766513,2.975667,2.975667,2.975667,1
69106,SPINX #201,"I-185, EXIT 1A, I-385, EXIT 30",Simpsonville,SC,34.729034,-82.257523,2.965667,2.965667,2.965667,1
69109,SHEETZ #497,"I-99, EXIT 15 & US-220 (BUSINESS)",Claysburg,PA,40.291448,-78.451419,3.644000,3.644000,3.644000,1
69110,SHEETZ #498,US-22/US-119,Blairsville,PA,40.432490,-79.259881,3.527333,3.527333,3.527333,1
69112,LOVES TRAVEL STOP #529,"I-39, EXIT 54",Oglesby,IL,41.293210,-89.071036,3.489000,3.389000,3.589000,3
69115,BP,"I-90, EXIT 387/CR-151",Hartford,SD,43.619540,-96.936994,2.977333,2.977333,2.977333,1
69117,SPEEDWAY #6395,US-24 & SR-64,Waterville,OH,41.501971,-83.736852,3.699000,3.699000,3.699000,1
69119,CIRCLE K #2741217,"I-24, EXIT 242 & US-550/SR-24",Bernalillo,NM,35.312363,-106.554104,3.525667,3.525667,3.525667,1
69122,DOUBLE QUICK #61,US-82,Leland,MS,33.404834,-90.890925,3.299000,3.299000,3.299000,1
69123,LATTA TRAVEL STOP,SR-1,Ada,OK,34.767914,-96.669114,3.107333,3.107333,3.107333,1
69124,LOVES TRAVEL STOP #467,"I-95, EXIT 131 & SR-68",Fort Pierce,FL,27.426112,-80.342488,3.505667,3.505667,3.505667,1
69125,TA BROOKLYN,"I-80, EXIT 197",Brooklyn,IA,41.732052,-92.444981,3.819000,3.819000,3.819000,1
69127,TALL TIMBERS TRUCK STOP,"I-55, EXIT 46 & SR-16",Amite,LA,30.732164,-90.515286,2.999000,2.999000,2.999000,1
69128,BEACON & BRIDGE #34,"US-127, EXIT 194 & SR-55",Houghton Lake,MI,44.301067,-84.749865,3.399000,3.399000,3.399000,1
69132,PILOT #1001,US-67 & SR-137,Big Lake,TX,31.194112,-101.453406,4.059000,4.059000,4.059000,1
69133,PILOT TRAVEL CENTERS #557,US-180 & US-62,Hobbs,NM,32.729088,-103.160828,3.729000,3.729000,3.729000,1
69134,LOVES TRAVEL STOP #486,"I-40 & US-270, EXIT 166",Choctaw,OK,35.484983,-97.269942,3.337333,3.337333,3.337333,1
69135,SPEEDWAY #8013,"I-70, EXIT 21",Brookville,OH,39.839533,-84.417347,3.340667,3.340667,3.340667,1
69137,CIRCLE K #2741564,"I-35/US-77, EXIT 338B",Waco,TX,31.557994,-97.189750,2.889000,2.889000,2.889000,1
69139,CIRCLE K #2741545,SR-72 & US-87,Cuero,TX,29.102727,-97.287092,3.099000,3.099000,3.099000,1
69141,LOVES TRAVEL STOP #558,US-283 & US-400/US-56,Dodge City,KS,37.760677,-100.018438,3.789000,3.789000,3.789000,1
69142,LOVES TRAVEL STOP #517,"I-70, EXIT 26 & US-50/6",Grand Junction,CO,39.089062,-108.567452,3.989000,3.989000,3.989000,1
69143,MACH 1 #21,US-45 & SR-34,Harrisburg,IL,37.737717,-88.545818,3.689000,3.689000,3.689000,1
69144,STRIPES 7FLEET #42530,SR-71 & SR-16,Llano,TX,30.751007,-98.676524,3.232333,3.232333,3.232333,1
69145,SPEEDWAY #9561,"I-77, EXIT 132",Ripley,WV,38.821616,-81.709312,3.499000,3.499000,3.499000,1
69146,DRUMS FUEL STOP,I-80 EXIT 262,Drums,PA,41.018139,-75.994925,3.569000,3.569000,3.569000,1
69149,BLU STATION- LAMAR AVE,"I-240, EXIT 30",Memphis,TN,35.109026,-89.967455,2.969000,2.969000,2.969000,1
69150,BLU STATION,"I-70, EXIT 66 & SR-267",Plainfield,IN,39.693193,-86.371985,3.479000,3.479000,3.479000,1
69151,PILOT TRAVEL CENTER #592,"I-70, EXIT 26 & US-50",Grand Junction,CO,39.089062,-108.567452,3.999000,3.999000,3.999000,2
69152,LOVES TRAVEL STOP #557,"US-64/167, EXIT 44 & SR-367",Searcy,AR,35.241134,-91.735223,3.362333,3.362333,3.362333,1
69153,Pilot Travel Center #1550,"I-65, EXIT 304 & SR-69/CR-437",Cullman,AL,34.176870,-86.840656,3.859000,3.859000,3.859000,2
69155,PILOT TRAVEL CENTERS #1004,"I-35, EXIT 214 & US-60",Tonkawa,OK,36.670589,-97.315028,3.595667,3.595667,3.595667,1
69156,BLU STATION,"I-55, EXIT 5A",Memphis,TN,35.109026,-89.967455,2.969000,2.969000,2.969000,1
69159,EXXON,US-15 & SR-49,Lawrenceville,PA,41.996136,-77.130392,3.699000,3.699000,3.699000,1
69162,Shell,US-20 & SR-15,Goshen,IN,41.573884,-85.829986,3.549000,3.549000,3.549000,1
69163,CUBBYS #406,"I-229, EXIT 9 & SR-115",Sioux Falls,SD,43.540696,-96.731962,3.099000,3.099000,3.099000,1
69164,CIRCLE K #2741557,US-190 & SR-195 & SR-3470,Killeen,TX,31.077669,-97.731952,2.762333,2.762333,2.762333,1
69165,EL TIPI QUICK STOP,US-283 & SR-15,Shattuck,OK,36.264970,-99.877431,3.232333,3.232333,3.232333,1
69167,HOBO TRUCK STOP 2,US-50/400 & US-83,Garden City,KS,37.975022,-100.850870,3.399000,3.399000,3.399000,1
69168,STRIPES 7FLEET #42470,I-20 EXIT 324 & CR-134,Cisco,TX,32.387425,-98.981920,3.127333,3.127333,3.127333,1
69169,LAMBOS #5,"I-57, EXIT 212 & SR-36/CR-950",Tuscola,IL,39.795912,-88.275483,3.229000,3.229000,3.229000,1
69170,SPEEDWAY #9381,US-50 & SR-14,Parkersburg,WV,39.261278,-81.543350,3.464000,3.464000,3.464000,1
69171,KWIK STAR #215,US-61,Davenport,IA,41.556820,-90.603948,3.649000,3.649000,3.649000,1
69172,KWIK TRIP #210,"US-53, EXIT 90",Eau Claire,WI,44.818343,-91.494769,3.407333,3.407333,3.407333,1
69173,KWIK TRIP #231,US-61 & SR-310,Boscobel,WI,43.147132,-90.705141,3.474000,3.474000,3.474000,1
69174,KWIK TRIP #860,SR-17,Rhinelander,WI,45.636129,-89.425517,3.452333,3.452333,3.452333,1
69175,KWIK TRIP #854,US-212 & CR-33,Norwood Young America,MN,44.772107,-93.917287,3.674000,3.674000,3.674000,1
69176,FLYING J TRAVEL PLAZA #1015- TOWN PUMP,SR-200/SR-16 & CR-123,Sidney,MT,47.715456,-104.167161,3.384000,3.384000,3.384000,1
69177,LOVES TRAVEL STOP #426,"I-80, EXIT 34",Shelby,IA,41.505574,-95.449363,3.649000,3.649000,3.649000,1
69178,LOVES TRAVEL STOP #495,"I-75, EXIT 143 & CR-78",North Fort Myers,FL,26.717956,-81.845811,3.789000,3.789000,3.789000,1
69182,XtraMart #1513,"I-87, EXIT 10 & US-9",Clifton Park,NY,42.858993,-73.822974,3.899000,3.899000,3.899000,1
69183,SPEEDWAY #7611,"I-71, EXIT 65 & SR-435",Jeffersonville,OH,39.653439,-83.551562,3.229000,3.229000,3.229000,1
69185,LOVES TRAVEL STOPS #560,US-258 & US-58,Franklin,VA,36.684014,-76.941396,3.889000,3.889000,3.889000,2
69186,LOVES TRAVEL STOP #551,US-20 & CR-127,Angola,IN,41.641090,-85.010973,3.889000,3.889000,3.889000,1
69187,LOVES TRAVEL STOP #559,US-82 & US-49,Indianola,MS,33.448896,-90.643752,3.315667,3.315667,3.315667,1
69188,PILOT TRAVEL CENTER #1013-TOWN PUMP,"I-90, EXIT 298",Belgrade,MT,45.778662,-111.177147,3.630667,3.630667,3.630667,1
69189,LOVES TRAVEL STOP #542,"I-10, EXIT 261/US-67 & I-10 BUS",Fort Stockton,TX,30.892574,-102.884210,3.649000,3.649000,3.649000,1
69190,LOVES TRAVEL STOP #561,"I-10, EXIT 70 & US-90 & SR-285",Defuniak Springs,FL,30.712522,-86.119692,3.609000,3.609000,3.609000,1
69193,Certified Oil #400305,SR-2 & SR-7,New Martinsville,WV,39.645553,-80.862670,3.317333,3.317333,3.317333,1
69194,CHESAPEAKE HOUSE SUNOCO,"I-95, EXIT 97",North East,MD,39.608037,-75.941655,3.832333,3.832333,3.832333,1
69200,BECKS EXPRESS MART #22,"I-55, EXIT 126",Lincoln,IL,40.150678,-89.370273,3.299000,3.299000,3.299000,1
69201,CASEYS #3654,SR-210,Brainerd,MN,46.355269,-94.198372,3.445667,3.445667,3.445667,1
69203,SPEEDWAY #1414,US-45,Mokena,IL,41.529863,-87.877710,3.339000,3.339000,3.339000,1
69207,CIRCLE K #2705988,"I-10, EXIT 209A & US-90/SR-10",Tallahassee,FL,30.453529,-84.252272,3.619000,3.619000,3.619000,1
69211,KWIK TRIP #213,"I-35/US-61, EXIT 139 & CR-19",Stacy,MN,45.395404,-92.985974,3.377333,3.377333,3.377333,1
69213,Circle K #2741498,SR-72 & SR-16,Tilden,TX,28.459855,-98.548677,3.199000,3.199000,3.199000,1
69214,MAVERIK #5031,"I-70, EXIT 90 & US-24",Rifle,CO,39.537565,-107.770344,3.462333,3.462333,3.462333,1
69215,GASWAY,US-1,North Brunswick,NJ,40.450392,-74.479416,3.159000,3.159000,3.159000,1
69217,Circle K #4705624,"I-76, EXIT 2 & US-224",Seville,OH,41.020710,-81.867141,3.065667,3.065667,3.065667,1
69218,DANDY MINI MART #58,"I-86, EXIT 41 & US-17/15",Campbell,NY,42.235043,-77.193694,3.949000,3.899000,3.999000,2
69220,CIRCLE K #2705097,"I-275, EXIT 2 & US-41",Palmetto,FL,27.525050,-82.574964,3.699000,3.699000,3.699000,1
69221,PILOT TRAVEL CENTER #483,"I-80, EXIT 112 & SR-47",Morris,IL,41.380229,-88.424332,3.799000,3.799000,3.799000,1
69222,PILOT TRAVEL CENTERS #1003,US-287 & US-283,Childress,TX,34.435452,-100.282382,3.799000,3.799000,3.799000,1
69223,LOVES TRAVEL STOP #566,"US-231/CR-53, EXIT 12",Ozark,AL,31.451615,-85.645035,3.989000,3.989000,3.989000,1
69226,STRIPES #40812,US-77,Odem,TX,27.946241,-97.587518,3.199000,3.199000,3.199000,1
69228,QUIKTRIP #993,"I-20, EXIT 501 & SR-34",Terrell,TX,32.735347,-96.286437,2.870667,2.870667,2.870667,1
69229,SPEEDWAY #7154,"I-40, EXIT 87 & US-70",Jackson,TN,35.654148,-88.834972,3.399000,3.399000,3.399000,1
69230,JOES KWIK MARTS #6013,SR-16 & SR-73,Denver,NC,35.545552,-81.044706,3.189000,3.189000,3.189000,1
69233,PILOT TRAVEL CENTER #597,US-23 & US-50,Chillicothe,OH,39.340502,-82.996102,3.799000,3.799000,3.799000,1
69234,KWIK TRIP #220,US-53/SR-194,Duluth,MN,46.774458,-92.134135,3.499000,3.499000,3.499000,1
69235,KWIK TRIP #203,US-2 & SR-35,Superior,WI,46.692119,-92.080356,3.339000,3.339000,3.339000,1
69236,KWIK TRIP #225,SR-54/SR-55,Seymour,WI,44.514416,-88.327340,3.390667,3.390667,3.390667,1
69237,KWIK TRIP #239,"I-43, EXIT 50 & SR-164",Big Bend,WI,42.883895,-88.203596,3.332333,3.332333,3.332333,1
69238,KWIK TRIP #242,"US-41, EXIT 97",Fond Du Lac,WI,43.772182,-88.440264,3.340667,3.340667,3.340667,1
69239,LOVES TRAVEL STOP #580,SR-20/157 & SR-133,Tuscumbia,AL,34.718502,-87.702586,3.849000,3.849000,3.849000,1
69245,SPEEDWAY #7946,SR-24,Newport,NC,34.770703,-76.879076,3.699000,3.699000,3.699000,1
69250,MAVERIK #5150,"I-25, EXIT 278 & SR-1",Wellington,CO,40.700703,-105.005699,3.199000,3.199000,3.199000,1
69252,SPEEDWAY #6977,SR-96,Youngsville,NC,36.019555,-78.485861,2.952333,2.952333,2.952333,1
69255,THE LANDING,US-82,Greenwood,MS,33.512460,-90.198963,3.199000,3.199000,3.199000,1
69257,CATARINA ONE STOP,US-83,Catarina,TX,28.350178,-99.615258,3.024000,3.024000,3.024000,1
69258,TEX-BEST #525,"I-37, EXIT 109 & SR-97",Pleasanton,TX,28.964207,-98.495690,3.099000,3.099000,3.099000,1
69259,SPEEDWAY #7162,US-74/SR-311,Cleveland,TN,35.180044,-84.871288,3.449000,3.449000,3.449000,1
69261,THORNTONS #314,SR-83,Bensenville,IL,41.958011,-87.943825,3.439000,3.409000,3.459000,3
69263,LOVES TRAVEL STOP #564,US-82 & SR-50 & SR-12,Columbus,MS,33.508208,-88.407128,3.249000,3.249000,3.249000,1
69288,KWIK STAR #207,"US-61, EXIT 311B & US-30",De Witt,IA,41.822712,-90.544087,3.624000,3.624000,3.624000,1
69289,KWIK TRIP #224,"I-35, EXIT 254",Duluth,MN,46.774458,-92.134135,3.499000,3.499000,3.499000,1
69290,LOVES TRAVEL STOP #587,"I-41/US-45, EXIT 97",Fond Du Lac,WI,43.772182,-88.440264,3.445667,3.445667,3.445667,1
69291,LOVES TRAVEL STOP #581,"I-70, EXIT 56 & US-89",Salina,UT,38.938815,-111.865194,3.705667,3.705667,3.705667,1
69294,KWIK TRIP #317,"I-90, EXIT 28 & SR-16",Sparta,WI,43.938249,-90.812705,3.242333,3.242333,3.242333,1
69296,KWIK TRIP #234,"I-35, EXIT 239",Cloquet,MN,46.725070,-92.501330,3.319000,3.319000,3.319000,1
69297,KWIK TRIP #241,"US-51, EXIT 208 & SR-64",Merrill,WI,45.180635,-89.700339,3.407333,3.407333,3.407333,1
69299,SPEEDWAY #7912,US-421/SR-16,Wilkesboro,NC,36.142425,-81.176895,3.134000,3.134000,3.134000,1
69300,SPEEDWAY #8262,SR-306 & SR-55,Grantsboro,NC,35.144868,-76.844682,3.440667,3.440667,3.440667,1
69301,SPEEDWAY #6969,US-264 & SR-99,Belhaven,NC,35.542961,-76.623111,3.197333,3.197333,3.197333,1
69305,ROAD RANGER #268,"I-64, EXIT 130 & SR-1",Grayville,IL,38.255135,-87.996927,3.799000,3.799000,3.799000,1
69306,PILOT TRAVEL CENTER #500,"I-75, EXIT 460 & SR-6",Jasper,FL,30.455935,-82.934214,3.369000,3.369000,3.369000,1
69307,LOVES TRAVEL STOP #578,I-55 EXIT 30 & SR-140,Hamel,IL,38.892463,-89.838728,3.526500,3.419000,3.689000,4
69308,LOVES TRAVEL STOP #535,SR-283,Middletown,PA,40.644006,-75.324584,3.759000,3.759000,3.759000,1
69309,PILOT TRAVEL CENTER #1012,"US-218, EXIT 42B & US-34",Mount Pleasant,IA,40.962205,-91.547162,3.565667,3.565667,3.565667,1
69310,PILOT TRAVEL CENTER #1006,"I-10, EXIT 456 & US-377",Junction,TX,30.490759,-99.773222,3.599000,3.599000,3.599000,1
69311,GOLDEN GATE TRUCKSTOP HAWTHORNE,US-95/SR-362,Hawthorne,NV,38.525267,-118.626031,4.079000,4.079000,4.079000,1
69312,ONVO TRAVEL PLAZA - DUNCANNON,US-11/15,Duncannon,PA,40.395178,-77.027730,3.552333,3.552333,3.552333,1
69313,PETERSONS DIESEL FUELING,"I-5, EXIT 156",Seattle,WA,47.619335,-122.351538,4.399000,4.399000,4.399000,1
69314,Circle K #4706799,"I-55, EXIT 283 & SR-43",Bridgeview,IL,41.740281,-87.806644,3.919000,3.919000,3.919000,1
69315,ROAD RANGER #269,"I-70, EXIT 147 & SR-1",Marshall,IL,39.399532,-87.691168,3.335667,3.249000,3.449000,3
69318,FUEL ONE,US-9 & SR-35,Avenel,NJ,40.584334,-74.271626,3.372333,3.372333,3.372333,1
69319,SPEEDWAY #8190,US-117/13 BYP S,Goldsboro,NC,35.378226,-77.971869,3.599000,3.599000,3.599000,1
69321,CIRCLE K #2741546,US-90,Gonzales,TX,29.512549,-97.447205,2.875667,2.875667,2.875667,1
69322,SHELL SERVICE STATION,"I-10, EXIT 828 & SR-73",Winnie,TX,29.816716,-94.380673,3.232333,3.232333,3.232333,1
69324,CIRCLE K #4707006,"I-95, EXIT 302 & US-1",Houlton,ME,46.121447,-67.832210,3.899000,3.899000,3.899000,1
69330,KWIK TRIP #292,"I-43, EXIT 183",Green Bay,WI,44.521542,-87.986568,3.390667,3.390667,3.390667,1
69333,SPEEDWAY #3578,"US-131, EXIT 64",Wayland,MI,42.673081,-85.641727,3.599000,3.499000,3.699000,3
69336,SPEEDWAY #7148,"I-40, EXIT 232 & SR-109",Lebanon,TN,36.199381,-86.344634,2.922333,2.922333,2.922333,1
69338,SPEEDWAY #6139,US-30 & SR-13,Pierceton,IN,41.199266,-85.703116,3.729000,3.729000,3.729000,1
69339,SPEEDWAY #9383,"I-75, EXIT 29 & SR-63",Monroe,OH,39.445990,-84.365772,3.202333,3.202333,3.202333,1
69341,CIRCLE K #2741067,"I-410/US-281, EXIT 41",San Antonio,TX,29.462809,-98.524635,2.899000,2.899000,2.899000,1
69342,WARREN OIL,"I-90, EXIT 3 & US-41 & SR-912",Hammond,IN,41.618736,-87.494949,3.439000,3.439000,3.439000,1
69344,CIRCLE K #2741078,SR-97 & SR-123,Stockdale,TX,29.235974,-97.963888,3.079000,3.079000,3.079000,1
69345,RUTTERS #20,"I-76, EXIT 247 & I-283, EXIT 1A",Middletown,PA,40.644006,-75.324584,3.822333,3.822333,3.822333,1
69346,D AND C FUEL SALES,US-6 & CR-4019,Tunkhannock,PA,41.541084,-75.949058,3.699000,3.699000,3.699000,1
69353,SPEEDWAY #2910,"I-79, EXIT 55",Pittsburgh,PA,40.439936,-79.975676,3.909000,3.909000,3.909000,1
69354,CIRCLE K #4702411,US-36,Danville,IN,39.758812,-86.495282,3.789000,3.789000,3.789000,1
69362,HART MARATHON,US-31,Hart,MI,43.696618,-86.367269,3.474000,3.449000,3.499000,2
69365,Circle K #4703911,SR-109 & SR-52,Portland,TN,36.597486,-86.526621,2.959000,2.959000,2.959000,1
69369,SPEEDWAY #2912,SR-65,Baden,PA,40.639695,-80.222537,3.912333,3.912333,3.912333,1
69374,7-ELEVEN #40558,SR-6 & CR-185,Woodway,TX,31.498334,-97.230789,2.985667,2.985667,2.985667,1
69377,CIRCLE K #4705628,SR-21 & SR-585,Barberton,OH,41.006903,-81.604390,3.582333,3.582333,3.582333,1
69379,Kum & Go #0535,US-6 & US-65,Des Moines,IA,41.572590,-93.610243,2.987333,2.987333,2.987333,1
69380,CASEYS #2967,SR-43 & SR-2,Bennet,NE,40.681727,-96.503932,3.229000,3.229000,3.229000,1
69384,KWIK TRIP #209,"US-41, EXIT 148 & SR-55",Kaukauna,WI,44.276791,-88.263857,3.369000,3.369000,3.369000,1
69390,MINIT MART #600625,"I-57, EXIT 283 & US-24",Gilman,IL,40.760528,-88.000916,3.444000,3.399000,3.489000,2
69392,LOVES TRAVEL STOP #600,"I-69, EXIT 214",Pendleton,IN,40.005799,-85.771420,3.575667,3.575667,3.575667,1
69393,LOVES TRAVEL STOP #594,US-35 & SR-850,Bidwell,OH,38.920936,-82.285388,3.849000,3.849000,3.849000,1
69394,SPEEDWAY #3424,"I-75, EXIT 73 & SR-55",Troy,OH,40.043891,-84.219530,3.135667,3.135667,3.135667,1
69395,SPEEDWAY #3766,US-52,Indianapolis,IN,39.776664,-86.145935,3.599000,3.599000,3.599000,1
69396,SPEEDWAY #7158,"I-40, EXIT 320 & SR-98",Crossville,TN,35.953422,-85.030249,3.072333,3.072333,3.072333,1
69397,SPEEDWAY #7163,"I-40/US-412, EXIT 85",Jackson,TN,35.654148,-88.834972,3.349000,3.349000,3.349000,1
69398,SPEEDWAY #7114,"I-75, EXIT 4, SR-153, EXIT 1 & US-64/US-11",Chattanooga,TN,35.065958,-85.248386,3.082333,3.082333,3.082333,1
69399,SPEEDWAY #7147,"I-75, EXIT 49 & SR-30",Athens,TN,35.456809,-84.604522,3.349000,3.349000,3.349000,1
69400,CASEYS #4411,US-641 & SR-58,Benton,KY,36.848003,-88.361650,3.199000,3.199000,3.199000,1
69401,CASEYS #3205,"I-29, EXIT 47 & US-275/SR-92",Council Bluffs,IA,41.235987,-95.853163,3.599000,3.599000,3.599000,1
69402,SHELL,"I-71, EXIT 151 & SR-95",Mount Gilead,OH,40.554047,-82.827904,3.759000,3.759000,3.759000,1
69403,SHORTYS ONE STOP,US-83/12/SR-20,Selby,SD,45.505730,-100.032904,3.089000,3.089000,3.089000,1
69405,FLYING J #551,"I-20, EXIT 330 & SR-206",Cisco,TX,32.387425,-98.981920,3.142333,3.142333,3.142333,1
69407,Cenex,US-14/CR-812 & US-83,Blunt,SD,44.515940,-99.988556,3.101500,3.101500,3.101500,1
69410,LOVES TRAVEL STOP #602,"I-90, EXIT 67B",Box Elder,SD,44.110941,-103.081066,3.989000,3.989000,3.989000,1
69412,CIRCLE K #4705724,US-127 & CR-144,Paulding,OH,41.142663,-84.582657,3.699000,3.699000,3.699000,1
69413,ASAP GENERAL STORE #300,"I-40, EXIT 66 & US-183",Clinton,OK,35.507101,-98.970503,3.149000,3.149000,3.149000,1
69414,FLEX MARKET,"I-65 EXIT20, US-31 W EXIT 4",Bowling Green,KY,36.975653,-86.435962,2.999000,2.999000,2.999000,1
69416,CIRCLE K #2740541,HWY 90,Roans Prairie,TX,30.584366,-95.943842,3.072333,3.072333,3.072333,1
69417,LOVLEN FOODS,US-58 & SR-615,Drewryville,VA,36.715705,-77.306360,3.049000,3.049000,3.049000,1
69421,CIRCLE K #2741257,"I-10, EXIT 19B",El Paso,TX,31.847780,-106.431106,2.915667,2.915667,2.915667,1
69423,FAST MARKET #4574,SR-375 & CR-258,El Paso,TX,31.847780,-106.431106,2.905667,2.905667,2.905667,1
69425,5R TRAVEL CENTER,"I-10, US HWY 180, EXIT 82A",Deming,NM,32.263076,-107.752490,3.049000,3.049000,3.049000,1
69426,LOVES TRAVEL STOP #553,"I-40 E, EXIT 163",Williams,AZ,35.246640,-112.183296,3.595667,3.595667,3.595667,1
69434,CIRCLE K #2741559,US-281 & SR-29,Burnet,TX,30.750600,-98.238227,2.915667,2.915667,2.915667,1
69436,CIRCLE K #2741077,SR-97 & CR-433,Pleasanton,TX,28.964207,-98.495690,2.949000,2.949000,2.949000,1
69437,CountryMark,SR-66,Evansville,IN,37.987737,-87.534705,3.699000,3.699000,3.699000,1
69438,LOVES TRAVEL STOP #585,"I-49/US-71, EXIT 27 & SR-86",Neosho,MO,36.847508,-94.397739,3.397333,3.397333,3.397333,1
69439,LOVES TRAVEL STOP #608,"I-135, EXIT 60 & US-56",Mcpherson,KS,38.369881,-97.664518,3.324000,3.324000,3.324000,1
69440,LOVES TRAVEL STOP #592,US-24 & SR-101,Woodburn,IN,41.128673,-84.850221,3.849000,3.849000,3.849000,1
69441,LOVES TRAVEL STOP #610,"I-20, EXIT 307 & US-283",Baird,TX,32.396067,-99.395993,3.107333,3.107333,3.107333,1
69442,Eagle #51,US-83 & FM-1917,Carrizo Springs,TX,28.525843,-99.859255,3.279000,3.279000,3.279000,1
69446,SUPER SAVE #4,SR-33 & SR-15,Farmerville,LA,32.775105,-92.400519,3.479000,3.479000,3.479000,1
69448,STRIPES #42525,"I-27/US-87, EXIT 2",Lubbock,TX,33.561901,-101.888883,2.957333,2.957333,2.957333,1
69451,LOVES TRAVEL STOP #603,I-95 EXIT 366 AT PECAN PARK RD,Jacksonville,FL,30.336864,-81.661603,3.399000,3.399000,3.399000,1
69452,DANDY MINI MART #5,HWY 6,Towanda,PA,41.770945,-76.446503,3.999000,3.999000,3.999000,1
69453,7-ELEVEN #41033,US-69,Woodville,TX,30.774433,-94.422454,3.149000,3.149000,3.149000,1
69454,SPEEDWAY #6092,"I-65, EXIT 76A & US-31",Taylorsville,IN,39.296476,-85.950274,3.357333,3.357333,3.357333,1
69455,SPEEDWAY #4214,"I-45, EXIT 46 & US-100",Milwaukee,WI,43.063348,-87.966695,3.365667,3.365667,3.365667,1
69458,PEOSTA KWIK STOP,"US-20, EXIT 308",Peosta,IA,42.447714,-90.844315,3.489000,3.489000,3.489000,1
69459,LOVES TRAVEL STOP #583,"I-64, EXIT 27 & SR-161",New Baden,IL,38.536765,-89.707193,3.849000,3.849000,3.849000,1
69462,LOVES TRAVEL STOP #619,"I-59, EXIT 29 & SR-26",Poplarville,MS,30.839699,-89.530092,3.175667,3.175667,3.175667,1
69465,MAVERIK COUNTRY STORE #476,US-59,Gillette,WY,44.272580,-105.498936,3.365667,3.365667,3.365667,1
69467,CIRCLE K #2741547,US-181,Floresville,TX,29.146743,-98.165173,2.995667,2.995667,2.995667,1
69468,TOOT N TOTUM #100,US-83,Perryton,TX,36.392868,-100.797656,2.999000,2.999000,2.999000,1
69469,QUIKTRIP #1110,"I-85, EXIT 60 & US-101",Greer,SC,34.933286,-82.230803,3.085667,3.085667,3.085667,1
69471,Circle K #2741501,"I-37, EXIT 3A",Corpus Christi,TX,27.754252,-97.173385,3.104000,3.104000,3.104000,1
69474,LOVES TRAVEL STOP #577,"I-85, EXIT 22",Shorter,AL,32.411501,-85.972808,3.220667,3.220667,3.220667,1
69475,GUTHRIE TRAVEL CENTER,I-35 EXT 138C,Guthrie,OK,35.876512,-97.408657,2.965667,2.965667,2.965667,1
69477,LOVES TRAVEL STOP #621,US-36 & SR-110,Bevier,MO,39.751433,-92.563880,3.439000,3.439000,3.439000,1
69480,VAN HOOK TRAVEL CENTER,US-23,New Town,ND,47.989075,-102.488305,3.562333,3.562333,3.562333,1
69483,LOVES TRAVEL STOP #607,"US-63, EXIT 40 & SR-463",Jonesboro,AR,35.819755,-90.679033,3.439000,3.439000,3.439000,1
69484,KWIK TRIP #774,SR-13,Adams,WI,43.955240,-89.816548,3.274000,3.274000,3.274000,1
69485,7-ELEVEN #41036,US-96,San Augustine,TX,31.529899,-94.110894,3.159000,3.159000,3.159000,1
69486,DUCK THRU FOOD STORE #42,SR-186 & SR-305,Seaboard,NC,36.490690,-77.441966,3.299000,3.299000,3.299000,1
69487,CIRCLE K #2742034,"I-35, EXIT 176",Schertz,TX,29.563327,-98.250866,2.794000,2.794000,2.794000,1
69489,SPRINT FOODS #728,SR-38,Bennettsville,SC,34.628218,-79.685958,3.399000,3.399000,3.399000,1
69492,GOOD 2 GO #418,"I-15, EXIT 273 & US-54 & US-91",Mona,UT,39.811804,-111.841529,3.429000,3.429000,3.429000,1
69494,TMI FUEL STOP,SR 1,Port Allen,LA,30.443835,-91.207410,3.065667,3.065667,3.065667,1
69495,QUIKTRIP #72,US-69 & US-62,Muskogee,OK,35.743797,-95.356405,3.032333,3.032333,3.032333,1
69496,LOVES TRAVEL STOP #601,"I-70, EXIT 115 & SR-109",Knightstown,IN,39.795537,-85.530811,3.949000,3.949000,3.949000,1
69497,MACH ONE FOOD SHOP #10,"I-70 & EXIT 129, SR-49",Casey,IL,39.305420,-87.985307,3.332333,3.199000,3.499000,3
69499,HANKS TRUCK STOP,US-39 & US-30,Hanna,IN,41.412027,-86.779449,3.499000,3.499000,3.499000,1
69500,ROAD RANGER #271,"I-20, EXIT 108",Odessa,TX,31.880461,-102.345314,3.515667,3.515667,3.515667,1
69501,VALLEY COUNTRY STORE,"I-84, EXIT 16B & SR-79",Jerome,ID,42.718095,-114.515791,3.432333,3.432333,3.432333,1
69504,KWIK TRIP #245,SR-42,Plainview,MN,44.164687,-92.169190,3.624000,3.624000,3.624000,1
69505,KWIK TRIP #282,"I-43, EXIT 43 & SR-83",Mukwonago,WI,42.852988,-88.320626,3.337333,3.337333,3.337333,1
69506,KWIK TRIP #290,"I-94/US-41, EXIT 321",Oak Creek,WI,42.878693,-87.898676,3.719000,3.719000,3.719000,1
69508,KWIK TRIP #777,SR-49 & CR-F,Berlin,WI,43.969729,-88.950033,3.425667,3.425667,3.425667,1
69510,CLARK #3121,SR-46 & SR-24,Caro,MI,43.489303,-83.401744,3.399000,3.399000,3.399000,1
69512,LOVES TRAVEL STOP #589,"I-27/US-87, EXIT 8 & FM-2641",Lubbock,TX,33.561901,-101.888883,3.332333,3.332333,3.332333,1
69513,KWIK TRIP #885,WI-29 EXIT 132,Abbotsford,WI,44.943493,-90.317322,3.452333,3.452333,3.452333,1
69514,Flying J #1033,"I-20, EXIT 138 & SR-158",Midland,TX,32.024642,-102.113467,3.565667,3.565667,3.565667,1
69520,SPEEDWAY #2908,SR-51,Perryopolis,PA,40.086831,-79.752596,3.915667,3.915667,3.915667,1
69521,CASEYS #3319,"US-30, EXIT 158",Nevada,IA,42.017490,-93.469674,2.989000,2.989000,2.989000,1
69522,FUEL EXPRESSO 17,"I-35 & EXIT 187, SR-68",Ottawa,KS,38.600080,-95.262777,3.172333,3.172333,3.172333,1
69524,CONCORD XTRAMART,"I-93, EXIT 17 & US-4",Concord,NH,43.232493,-71.561252,3.659000,3.659000,3.659000,1
69525,DILLEY TRUCK STOP,"I-35 & EXIT 85, FM 117",Dilley,TX,28.667517,-99.176465,3.065667,3.065667,3.065667,1
69526,STRIPES 7FLEET #42469,"I-20, US-80 EXIT 15A",Santo,TX,32.605585,-98.213845,2.917333,2.917333,2.917333,1
69527,Exxon,"I-96, EXIT 129",Fowlerville,MI,42.659380,-84.073743,3.749000,3.749000,3.749000,1
69528,KWIK STAR #283,"I-380/US-218/SR-27, EXIT 13",Cedar Rapids,IA,41.965850,-91.678901,3.532333,3.532333,3.532333,1
69530,CIRCLE K #2741030,"I-35, EXIT 160",San Antonio,TX,29.462809,-98.524635,2.999000,2.999000,2.999000,1
69531,Kwik Star#223,"I-35, EXIT 194 & US-18/SR-122",Clear Lake,IA,43.135090,-93.373651,3.079000,3.079000,3.079000,1
69532,JACKSONS FOOD STORE #147,"I-84, EXIT 27/US-20 & SR-19",Caldwell,ID,43.645880,-116.659336,3.579000,3.579000,3.579000,1
69534,CAIRO TRAVEL CENTER,US-84/SR-38,Cairo,GA,30.879229,-84.205505,3.424000,3.424000,3.424000,1
69536,7-ELEVEN #40802,US-87,Nixon,TX,29.269670,-97.765876,3.079000,3.079000,3.079000,1
69541,PILOT #1027,US-385 & CR-E,Vega,TX,35.245302,-102.429247,3.305667,3.305667,3.305667,1
69542,PILOT TRAVEL CENTER #1030,"I-57, EXIT 353",Alsip,IL,41.670270,-87.737085,3.475000,3.359000,3.599000,5
69545,LOVES TRAVEL STOP #628,"I-35E, EXIT 386 & FM-1134",Italy,TX,32.186464,-96.885789,3.102333,3.102333,3.102333,1
69546,KWIK TRIP #186,"I-35, EXIT 183",Hinckley,MN,46.013033,-92.912722,3.352333,3.352333,3.352333,1
69547,KWIK TRIP #297,"US-10, WI-441",Menasha,WI,44.212338,-88.427357,3.490667,3.490667,3.490667,1
69549,KWIK TRIP #178,"I-494, EXIT 64B & SR-156",South Saint Paul,MN,44.888027,-93.040497,3.607333,3.607333,3.607333,1
69550,KWIK TRIP #273,"I-35, EXIT 251B & SR-23",Duluth,MN,46.774458,-92.134135,3.499000,3.499000,3.499000,1
69553,SPEEDWAY #2120,US-30,Oswego,IL,41.683220,-88.338849,3.269000,3.249000,3.299000,3
69554,SPEEDWAY #8047,"I-70, EXIT 104 & SR-9",Greenfield,IN,39.793283,-85.772548,3.599000,3.599000,3.599000,1
69558,CIRCLE K #2741070,FM-1560,San Antonio,TX,29.462809,-98.524635,2.914000,2.914000,2.914000,1
69559,CASEYS #3424,"I-35, EXIT 26 & SR-30",Ellendale,MN,43.872721,-93.299331,3.499000,3.499000,3.499000,1
69560,LOVES TRAVEL STOP #614,"I-40, EXIT 149",Albuquerque,NM,35.104780,-106.646809,3.520667,3.520667,3.520667,1
69561,SPEEDWAY #7156,"I-40/75, EXIT 374 & SR-131",Knoxville,TN,35.970680,-83.949270,3.265667,3.265667,3.265667,1
69562,SPEEDWAY #8796,"I-496, EXIT 11",Lansing,MI,42.714341,-84.560889,3.699000,3.699000,3.699000,1
69563,SPEEDWAY #9651,"I-75, EXIT 104",Lexington,KY,38.040678,-84.458272,3.149000,3.149000,3.149000,1
69564,SPEEDWAY #7106,"I-40, EXIT 280 & SR-56",Baxter,TN,36.153678,-85.634922,3.065667,3.065667,3.065667,1
69565,PILOT #1021,"I-196, EXIT 49",Holland,MI,42.768074,-86.098598,4.049000,3.999000,4.099000,2
69566,PILOT TRAVEL CENTER #1024,"I-80, EXIT 132B & SR-53",Joliet,IL,41.517701,-88.148846,3.799000,3.799000,3.799000,2
69567,KWIK TRIP #166,"I-35, EXIT 214",Moose Lake,MN,46.450299,-92.760955,3.319000,3.319000,3.319000,1
69568,KWIK TRIP #295,SR-26 & SR-59,Milton,WI,42.774675,-88.939991,3.399000,3.399000,3.399000,1
69570,CENEX CONVENIENCE,SR-34 & CR-21,Detroit Lakes,MN,46.807582,-95.846612,3.499000,3.499000,3.499000,1
69572,AC & T GARLAND GROH,I-81 EXIT 7B,Hagerstown,MD,39.640182,-77.722691,3.559000,3.559000,3.559000,1
69573,AC & T Falling Waters,"I-81, EXIT 23",Falling Waters,WV,39.563771,-77.887544,3.849000,3.849000,3.849000,1
69574,LOVES TRAVEL STOP #622,"I-94, EXIT 45 & CR-B",Menomonie,WI,44.889200,-91.909570,3.579000,3.579000,3.579000,1
69575,LOVES TRAVEL STOP #537,"I-68, EXIT 46 & US-220/SR-144",Cumberland,MD,39.651902,-78.758378,4.249000,4.249000,4.249000,1
69576,PILOT #498,US-69/75 & SR-7,Atoka,OK,34.386353,-96.131101,3.499000,3.499000,3.499000,1
69580,GORES TRAVEL PLAZA,US-270/SR-3,Seiling,OK,36.144651,-98.925437,3.149000,3.149000,3.149000,1
69581,BYRNE DAIRY #22,"I-81, EXIT 15 & US-20",La Fayette,NY,42.907651,-76.103328,4.299000,4.299000,4.299000,1
69584,LOVES TRAVEL STOP #648,US-70,Valliant,OK,34.007542,-95.084904,3.099000,3.099000,3.099000,1
69585,LOVES TRAVEL STOP #618,"I-75, EXIT 136 & SR-32",Sadieville,KY,38.387768,-84.551346,3.139000,3.139000,3.139000,1
69587,LAMBOS #3,"I-57, EXIT 190A & SR-16",Mattoon,IL,39.477833,-88.362225,3.399000,3.399000,3.399000,1
69588,FUEL CITY,"I-30, EXIT 52B & US-80",Mesquite,TX,32.759550,-96.584164,2.965667,2.965667,2.965667,1
69589,LOVES TRAVEL STOP #604,I-35 EXIT 157 & SR-33,Guthrie,OK,35.876512,-97.408657,3.319000,3.319000,3.319000,1
69590,LOVES TRAVEL STOP #654,US-81,Union City,OK,35.399523,-97.906705,3.375667,3.375667,3.375667,1
69591,REBEL PLUS #841,"I-75, EXIT 116 & CR-865",Bonita Springs,FL,26.355011,-81.784234,3.539000,3.539000,3.539000,1
69592,SPEEDWAY #6131,"I-465, EXIT 49",Indianapolis,IN,39.776664,-86.145935,3.799000,3.799000,3.799000,1
69594,SPEEDWAY #8480,US-30 & CR-36,Plainfield,IL,41.630301,-88.245282,3.309000,3.279000,3.339000,2
69595,SPEEDWAY #7176,US-31/SR-6,Columbia,TN,35.623804,-87.042514,3.359000,3.359000,3.359000,1
69596,SPEEDWAY #4250,SR-72,Des Plaines,IL,42.034398,-87.901136,3.394000,3.289000,3.499000,2
69597,SPEEDWAY #2918,US-119,Uniontown,PA,39.899302,-79.724529,3.915667,3.915667,3.915667,1
69598,SPEEDWAY #8133,SR-237,Berea,OH,41.370548,-81.861757,3.499000,3.499000,3.499000,1
69599,One9 SPEEDWAY #2917,SR-48 & SR-130,Monroeville,PA,40.426324,-79.761379,3.992333,3.992333,3.992333,1
69601,LOVES TRAVEL STOP #638,US-54,Texhoma,OK,36.505405,-101.787387,3.509000,3.509000,3.509000,1
69605,CASEYS #3305,SR-23 & SR-47,Ogilvie,MN,45.829828,-93.423042,3.371000,3.371000,3.371000,1
69607,PANOLA PINES PLAZA,I-59,Carthage,TX,32.152046,-94.337111,3.139000,3.139000,3.139000,1
69608,STRIPES,FM 1924,Mission,TX,26.204060,-98.325221,3.099000,3.099000,3.099000,1
69611,CUBBYS #2104,CR-131,Shelby,NE,41.194247,-97.426267,3.399000,3.399000,3.399000,1
69612,ROAD RANGER #272,"I-35, EXIT 39 & SR-44",Encinal,TX,28.040475,-99.354489,3.539000,3.539000,3.539000,1
69614,RUTTERS #36,US-15 & SR-234,York Springs,PA,40.009331,-77.115907,4.299000,4.299000,4.299000,1
69615,LOVES TRAVEL STOP #631,US-275/SR-64,Valley,NE,41.311779,-96.355504,3.345667,3.345667,3.345667,1
69616,FLYING J #552,"I-71, EXIT 32 & SR-350",Lebanon,OH,39.425551,-84.213189,3.399000,3.399000,3.399000,1
69618,LOVES TRAVEL STOP #656,US-50/400,Holcomb,KS,37.985983,-100.993619,3.729000,3.729000,3.729000,1
69621,Circle K #2741096,"I-10/US-90, EXIT 591 & FM-1518",Converse,TX,29.512488,-98.304625,2.935667,2.935667,2.935667,1
69625,RUTTERS #34,US-30 & SR-23,Leola,PA,40.092953,-76.188963,4.199000,4.199000,4.199000,1
69626,CASEYS #2860,US-160 & FM-6070,West Plains,MO,36.737430,-91.867957,3.419000,3.419000,3.419000,1
69627,STRIPES #40601,US-83 & FM-2360,Rio Grande City,TX,26.381000,-98.821477,2.995667,2.995667,2.995667,1
69629,SWANTON MOBIL,"I-89, EXIT 21 & SR-78",Swanton,VT,44.924538,-73.119353,3.539000,3.539000,3.539000,1
69630,MANSFIELD TRAVEL PLAZA,SR-175 & SR-509,Mansfield,LA,32.035341,-93.699665,3.019000,3.019000,3.019000,1
69632,Circle K #2709300,US-72/SR-2,Huntsville,AL,34.697720,-86.676670,2.977333,2.977333,2.977333,1
69633,ONE9 EXPRESS FUEL,"I-10, EXIT 42 & FM-1110",Clint,TX,31.590195,-106.228679,2.802333,2.802333,2.802333,1
69636,PETRO WILMINGTON,"I-55, EXIT 240",Wilmington,IL,41.319383,-88.160248,3.471500,3.399000,3.539000,4
69637,PILOT TRAVEL CENTER #1041,SR-64 & CR-23,Carol Stream,IL,41.920346,-88.133223,3.764000,3.699000,3.799000,4
69643,Tex-Best #524,SR-44 E,Alice,TX,27.755616,-98.065812,2.899000,2.899000,2.899000,1
69646,Arco dba One9 #1258,"I-10, EXIT 19",Quartzsite,AZ,33.667507,-114.217041,3.369000,3.359000,3.379000,2
69647,SPEEDWAY #6207,SR-25,Batavia,IL,41.847692,-88.311047,3.649000,3.599000,3.699000,2
69648,BP-GIANT OIL #440,"I-71, EXIT 204 & SR-83",Burbank,OH,40.986232,-81.994840,3.232333,3.232333,3.232333,1
69649,SPEEDWAY #2921,"I-80, EXIT 29 & SR-8",Harrisville,PA,41.136407,-80.010746,3.434000,3.434000,3.434000,1
69651,LOVES TRAVEL STOP #074,SR-19 & SR-76,Lindsay,OK,34.840485,-97.609851,3.090667,3.090667,3.090667,1
69652,LOVES TRAVEL STOP #633,US-30,Plymouth,IN,41.348770,-86.319336,3.849000,3.849000,3.849000,1
69653,LOVES TRAVEL STOP #644,"I-70, EXIT 437 & US-385",Burlington,CO,39.304171,-102.271466,3.889000,3.889000,3.889000,1
69654,LOVES TRAVEL STOP #636,US-169,Nowata,OK,36.699265,-95.637465,3.399000,3.399000,3.399000,1
69657,JIFFY MART,US-7 & SR-22A,Ferrisburgh,VT,44.203133,-73.279196,3.599000,3.599000,3.599000,1
69658,Missouri Travel,"I-29, EXIT 75 & US-30",Missouri Valley,IA,41.559319,-95.902635,3.424000,3.424000,3.424000,1
69659,QUIKTRIP #1092,"I-77, EXIT 77 & US-21/SR-5",Rock Hill,SC,34.938216,-81.019177,3.134000,3.134000,3.134000,1
69662,STRIPES 7FLEET #42472,US-377,Brownwood,TX,31.712856,-98.977053,2.962333,2.962333,2.962333,1
69663,STRIPES #2484,SR-480 & FM-1021,Eagle Pass,TX,28.712803,-100.484812,3.199000,3.199000,3.199000,1
69664,7-ELEVEN #40544,US-281,Lampasas,TX,31.064037,-98.182783,2.915667,2.915667,2.915667,1
69666,7-ELEVEN #40587,SR-21 & FM-150,Maxwell,TX,29.881054,-97.793336,3.152333,3.152333,3.152333,1
69668,LOVES TRAVEL STOP #643,"I-55/57, EXIT 66A & US-60",Sikeston,MO,36.884997,-89.587449,3.549000,3.549000,3.549000,1
69669,LOVES TRAVEL STOP #623,"I-20/SR-349, EXIT 131",Midland,TX,32.024642,-102.113467,3.555667,3.555667,3.555667,1
69670,LOVES TRAVEL STOP #611,"I-90, EXIT B3 & SR-22",Canaan,NY,42.403004,-73.456777,3.984000,3.979000,3.989000,2
69671,LOVES TRAVEL STOP #655,US-83 & SR-96,Scott City,KS,38.478872,-100.903053,3.637333,3.637333,3.637333,1
69672,STRIPES 7FLEET #42507,US-285,Pecos,TX,31.471918,-103.701761,3.379000,3.379000,3.379000,1
69673,QUIKTRIP #1863,"SEC HWY 114, I-35",Roanoke,TX,33.014743,-97.229034,2.975667,2.975667,2.975667,1
69674,WEIGLES #64,"I-75, EXIT 122 & SR-61",Clinton,TN,36.097338,-84.128945,2.995667,2.995667,2.995667,1
69676,SPEEDWAY #8495,"US-19/SR-400, EXIT 12",Alpharetta,GA,34.070866,-84.272650,3.349000,3.349000,3.349000,1
69679,LOVES TRAVEL STOP #627,US-27 & SR-54,Davenport,FL,28.161193,-81.610839,3.552333,3.552333,3.552333,1
69680,PILOT TRAVEL CENTER #1042,I-55 EXIT 283,Bridgeview,IL,41.740281,-87.806644,3.799000,3.799000,3.799000,2
69681,PILOT TRAVEL CENTER #1549,"I-20, EXIT168 & SR-77",Lincoln,AL,33.580169,-86.127876,3.154000,3.109000,3.199000,2
69682,PILOT #1577,"I-75, EXIT 141 & SR-63",Pioneer,TN,36.417580,-84.314099,3.025667,3.025667,3.025667,1
69683,GOOD TO GO #88,"I-55, EXIT 283",Chicago,IL,41.837045,-87.684939,3.619000,3.619000,3.619000,1
69684,KWIK TRIP #140,"SR-29, EXIT 177",Schofield,WI,44.913348,-89.621478,3.424000,3.424000,3.424000,1
69686,CASEYS #3472,SR-125 & SR-78,Virginia,IL,39.952942,-90.210446,3.739000,3.659000,3.799000,3
69687,CASEYS #3470,US-421 & SR-16,Monon,IN,40.864228,-86.878624,3.779000,3.779000,3.779000,1
69688,CASEYS #3431,US-150 & SR-54,Farmer City,IL,40.248118,-88.641811,3.339000,3.339000,3.339000,1
69693,MAVERIK COUNTRY STORE #527,"US-89, EXIT 405",Ogden,UT,41.228391,-111.968147,3.439000,3.439000,3.439000,1
69694,MAVERIK COUNTRY STORE #533,US-91 & SR-101,Wellsville,UT,41.623416,-111.942094,3.444000,3.444000,3.444000,1
69695,MAVERIK COUNTRY STORE #488,"I-15/US-89, EXIT 288",Draper,UT,40.497150,-111.864636,3.445667,3.445667,3.445667,1
69696,MAVERIK COUNTRY STORE #531,"I-80/15, EXIT 305D",Logan,UT,41.740256,-111.841764,3.430667,3.430667,3.430667,1
69698,KUM & GO #0891,I-44 (EASTBOUND),Vinita,OK,36.648772,-95.161001,3.059000,3.059000,3.059000,1
69699,CIRCLE K #2741552,"SR-969, SR-130, EXIT 444",Austin,TX,30.298622,-97.754134,2.932333,2.932333,2.932333,1
69701,PUMP & PANTRY #48,US-30 & SR-25,Fremont,NE,41.439842,-96.487000,3.319000,3.319000,3.319000,1
69702,SPEEDWAY #7159,"I-40/SR-66, EXIT 412",Dandridge,TN,36.030124,-83.429831,3.259000,3.259000,3.259000,1
69703,CIRCLE K #2741831,"I-35, EXIT 8B & SR-20",Laredo,TX,27.560379,-99.489181,2.902333,2.902333,2.902333,1
69707,SUPER S TRAVEL PLAZA,"I-49, EXIT 241",Ida,LA,32.998902,-93.896379,3.059000,3.059000,3.059000,1
69708,TA Express #289,US-59,Nacogdoches,TX,31.612364,-94.652046,3.139000,3.139000,3.139000,1
69709,LOVES TRAVEL STOP #626,US-287,Dumas,TX,35.862020,-101.964972,3.415667,3.415667,3.415667,1
69710,LOVES TRAVEL STOP #625,"I-80, EXIT 59 & SR-17J",Sidney,NE,41.133633,-102.969540,3.472333,3.472333,3.472333,1
69711,PILOT TRAVEL CENTER #1047,"I-295, EXIT 25",Jacksonville,FL,30.336864,-81.661603,3.371500,3.359000,3.384000,2
69712,LOVES TRAVEL STOP #650,"I-84/US-30, EXIT 159",Boardman,OR,45.836507,-119.692793,3.522333,3.522333,3.522333,1
69713,EAGLE #56,"I-45, Exit 189",Teague,TX,31.629487,-96.280818,3.482333,3.482333,3.482333,1
69715,CASEYS #2712,SR-8/SR-14,Superior,NE,40.021734,-98.061836,3.362333,3.362333,3.362333,1
69719,SHEETZ #033,"I-99/US-220, EXIT 41 & SR-865",Altoona,PA,40.508052,-78.401114,3.529000,3.529000,3.529000,1
69720,PILOT TRAVEL CENTER #1046,US-27 & SR-80,South Bay,FL,26.688379,-80.735526,3.799000,3.799000,3.799000,2
69721,MFA,US-36,Brookfield,MO,39.785329,-93.077967,3.249000,3.249000,3.249000,1
69723,SPEEDWAY #5036,I-90 & US-20,Hampshire,IL,42.115607,-88.505165,3.369000,3.369000,3.369000,1
69727,PETRO-CARD 24 #910880,SR-6/13,Gallatin,MO,39.910352,-93.964011,3.299000,3.299000,3.299000,1
69729,MFA OIL,US-63 & HWY E,Queen City,MO,40.411775,-92.566678,3.249000,3.249000,3.249000,1
69731,PETRO-CARD 24 #910561,"I-49, EXIT 102A",Nevada,MO,37.844908,-94.350321,3.349000,3.349000,3.349000,1
69732,PETRO-CARD 24 #911043,US-65,Sedalia,MO,38.706048,-93.234498,3.249000,3.249000,3.249000,1
69735,PETRO-CARD 24 #910200,US-65 & BUS US-36,Chillicothe,MO,39.796079,-93.549957,3.289000,3.289000,3.289000,1
69740,LOVES TRAVEL STOP #613,"I-81, EXIT 24 & SR-80",Meadowview,VA,36.763746,-81.883540,3.599000,3.599000,3.599000,1
69741,LOVES TRAVEL STOP #659,"I-10, EXIT 133B",Tolleson,AZ,33.448370,-112.256012,3.569000,3.569000,3.569000,1
69742,LOVES TRAVEL STOP #630,US-412/64,Enid,OK,36.406702,-97.869861,3.787333,3.787333,3.787333,1
69743,LOVES TRAVEL STOP #647,US-81,Belleville,KS,39.824337,-97.633855,3.815667,3.815667,3.815667,1
69744,LOVES TRAVEL STOP #632,US-54 & US-83,Liberal,KS,37.046108,-100.927706,3.665667,3.665667,3.665667,1
69745,PILOT #1070,"I-40/US-54, EXIT 277 & US-84",Santa Rosa,NM,34.936051,-104.675021,3.462333,3.462333,3.462333,1
69746,Maverik Country Store #5014,I-80 E EXIT 110 & HWY169,De Soto,IA,41.537777,-94.009953,3.099000,3.099000,3.099000,1
69747,SUNOCO,I-69 & YS HWY 30,Fort Wayne,IN,41.089132,-85.143900,3.604000,3.604000,3.604000,1
69748,SUNOCO,SR-930 E,Fort Wayne,IN,41.089132,-85.143900,3.597333,3.597333,3.597333,1
69750,CIRCLE K #2704041,"I-35, EXIT 183",New Braunfels,TX,29.699306,-98.115127,2.859000,2.859000,2.859000,1
69751,MFA,CR-37,Purdy,MO,36.818772,-93.920574,3.349000,3.349000,3.349000,1
69755,PILOT #1082,"I-526, EXIT 19",Charleston,SC,32.828017,-79.972896,3.415667,3.415667,3.415667,1
69758,MAVERIK COUNTRY STORE #537,I-215 EXIT 21,Salt Lake City,UT,40.776928,-111.930991,3.382333,3.382333,3.382333,1
69764,MAVERIK COUNTRY STORE #538,I-15 & SR-99,Fillmore,UT,38.964180,-112.338574,3.387333,3.387333,3.387333,1
69765,7-ELEVEN #40509,I-90/80 EB,Howe,IN,41.722822,-85.425486,3.899000,3.899000,3.899000,1
69766,Marathon,"I-75, EXIT 99 & SR-119",Anna,OH,40.395364,-84.175659,3.029000,3.029000,3.029000,1
69770,SASSYS TRUCK STOP,"I-86, EXIT 23 & US-219",Limestone,NY,42.017267,-78.631327,3.159000,3.159000,3.159000,1
69772,CIRCLE K #2741825,"I-410, EXIT 2 & FM-2536",San Antonio,TX,29.462809,-98.524635,3.099000,3.099000,3.099000,1
69780,Bolingbrook Mart,"I-55, EXIT 269",Bolingbrook,IL,41.688062,-88.100965,3.639000,3.639000,3.639000,1
69782,BYRNE DAIRY #14,SR-414 & SR-318,Waterloo,NY,42.904586,-76.859023,3.999000,3.999000,3.999000,1
69783,SHEETZ #603,"I-78 US-22, EXIT 13 & SR-501",Bethel,PA,40.476483,-76.287970,3.327333,3.327333,3.327333,1
69784,KWIK TRIP #158,US-10 & SR-23,Saint Cloud,MN,45.526658,-94.171007,3.277333,3.277333,3.277333,1
69785,LOVES TRAVEL STOP #662,US-287 & SR-285,Quanah,TX,34.295366,-99.742889,3.849000,3.849000,3.849000,1
69786,LOVES TRAVEL STOP #671,"I-55, EXIT 63 & US-61",Blytheville,AR,35.934066,-89.905133,3.455667,3.455667,3.455667,1
69787,LOVES TRAVEL STOP #616,"I-49, EXIT 158",Harrisonville,MO,38.652493,-94.346999,3.429000,3.429000,3.429000,1
69788,LOVES TRAVEL STOP #612,"SR-370, EXIT 9 & SR-141",Bridgeton,MO,38.773317,-90.416997,3.120667,3.120667,3.120667,1
69789,LOVES TRAVEL STOP #620,US-301 & SR-20,Hawthorne,FL,29.593677,-82.094467,3.789000,3.789000,3.789000,1
69790,LOVES TRAVEL STOP #641,I-155/US-412 EXIT 13 & SR-78,Dyersburg,TN,36.046823,-89.377970,3.402333,3.402333,3.402333,1
69791,PILOT #1083,US-287 & US-54,Stratford,TX,36.337568,-102.076030,3.499000,3.499000,3.499000,1
69792,FLYING J #1061,"I-44, EXIT 72",Springfield,MO,37.194157,-93.292642,3.382333,3.382333,3.382333,1
69797,KWIK TRIP #149,US-10,Saint Cloud,MN,45.526658,-94.171007,3.210667,3.210667,3.210667,1
69798,LOVES TRAVEL STOP #060,US-36 & US-283,Norton,KS,39.836219,-99.891596,3.109000,3.109000,3.109000,1
69799,MAVERIK COUNTRY STORE #387,"I-40, EXIT 253",Winslow,AZ,35.024236,-110.709331,3.235667,3.235667,3.235667,1
69800,MAVERIK COUNTRY STORE #502,US-385 & SR-2,Alliance,NE,42.102567,-102.876188,3.259000,3.259000,3.259000,1
69801,MAVERIK COUNTRY STORE #409,"I-580, EXIT 41 & SR-531",Carson City,NV,39.153060,-119.747368,3.589000,3.589000,3.589000,1
69803,THORNTONS #319,"I-55, EXIT 248 & US-6",Channahon,IL,41.425279,-88.266579,3.274000,3.249000,3.299000,2
69804,KWIK TRIP #184,"I-94, EXIT 293",Pewaukee,WI,43.066141,-88.244465,3.449000,3.449000,3.449000,1
69809,KWIK TRIP #162,"I-94, EXIT 202",Elk River,MN,45.332212,-93.566528,3.297333,3.297333,3.297333,1
69811,Chisholm Corner #16,US-81 & SR-7,Marlow,OK,34.631114,-97.956659,3.015667,3.015667,3.015667,1
69813,SHEETZ #608,"I-81, EXIT 24 & CR-696",Shippensburg,PA,40.048733,-77.523193,3.285667,3.285667,3.285667,1
69814,Allsup's #2454,US-87 & SR-163,Sterling City,TX,31.839175,-100.985878,3.224000,3.224000,3.224000,1
69815,CENEX ZIP TRIP #75,"I-94/US-12, EXIT 138 & US-59",Miles City,MT,46.405823,-105.838944,3.497333,3.497333,3.497333,1
69816,STRIPES #42503,"I-27, EXIT 1",Lubbock,TX,33.561901,-101.888883,2.950667,2.950667,2.950667,1
69817,LOVES TRAVEL STOP #639,"I-20, EXIT 96",Lake,MS,32.329992,-89.314350,3.162333,3.162333,3.162333,1
69818,LOVES TRAVEL STOP #675,US-75,Okmulgee,OK,35.625162,-95.954032,3.217333,3.217333,3.217333,1
69819,FLYING J TRAVEL PLAZA #1086,SR-18 & SR-5,Marion,IN,40.549986,-85.660420,3.569000,3.489000,3.649000,2
69820,CUBBYS #304,SR-7,Manson,IA,42.528638,-94.540064,3.299000,3.299000,3.299000,1
69821,FUEL CITY HALTOM CITY,"I-35W, EXIT 52B & TX-121",Haltom City,TX,32.817698,-97.271152,2.965667,2.965667,2.965667,1
69823,LOVES TRAVEL STOP #664,US-41,Terre Haute,IN,39.464152,-87.376036,3.949000,3.949000,3.949000,1
69824,LOVES TRAVEL STOP #663,US-190 & LA-103,Port Barre,LA,30.555523,-91.955962,3.124000,3.124000,3.124000,1
69825,KWIK TRIP #154,MN-15,Sauk Rapids,MN,45.594724,-94.152747,3.302333,3.302333,3.302333,1
69826,LOVES TRAVEL STOP #629,I-65 EXIT 108 & SR-76,White House,TN,36.464920,-86.668486,3.159000,3.159000,3.159000,1
69827,KWIK TRIP #164,US-12/SR-29,Menomonie,WI,44.889200,-91.909570,3.499000,3.499000,3.499000,1
69830,RUTTERS #69,"I-78/US-22, EXIT 29 & SR-61",Hamburg,PA,40.556225,-75.982357,3.865667,3.865667,3.865667,1
69832,LOVES TRAVEL STOP #595,"I-10, EXIT 28 & SR-49",Gulfport,MS,30.419487,-89.069022,3.144000,3.144000,3.144000,1
69833,LOVES TRAVEL STOP #658,US-412,Watts,OK,36.106512,-94.573885,3.347333,3.347333,3.347333,1
69835,LOVES TRAVEL STOP #653,US-287,Eads,CO,38.481648,-102.779823,3.475667,3.475667,3.475667,1
69837,LOVES TRAVEL STOP #606,"I-94, EXIT 73B & US-6",South Holland,IL,41.598372,-87.602736,3.454000,3.329000,3.549000,4
69840,KUM & GO #0370,"I-80, EXIT 439 & SR-370",Gretna,NE,41.127917,-96.196863,2.920667,2.920667,2.920667,1
69842,KUM & GO #0863,"I-44, EXIT 215 & SR-97",Sapulpa,OK,36.004206,-96.123275,3.232333,3.232333,3.232333,1
69845,Maverik Country Store #5013,US-40 & SR-13,Craig,CO,40.517060,-107.555396,3.459000,3.459000,3.459000,1
69847,KWIK STAR #145,US-52,Guttenberg,IA,42.788556,-91.108775,3.599000,3.599000,3.599000,1
69848,KWIK TRIP #173,SR-17,Rhinelander,WI,45.636129,-89.425517,3.452333,3.452333,3.452333,1
69850,KUM & GO #0539,"I-80 E, & SR-415 EXIT 135",Des Moines,IA,41.572590,-93.610243,3.072333,3.072333,3.072333,1
69851,SPEEDWAY #3995,I-90,Belvidere,IL,42.265448,-88.887758,3.849000,3.849000,3.849000,1
69852,KWIK TRIP #141,SR-61,Two Harbors,MN,47.029954,-91.675744,3.499000,3.499000,3.499000,1
69854,LOVES TRAVEL STOP #637,"I-39, EXIT 115 & CR-CS",Poynette,WI,43.392165,-89.404787,3.789000,3.789000,3.789000,1
69855,LOVES TRAVEL STOP #670,US-18,Floyd,IA,43.128185,-92.739944,3.649000,3.649000,3.649000,1
69856,LOVES TRAVEL STOP #657,"I-77, EXIT 5 & SR-48",Cayce,SC,33.950498,-81.039806,3.397333,3.397333,3.397333,1
69858,TEX-BEST #528,US-181,Elmendorf,TX,29.253331,-98.323027,2.892333,2.892333,2.892333,1
69859,BIG BOSS TRAVEL PLAZA,I-12 EXIT 22,Livingston,LA,30.495289,-90.746698,3.165667,3.165667,3.165667,1
69861,HUCKS FOOD & FUEL #379,"I-57, EXIT 53",Marion,IL,37.734445,-88.941164,3.159000,2.929000,3.549000,3
69862,CASEYS #3503,US-69/SR-52,Pleasanton,KS,38.177877,-94.705328,3.199000,3.199000,3.199000,1
69863,GOLDEN GATE,I-80 EXIT 352A & US-93,Wells,NV,41.113155,-114.953537,3.415667,3.415667,3.415667,1
69865,7-ELEVEN #40036,SR-33 & SR-632,Lanexa,VA,37.423757,-76.901075,3.659000,3.659000,3.659000,1
69870,CIRCLE K #4705720,"I-280, EXIT 7 & SR-2",Oregon,OH,41.655956,-83.438325,3.609000,3.609000,3.609000,1
69871,CIRCLE K #2741595,SR-71 & FM-1209,Bastrop,TX,30.111100,-97.318152,2.954000,2.954000,2.954000,1
69873,KWIK TRIP #142,"US-10, EXIT 186 & SR-13",Marshfield,WI,44.663291,-90.171736,3.479000,3.479000,3.479000,1
69874,LOVES TRAVEL STOP #687,"I-72, EXIT 64 & US-67",Jacksonville,IL,39.729151,-90.232201,3.539000,3.489000,3.589000,2
69875,LOVES TRAVEL STOP #680,US-81,Norfolk,NE,42.028216,-97.427807,3.315667,3.315667,3.315667,1
69876,LOVES TRAVEL STOP #684,"I-35, EXIT 133 & SR-175",Ellsworth,IA,42.310239,-93.581877,3.689000,3.689000,3.689000,1
69877,LOVES TRAVEL STOP #669,US-61 & SR-19,New London,MO,39.584202,-91.398899,3.235667,3.235667,3.235667,1
69878,SPEEDWAY #7412,SR-83 & SR-19,Bensenville,IL,41.958011,-87.943825,3.379000,3.379000,3.379000,1
69879,SPEEDWAY #3700,I-70 EXIT 77,Indianapolis,IN,39.776664,-86.145935,3.319000,3.319000,3.319000,1
69880,Speedway #6809,"I-290, EXIT 13A",Franklin Park,IL,41.935983,-87.879197,3.354000,3.329000,3.379000,2
69881,KWIK TRIP #458,SR-55,Buffalo,MN,45.179510,-93.863995,3.549000,3.549000,3.549000,1
69882,SPEEDWAY #7103,US-43,Lawrenceburg,TN,35.249713,-87.332502,3.574000,3.574000,3.574000,1
69884,AKAL TRAVEL CENTER,"I-40, EXIT 267 & SR-379",Santa Rosa,NM,34.936051,-104.675021,2.879000,2.879000,2.879000,1
69885,BELL STORES #146,SR-43 & SR-183,Malvern,OH,40.689494,-81.180409,3.579000,3.579000,3.579000,1
69886,LOVES TRAVEL STOP #676,SR-50,Syracuse,NE,40.663504,-96.182733,3.444000,3.444000,3.444000,1
69887,CIRCLE K #2701869,SR-21 & SR-307,Savannah,GA,32.018043,-81.196492,3.115667,3.115667,3.115667,1
69888,OASIS STOP N GO #17,US-30,Twin Falls,ID,42.564674,-114.460608,3.699000,3.699000,3.699000,1
69892,MAVERIK COUNTRY STORE #547,US-26,Casper,WY,42.842120,-106.321282,3.185667,3.185667,3.185667,1
69893,DOMINO EXPRESS #24,US-412/US-270/US-183/SR-3 & SR-15,Woodward,OK,36.424832,-99.404726,2.999000,2.999000,2.999000,1
69894,Circle K #2746446,US-2,Williston,ND,48.189496,-103.649117,4.042333,4.042333,4.042333,1
69895,Shell,"I-80, EXIT 122",Minooka,IL,41.447612,-88.284155,3.199000,3.149000,3.249000,3
69900,LOVES TRAVEL STOP #605,"I-70, EXIT 59 & SR-41",Springfield,OH,39.928908,-83.794241,3.479000,3.479000,3.479000,1
69901,KWIK TRIP #638,SR-42,Two Rivers,WI,44.156137,-87.577352,3.390667,3.390667,3.390667,1
69902,MAVERIK COUNTRY STORE #441,"I-182/US-12, EXIT 9",Pasco,WA,46.266113,-119.121426,4.279000,4.279000,4.279000,1
69903,LOVES TRAVEL STOP #642,US-60 & US-385,Hereford,TX,34.822603,-102.400159,3.415667,3.415667,3.415667,1
69904,LOVES TRAVEL STOP #695,US-54/400,Cunningham,KS,37.644623,-98.431130,3.657333,3.657333,3.657333,1
69905,KWIK TRIP #105,"I-41, EXIT 157",De Pere,WI,44.430990,-88.079936,3.352333,3.352333,3.352333,1
69906,LOVES TRAVEL STOP #692,US-169 & SR-39,Chanute,KS,37.669661,-95.464162,3.275667,3.275667,3.275667,1
69907,STRIPES #41023,SR-358 & FM-665,Corpus Christi,TX,27.754252,-97.173385,3.070667,3.070667,3.070667,1
69908,LOVES TRAVEL STOP #685,"I-74, EXIT 51",Knoxville,IL,40.906931,-90.285697,3.889000,3.889000,3.889000,1
69912,AMPM,"I-10, EXIT 140",Phoenix,AZ,33.572154,-112.090132,3.282333,3.282333,3.282333,1
69913,ROSS FUEL CENTER,US-60/US-67,Poplar Bluff,MO,36.763259,-90.413953,3.490667,3.490667,3.490667,1
69914,PETRO COLUMBIA,"I-77, EXIT 5 & SR-48",Columbia,SC,34.040519,-80.906099,3.412333,3.412333,3.412333,1
69915,PETES #16,"I-49/US-71, EXIT 120 & CR-B",Rich Hill,MO,38.095871,-94.363462,3.149000,3.149000,3.149000,1
69921,LOVES TRAVEL STOP #688,"I-70, EXIT 119 & SR-130",Greenup,IL,39.247946,-88.160025,3.393000,3.289000,3.489000,5
69922,LOVES TRAVEL STOP #686,"I-84/I-15, EXIT 363",Brigham City,UT,41.505904,-112.051418,3.755667,3.755667,3.755667,1
69923,Circle K #2741821,FM 471 & SR 211,San Antonio,TX,29.462809,-98.524635,3.032333,3.032333,3.032333,1
69926,TONKAWA TRADING POST,"I-35, EXIT 214 & US-60",Tonkawa,OK,36.670589,-97.315028,2.999000,2.999000,2.999000,1
69927,LOVES TRAVEL STOP #682,"I-81, EXIT 10A",Hagerstown,MD,39.640182,-77.722691,3.949000,3.949000,3.949000,1
69928,KUM & GO #1837,SR-51,Broken Arrow,OK,36.036529,-95.780996,3.052333,3.052333,3.052333,1
69929,PETES #14,US-69/SR 7,Fort Scott,KS,37.828000,-94.704141,3.199000,3.199000,3.199000,1
69930,CONCORDE TRAVEL CENTER,"I-65, EXIT 219 & CR-42",Jemison,AL,32.970705,-86.733070,3.299000,3.299000,3.299000,1
69931,SHELL,"I-565, EXIT 7 & CR-127",Madison,AL,34.710533,-86.762280,3.349000,3.349000,3.349000,1
69932,CIRCLE K #2741847,SR-16,San Antonio,TX,29.462809,-98.524635,3.072333,3.072333,3.072333,1
69933,Flyers #3202,"I-17, EXIT 201",Phoenix,AZ,33.572154,-112.090132,3.369000,3.369000,3.369000,1
69934,KWIK TRIP #135,SR-35 N,Superior,WI,46.692119,-92.080356,3.499000,3.499000,3.499000,1
69935,KWIK TRIP #586,"I-41, EXIT 45",Butler,WI,43.108448,-88.072232,3.474000,3.474000,3.474000,1
69936,LOVES TRAVEL STOP #683,US-27,Moore Haven,FL,26.833752,-81.098451,3.789000,3.789000,3.789000,1
69937,MAVERIK COUNTRY STORE #385,"I-15, EXIT 119",Idaho Falls,ID,43.488851,-112.036297,3.425667,3.425667,3.425667,1
69938,MAVERIK COUNTRY STORE #388,US-60 & SR-77,Show Low,AZ,34.265053,-110.038321,3.229000,3.229000,3.229000,1
69939,MAVERIK COUNTRY STORE #377,"I-15, EXIT 244 & US-6",Santaquin,UT,39.969893,-111.794431,3.402333,3.402333,3.402333,1
69940,SAPP BROS TRAVEL CENTER,"I-49, EXIT 157",Harrisonville,MO,38.652493,-94.346999,3.402333,3.402333,3.402333,1
69941,QUIKTRIP #949,"I-20 E, EXIT 406",Weatherford,TX,32.753190,-97.771944,2.917333,2.917333,2.917333,1
69943,ASAP GENERAL STORE #313,US-81,Duncan,OK,34.481607,-97.960537,3.132333,3.132333,3.132333,1
69944,TRUCK WORLD,"I-76, EXIT 57",North Jackson,OH,41.100058,-80.857307,3.259000,3.259000,3.259000,1
69945,BP,"I-465, EXIT 49",Indianapolis,IN,39.776664,-86.145935,3.799000,3.799000,3.799000,1
69946,KUM & GO #0119,"I-35, EXIT 214 & SR-105",Northwood,IA,43.444091,-93.215969,3.115667,3.115667,3.115667,1
69947,THORNTONS #607,I-24 EXIT 62 & SR-171,Antioch,TN,35.684513,-88.442549,2.899000,2.899000,2.899000,1
69948,CIRCLE T,US-190/SR-21,Bryan,TX,30.666016,-96.381049,3.459000,3.459000,3.459000,1
69949,THE CROSSING TRAVEL MARK,US-83 & SR-153,Winters,TX,31.949127,-99.959308,3.040667,3.040667,3.040667,1
69952,HUTCH'S #120,"I-40, EXIT 25",Sayre,OK,35.295653,-99.628239,2.984000,2.984000,2.984000,1
69954,Exxon,"I-80, EXIT 27A & US-46",Budd Lake,NJ,40.873494,-74.736828,3.119000,3.119000,3.119000,1
69955,QUIKTRIP #1044,"I-85, EXIT 63 & SR-2180",Kannapolis,NC,35.479904,-80.647499,3.154000,3.154000,3.154000,1
69957,LOVES TRAVE STOP #698,"I-75/SR-401, EXIT 153",Macon,GA,32.808845,-83.694194,3.369000,3.369000,3.369000,1
69958,LOVES TRAVEL STOP #693,US-30/23 & SR-199,Upper Sandusky,OH,40.830669,-83.270709,3.889000,3.889000,3.889000,1
69959,BISCUIT HILL TRAVEL PLAZA,"I-40, EXIT 192",Shawnee,OK,35.369413,-96.956408,2.909000,2.909000,2.909000,1
69960,PILOT CENTER #1014- TOWN PUMP,"I-94, EXIT 213 & SR-16",Glendive,MT,47.106473,-104.710856,3.419000,3.419000,3.419000,1
69962,LUFKIN TRAVEL PLAZA,US-59 & CR-819,Lufkin,TX,31.322904,-94.729026,2.815667,2.815667,2.815667,1
69963,7 CLANS RED ROCK GASINO,US-177,Red Rock,OK,36.460071,-97.179608,3.089000,3.089000,3.089000,1
69964,SHEETZ #621,"I-77 & US-70, Exit 49A",Statesville,NC,35.785493,-80.872962,2.849000,2.849000,2.849000,1
69969,USA GAS,SR-47,Newfield,NJ,39.551041,-75.010217,3.169000,3.169000,3.169000,1
69974,LOVES TRAVEL STOP #672,US-77BUS & FM-1945,Sinton,TX,28.038432,-97.511044,3.149000,3.149000,3.149000,1
69975,LOVES TRAVEL STOP #703,US-50,South Hutchinson,KS,38.023082,-97.944845,3.300667,3.300667,3.300667,1
69976,KWIK TRIP #583,"I-94, EXIT 89 & SR-23",Wisconsin Dells,WI,43.638365,-89.775760,3.237333,3.237333,3.237333,1
69977,KWIK TRIP #855,US-12,Baraboo,WI,43.469408,-89.737289,3.115667,3.115667,3.115667,1
69978,LOVES TRAVEL STOP #678,US-271,Paris,TX,33.668929,-95.546616,3.365667,3.365667,3.365667,1
69979,LOVES TRAVEL STOP #681,"I-82/US-12, EXIT 80",Prosser,WA,46.209036,-119.767727,4.589000,4.589000,4.589000,1
69980,RUTTERS #70,SR-896 & SR-741,Strasburg,PA,39.984516,-76.186183,4.199000,4.199000,4.199000,1
69981,RANCHLAND GAS STATION,US-82,Benjamin,TX,33.583606,-99.792932,3.299000,3.299000,3.299000,1
69982,RUTTERS #68,US-422 & SR-934,Annville,PA,40.332505,-76.507684,4.299000,4.299000,4.299000,1
69983,MICKEY MART #57,US-250,Strasburg,OH,40.600595,-81.529351,3.492333,3.492333,3.492333,1
69986,YESWAY #1061,US-180 & SR-137,Lamesa,TX,32.733338,-101.953773,3.099000,3.099000,3.099000,1
69987,LOVES TRAVEL STOP #679,"I-90, EXIT 495 & SR-47",Hardin,MT,45.742231,-107.608237,3.704000,3.704000,3.704000,1
69988,LOVES TRAVEL STOP #640,"I-43, EXIT 120 & CR-OK",Sheboygan,WI,43.738713,-87.731531,3.289000,3.289000,3.289000,1
69989,LOVES TRAVEL STOP #677,US-45A,West Point,MS,33.606236,-88.657568,3.259000,3.259000,3.259000,1
69990,LOVES TRAVEL STOP #691,US-50/93 & US-6,Ely,NV,39.264928,-114.870868,3.649000,3.649000,3.649000,1
69991,WA SHE SHU TRAVEL PLAZA,US-395,Gardnerville,NV,38.939000,-119.736879,3.699000,3.699000,3.699000,1
69992,KWIK TRIP #120,SR-15 & CR-4,Saint Cloud,MN,45.526658,-94.171007,3.277333,3.277333,3.277333,1
69993,CEFCO #99,US-290,Giddings,TX,30.183667,-96.928029,3.159000,3.159000,3.159000,1
69995,PILOT EXPRESS #1178,"I-10, EXIT 273",Tucson,AZ,32.153036,-110.870773,3.219000,3.219000,3.219000,1
69996,YESWAY #1078,US-83 & SR-153,Winters,TX,31.949127,-99.959308,2.999000,2.999000,2.999000,1
69998,CASEYS #3604,US-75,Hinton,IA,42.622790,-96.298150,3.299000,3.299000,3.299000,1
69999,RUTTERS #71,"I-99, EXIT 28 & US-22",Duncansville,PA,40.426307,-78.430260,4.099000,4.099000,4.099000,1
70001,LOVES TRAVEL STOP #690,US-23,Circleville,OH,39.601152,-82.932515,3.789000,3.789000,3.789000,1
70002,LOVES TRAVEL STOP #699,US-49,Magee,MS,31.873006,-89.734001,3.607333,3.607333,3.607333,1
70003,SPEEDWAY #2926,SR-837,Clairton,PA,40.296656,-79.889026,3.925667,3.925667,3.925667,1
70004,SPEEDWAY #7775,US-23 & CR-192,Delaware,OH,40.286476,-83.074864,3.619000,3.619000,3.619000,1
70007,FLYING J TRAVEL PLAZA #1096,"I-95, EXIT 201 & CR-524",Cocoa,FL,28.376643,-80.763306,3.699000,3.699000,3.699000,2
70008,Amigo's,"I-10, EXIT 661 & FM-609",Flatonia,TX,29.689710,-97.105205,3.082333,3.082333,3.082333,1
70009,KWIK TRIP #661,SR-69 & BUS-11,Monroe,WI,42.602937,-89.638043,3.362333,3.362333,3.362333,1
70010,Kwik Star #567,US-65 & SR-3,Hampton,IA,42.741989,-93.204992,3.504000,3.504000,3.504000,1
70011,KWIK TRIP #279,"US-63, EXIT 59",Rochester,MN,44.014299,-92.478592,3.549000,3.549000,3.549000,1
70012,MAVERIK COUNTRY STORE #549,"I-70, EXIT 283",Aurora,CO,39.703633,-104.720088,3.185667,3.185667,3.185667,1
70014,PETRO-CARD 24 #919141,SR-179,Jamestown,MO,38.769237,-92.483904,3.479000,3.479000,3.479000,1
70016,CASEYS #2743,SR-43/SR-2 & SR-66A,Palmyra,NE,40.705700,-96.392119,3.199000,3.199000,3.199000,1
70017,PACIFIC PRIDE,I-79 & US-19,Morgantown,WV,39.637487,-79.946856,3.459000,3.459000,3.459000,1
70019,QUICKLEES #1,"I-390, EXIT 9 & SR-15",Avon,NY,42.912842,-77.746490,3.999000,3.999000,3.999000,1
70022,SHEETZ #583,US-322 & SR-655,Reedsville,PA,40.664911,-77.593006,3.415667,3.415667,3.415667,1
70024,KWIK TRIP #827,"I-41, EXIT 167",Green Bay,WI,44.521542,-87.986568,3.499000,3.499000,3.499000,1
70025,SPEEDWAY #6245,SR-43,Carrollton,OH,40.578747,-81.090820,3.559000,3.559000,3.559000,1
70026,SPEEDWAY #8883,I-80 EXIT 73,Peru,IL,41.349215,-89.138573,3.174000,3.149000,3.199000,2
70027,SPEEDWAY #8851,SR-31,South Elgin,IL,41.990254,-88.314285,3.609000,3.559000,3.659000,2
70028,LOVES TRAVEL STOP #697,"US-321, EXIT 37",Newton,NC,35.662162,-81.232269,3.689000,3.689000,3.689000,1
70029,LOVES TRAVEL STOP #696,"I-10, EXIT 843",Beaumont,TX,30.084912,-94.145330,3.294000,3.294000,3.294000,1
70030,SPEEDWAY #3991,"I-80 E, & I-94 E",Gary,IN,41.590740,-87.347113,3.712333,3.712333,3.712333,1
70031,SPEEDWAY #8020,US-30,Upper Sandusky,OH,40.830669,-83.270709,3.799000,3.799000,3.799000,1
70032,Kwik Star #569,US-20,Waterloo,IA,42.492327,-92.351947,3.574000,3.574000,3.574000,1
70033,KWIK TRIP #111,SR-36 & CR-15,Stillwater,MN,45.058606,-92.830408,3.540667,3.540667,3.540667,1
70034,SPEEDWAY #8799,I-55 EXIT 282A & SR-171,Bedford Park,IL,41.767773,-87.772556,3.599000,3.599000,3.599000,1
70035,SPEEDWAY #8064,"I-55, EXIT 178 & SR-43",West Lafayette,IN,40.443707,-86.923616,3.582333,3.582333,3.582333,1
70036,Speedway #3994,SR-38 & CR-21,West Chicago,IL,41.894469,-88.221121,3.599000,3.599000,3.599000,1
70037,SPEEDWAY #8738,"I-70, EXIT 23 & SR-59",Brazil,IN,39.522449,-87.124479,3.699000,3.699000,3.699000,1
70038,SPEEDWAY #1830,US-31,Grand Haven,MI,43.054969,-86.219349,3.899000,3.899000,3.899000,1
70039,TEX-BEST #527,SR-162 & SR-16,Jourdanton,TX,28.914045,-98.540806,2.920667,2.920667,2.920667,1
70040,TEX BEST #503,"I-35, EXIT 215 & CR-210",Kyle,TX,29.994118,-97.883322,2.805667,2.805667,2.805667,1
70041,LOVES TRAVEL STOP #705,"I-64/SR-33, EXIT 211 & SR-609",Providence Forge,VA,37.441813,-77.043580,3.889000,3.889000,3.889000,1
70042,Kwik Star #103,US-65,Iowa Falls,IA,42.519169,-93.266050,3.374000,3.374000,3.374000,1
70043,KWIK TRIP #571,"I-35, EXIT 235 & SR-210",Carlton,MN,46.655769,-92.430397,3.319000,3.319000,3.319000,1
70044,Thorntons #325,"I-94, EXIT 73B & US-6",South Holland,IL,41.598372,-87.602736,3.699000,3.699000,3.699000,1
70049,KWIK STAR #581,"I-380, EXIT 17",Cedar Rapids,IA,41.965850,-91.678901,3.540667,3.540667,3.540667,1
70050,KWIK TRIP #124,US-51,De Forest,WI,43.247769,-89.343728,3.235667,3.235667,3.235667,1
70053,KWIK TRIP #964,"US-12, EXIT 250 & CR-M",Middleton,WI,43.106959,-89.506340,3.529000,3.529000,3.529000,1
70054,KWIK TRIP #976,CR-241 & CR-ZZ,Oak Creek,WI,42.878693,-87.898676,3.579000,3.579000,3.579000,1
70058,KWIK TRIP #590,CR-4 & CR-22,Rochester,MN,44.014299,-92.478592,3.624000,3.624000,3.624000,1
70059,KWIK TRIP #118,US-2 & LAKESHORE DRIVE,Ashland,WI,46.581760,-90.871898,3.699000,3.699000,3.699000,1
70062,KWIK TRIP #970,SR-164 & SR-59,Waukesha,WI,43.009084,-88.245062,3.532333,3.532333,3.532333,1
70063,QUICK FUEL #2206,US-41,Marietta,GA,33.953561,-84.542463,3.519000,3.519000,3.519000,1
70066,KWIK TRIP #957,US-18 & CR-PD,Madison,WI,43.087815,-89.429856,3.604000,3.604000,3.604000,1
70067,KWIK TRIP #240,"I-94, EXIT 115 & CR-A",Black River Falls,WI,44.298452,-90.842787,3.312333,3.312333,3.312333,1
70068,LOVES TRAVEL STOP #712,"I-44, EXIT 107",Newcastle,OK,35.242395,-97.595336,3.425667,3.425667,3.425667,1
70069,CASEYS #3486,"I-49, EXIT 159",Harrisonville,MO,38.652493,-94.346999,3.229000,3.229000,3.229000,1
70074,CASEYS #3430,US-71 & US-136/SR-46,Maryville,MO,40.342515,-94.870048,3.137333,3.137333,3.137333,1
70075,KWIK TRIP #815,US-63 & SR-48,Cumberland,WI,45.536073,-92.024753,3.624000,3.624000,3.624000,1
70076,PETRO-CARD 24 #910681,SR-32,Salem,MO,37.639568,-91.534860,3.099000,3.099000,3.099000,1
70078,KWIK TRIP #573,I-94 & CR-EE,Eau Claire,WI,44.818343,-91.494769,3.399000,3.399000,3.399000,1
70079,PILOT #1118,US-60,Clovis,NM,34.438569,-103.194194,4.079000,4.079000,4.079000,1
70080,FLYING J TRAVEL PLAZA #1117,SR-25,Rochester,IN,41.060392,-86.198313,3.859000,3.859000,3.859000,2
70081,PILOT EXPRESS #1032,SR-7,Steubenville,OH,40.366310,-80.657061,3.629000,3.629000,3.629000,1
70082,KWIK TRIP #588,US-51 & SR-70,Woodruff,WI,45.894436,-89.691154,3.095667,3.095667,3.095667,1
70083,KWIK TRIP #596,US-14,Black Earth,WI,43.134619,-89.747354,3.444000,3.444000,3.444000,1
70084,SPEEDWAY #4440,SR-131,Waukegan,IL,42.369447,-87.870898,3.724000,3.659000,3.789000,2
70085,Pilot Travel Center #1114,SR-83,Bensenville,IL,41.958011,-87.943825,3.519000,3.389000,3.659000,5
70087,PILOT EXPRESS  #1098,"I-95, EXIT 14",Newark,NJ,40.724220,-74.172574,3.999000,3.999000,3.999000,1
70088,KWIK TRIP #138,SR-13,Park Falls,WI,45.936339,-90.444272,3.147333,3.147333,3.147333,1
70090,SPEEDWAY #7111,"I-40, EXIT 143 & SR-13",Hurricane Mills,TN,35.971174,-87.781969,3.032333,3.032333,3.032333,1
70091,SPEEDWAY #7503,I-70 & I-57 EXIT 159,Effingham,IL,39.119750,-88.550896,3.249000,3.199000,3.299000,2
70093,LOVES TRAVEL STOP #694,US-45/SR-5 & SR-57,Ramer,TN,35.071873,-88.614889,3.462333,3.462333,3.462333,1
70095,LOVES TRAVEL STOP #713,US-380 & FM-1304,Bridgeport,TX,33.210449,-97.772466,2.949000,2.949000,2.949000,1
70096,LOVES TRAVEL STOP #661,US-65 & SR-81,Pine Bluff,AR,34.211591,-92.017555,3.319000,3.319000,3.319000,1
70097,KWIK TRIP #112,SR-32 & SR-23,Sheboygan Falls,WI,43.729279,-87.826235,3.292333,3.292333,3.292333,1
70098,KWIK TRIP #110,US-2,Ashland,WI,46.581760,-90.871898,3.699000,3.699000,3.699000,1
70099,QUIKTRIP #1883,"I-35, EXIT 497 & US-82",Gainesville,TX,33.638647,-97.148413,2.975667,2.975667,2.975667,1
70100,LOVES TRAVEL STOP #718,"I-65, EXIT 158",Hope Hull,AL,32.198998,-86.344383,3.265667,3.265667,3.265667,1
70104,LOVES TRAVEL STOP #649,"I-76/US-6, EXIT 89",Brush,CO,40.259263,-103.636334,4.089000,4.089000,4.089000,1
70105,LOVES TRAVEL STOP #708,"I-75, EXIT 314 & CR-48",Bushnell,FL,28.686946,-82.114406,3.295667,3.295667,3.295667,1
70106,LOVES TRAVEL STOPS #719,"I-35, EXIT 308",Troy,TX,31.193982,-97.300358,3.163000,3.159000,3.167000,2
70107,LOVES TRAVEL STOP #711,"I-71, EXIT 165 & SR-97",Bellville,OH,40.617729,-82.513147,3.709000,3.709000,3.709000,1
70108,RICKY ROCKETS FUEL CENTER,SR-50 & SR-83,Midlothian,IL,41.625428,-87.724233,3.149000,3.099000,3.199000,2
70111,KWIK TRIP #557,"I-39, EXIT 126 & CR-V",De Forest,WI,43.247769,-89.343728,3.310667,3.310667,3.310667,1
70117,RUTTERS #72,"I-81, EXIT 16 & US-30",Saint Thomas,PA,39.925436,-77.805123,4.399000,4.399000,4.399000,1
70118,SPEEDWAY #7118,US-41,Smyrna,TN,35.969019,-86.528617,3.015667,3.015667,3.015667,1
70122,Circle K #2709301,SR-67,Decatur,AL,34.572995,-86.989901,3.899000,3.899000,3.899000,1
70124,TA Express Lamar,US-50/385,Lamar,CO,38.075971,-102.614723,3.439000,3.439000,3.439000,1
70125,SPEEDWAY #7391,I-76 EXIT 232,North Lima,OH,40.947372,-80.664007,3.699000,3.699000,3.699000,1
70126,SPEEDWAY #3535,"I-71,EXIT 165 & SR-97",Bellville,OH,40.617729,-82.513147,3.599000,3.599000,3.599000,1
70127,SPEEDWAY #2929,"US-22, US-119",New Alexandria,PA,40.394456,-79.417524,3.972333,3.972333,3.972333,1
70128,CIRCLE K #4703913,"I-40 E, EXIT 87",Jackson,TN,35.654148,-88.834972,3.349000,3.349000,3.349000,1
70130,SIDE TRACK,SR-57,Wrightsville,GA,32.726812,-82.719072,3.315667,3.315667,3.315667,1
70131,THORNTONS #323,SR-64,Lombard,IL,41.873844,-88.015491,3.315667,3.299000,3.349000,6
70135,KUM & GO #1455,"I-44, EXIT 130",Lebanon,MO,37.672131,-92.659670,3.092333,3.092333,3.092333,1
70136,FUEL CITY SAGINAW,CR-156,Fort Worth,TX,32.781954,-97.348573,2.965667,2.965667,2.965667,1
70137,RUTTERS #8,"I-83, EXIT 14 & SR-182",York,PA,39.964798,-76.731840,4.199000,4.199000,4.199000,1
70140,CASEYS #3593,SR-7 & US-50,North Vernon,IN,39.014854,-85.630055,3.592333,3.592333,3.592333,1
70142,ONVO TRAVEL PLAZA - AVIS,"US-220, EXIT 118",Avis,PA,41.185691,-77.316486,3.539000,3.539000,3.539000,1
70143,KWIK TRIP #104,"I-94, HWY-24, EXIT 178",Clearwater,MN,45.409879,-94.044560,3.277333,3.277333,3.277333,1
70144,LOVES TRAVEL STOP #635,"I-49, EXIT 24 & SR-282",Alma,AR,35.492375,-94.213947,3.459000,3.459000,3.459000,1
70145,MAVERIK COUNTRY STORE #578,US-26 & US-91,Idaho Falls,ID,43.488851,-112.036297,3.402333,3.402333,3.402333,1
70146,MAVERIK COUNTRY STORE #567,"I-90, EXIT 291A",Spokane,WA,47.666935,-117.433322,3.984000,3.969000,3.999000,4
70150,LOVES TRAVEL STOP #704,"I-29, EXIT 35B & US-34",Pacific Junction,IA,41.017975,-95.799453,3.789000,3.789000,3.789000,1
70151,LOVES TRAVEL STOP #721,"I-45, EXIT 246 & FM-1183",Ennis,TX,32.325067,-96.633799,3.035667,3.035667,3.035667,1
70154,Stinker,"US-34, CR-56",Kersey,CO,40.395585,-104.578334,3.499000,3.499000,3.499000,1
70155,MARATHON,"US-24, I-96 EXIT 179",Redford,MI,42.394788,-83.294018,4.999000,4.999000,4.999000,1
70156,MAVERIK COUNTRY STORE #348,"US-91, SR-130",Cedar City,UT,37.683767,-113.095484,3.452333,3.452333,3.452333,1
70157,LOVES TRAVEL STOP #702,US-63,Waterloo,IA,42.492327,-92.351947,3.769000,3.769000,3.769000,1
70158,FLYING J #1068,"I-26, EXIT 194 & SR-16",Summerville,SC,33.005836,-80.179306,3.509000,3.509000,3.509000,1
70159,LOVES TRAVEL STOP #717,US-460 & SR-156,Disputanta,VA,37.123551,-77.224856,3.562333,3.562333,3.562333,1
70160,COMMON CENTS #212,I-90 & SR-337,Sheridan,WY,44.796219,-106.964166,3.560667,3.560667,3.560667,1
70162,PILOT #1049,US-58,Suffolk,VA,36.697157,-76.634781,3.899000,3.899000,3.899000,1
70163,KWIK TRIP #598,SR-23,Paynesville,MN,45.378519,-94.721592,3.399000,3.399000,3.399000,1
70164,ONVO TRAVEL PLAZA - BLAKESLEE,I-80 EXIT 284,Blakeslee,PA,41.092586,-75.592689,3.565667,3.565667,3.565667,1
70168,KWIK TRIP #575,CR-75,Saint Joseph,MN,45.565070,-94.302070,3.302333,3.302333,3.302333,1
70169,ROCKING Oil,SR-21,Caldwell,TX,30.531269,-96.698892,3.099000,3.099000,3.099000,1
70170,LOVES TRAVEL STOP #716,SR-3005,Elizabethtown,KY,37.704002,-85.878881,3.599000,3.599000,3.599000,1
70171,CITGO HERITAGE RIDGE,US-151 & SR-26,Waupun,WI,43.631547,-88.737534,3.147333,3.147333,3.147333,1
70172,MACH 1 #3,I-57 & SR-14,Benton,IL,38.013187,-88.917281,3.489000,3.379000,3.599000,2
70174,LOVES TRAVEL STOP #701,"I-69, EXIT 176",Capac,MI,43.003889,-82.922280,3.949000,3.949000,3.949000,1
70176,MAVERIK COUNTRY STORE #565,I-84,Boise,ID,43.600229,-116.231656,3.395667,3.395667,3.395667,1
70177,MAVERIK COUNTRY STORE #497,US-160 & SR-145,Cortez,CO,37.349783,-108.576687,3.415667,3.415667,3.415667,1
70179,WORKMANS TRAVEL CENTER,"I-49, EXIT 78 & SR-264",Lowell,AR,36.255855,-94.153356,3.402333,3.402333,3.402333,1
70180,Gulf,SR-83,Bensenville,IL,41.958011,-87.943825,3.079000,3.059000,3.099000,2
70181,CIRCLE K #2723778,US-501 & SR-78/CR-1303,Sanford,NC,35.496723,-79.171883,3.049000,3.049000,3.049000,1
70182,SHELL,US-169,Blue Earth,MN,43.640994,-94.100339,3.299000,3.299000,3.299000,1
70183,PILOT # 1134,US-285 & CR-652,Orla,TX,31.825126,-103.908806,3.759000,3.759000,3.759000,1
70185,PILOT # 1147,SR-302,Kermit,TX,31.853923,-103.092395,3.255667,3.255667,3.255667,1
70187,PILOT # 1146,I-20 & SR-17,Pecos,TX,31.471918,-103.701761,3.465667,3.465667,3.465667,1
70188,KUM & GO #0890,I-44 (WESTBOUND),Vinita,OK,36.648772,-95.161001,3.059000,3.059000,3.059000,1
70189,HUDSON IRVING 24,SR-3A,Hudson,NH,42.763811,-71.432010,3.799000,3.799000,3.799000,1
70190,LOVES TRAVEL STOP #726,I-25 EXIT 191,Belen,NM,34.766572,-106.808512,3.522333,3.522333,3.522333,1
70191,LOVES TRAVEL STOP #734,"I-44, EXIT 5 & US-70",Randlett,OK,34.177347,-98.463921,3.120667,3.120667,3.120667,1
70192,LOVES TRAVEL STOP #720,"I-49, EXIT 94 & SR-1",Boyce,LA,31.389895,-92.670374,3.174000,3.174000,3.174000,1
70207,PILOT TRAVEL CENTERS #1344,I-20 EXIT 425,Fort Worth,TX,32.781954,-97.348573,2.909000,2.909000,2.909000,1
70208,GOLDEN GATE PETRO,SR-648,Sparks,NV,39.574341,-119.715154,3.985667,3.985667,3.985667,1
70209,PUMP N PETES #42,"I-49, EXIT 66 & CR-K",Jasper,MO,37.335665,-94.302795,3.199000,3.199000,3.199000,1
70210,CASEYS #3889,SR-29 & CR-1350,Henry,IL,41.117367,-89.357282,3.349000,3.349000,3.349000,1
70214,RACETRAC #688,I-20 & SR-6,Lithia Springs,GA,33.782487,-84.648488,2.972333,2.972333,2.972333,1
70216,PILOT TRAVEL CENTER #1110,I-25 & SR-105,Monument,CO,39.074406,-104.844221,3.609000,3.579000,3.639000,2
70217,MR GAS #20,I-84 EXIT 165,Jerome,ID,42.718095,-114.515791,3.407333,3.407333,3.407333,1
70218,LOVES TRAVEL STOP #725,I-69 & SR-260,Hanson,KY,37.418766,-87.480694,3.599000,3.599000,3.599000,1
70219,LOVES TRAVEL STOP #709,US-59 & SR-116,Lufkin,TX,31.322904,-94.729026,3.649000,3.649000,3.649000,1
70220,LOVES TRAVEL STOP #497,"I-40, EXIT 154 & US-64",Statesville,NC,35.785493,-80.872962,3.689000,3.689000,3.689000,1
70221,PILOT TRAVEL CENTER #1092,CR-70 E,Cedar Rapids,IA,41.965850,-91.678901,3.779000,3.779000,3.779000,2
70222,GOOD TO GO #45,"US-52 & SR-55, SR-18",Fowler,IN,40.617228,-87.317929,3.699000,3.699000,3.699000,1
70223,SPEEDWAY #8749,"I-75, EXIT 116",Flint,MI,43.024420,-83.691971,3.212333,3.089000,3.289000,3
70224,GOLDEN GATE PETROLEUM,I-70 EXIT 42,Palisade,CO,39.107931,-108.357330,3.549000,3.549000,3.549000,1
70225,Union 76 Pilot,US-130,Riverton,NJ,40.011940,-75.014740,3.999000,3.999000,3.999000,1
70227,LOVES TRAVEL STOP #724,"I-75, EXIT 414 & US-41",Lake City,FL,30.188638,-82.642246,3.339000,3.339000,3.339000,1
70229,TA EXPRESS HENDERSON #969,I-11 EXIT 15A,Henderson,NV,36.008958,-115.026800,3.639000,3.639000,3.639000,1
70232,RUTTERS #73,"I-81, EXIT 8 & CR-32",Inwood,WV,39.353822,-78.055191,3.659000,3.659000,3.659000,1
70233,RUDS,SR-31 & I-94 EXIT 127,New Salem,ND,46.843050,-101.417941,3.499000,3.499000,3.499000,1
70236,LOVES TRAVEL STOP #733,"I-25, EXIT 347",Las Vegas,NM,35.604818,-105.217023,3.489000,3.489000,3.489000,1
70238,ROAD RANGER #275,"I-10, EXIT 400 & US-277",Sonora,TX,30.570654,-100.641768,3.549000,3.549000,3.549000,1
70239,GOOD 2 GO #717,"I-25, EXIT 145",Colorado Springs,CO,38.867255,-104.760749,3.479000,3.479000,3.479000,1
70240,MAVERIK COUNTRY STORE #370,"I-15, EXIT 10",Saint George,UT,37.077006,-113.576534,3.541500,3.541500,3.541500,1
70241,MAVERIK COUNTRY STORE #460,SR-88,Minden,NV,38.964576,-119.766621,3.525667,3.525667,3.525667,1
70242,ROAD RANGER #276,"I-35, EXIT 342A",Waco,TX,31.557994,-97.189750,3.049000,3.049000,3.049000,1
70243,CASEYS #4415,US-68 & US-31W /SR-526,Bowling Green,KY,36.975653,-86.435962,2.999000,2.999000,2.999000,1
70245,YESWAY #1168,US-287 & CR-368,Iowa Park,TX,33.962773,-98.680872,2.889000,2.889000,2.889000,1
70246,7-Eleven #37565,SR-944 & SR-9,Miami,FL,25.775163,-80.208615,3.249000,3.249000,3.249000,1
70247,EXXON DBA ONE9 #1416,I-20 EXIT 458,Dallas,TX,32.793333,-96.766513,2.992333,2.992333,2.992333,1
70249,Caseys #4466,US-231 & SR-100,Scottsville,KY,36.749261,-86.207621,3.312333,3.312333,3.312333,1
70251,Marathon,SR-42 & US-49,Hattiesburg,MS,31.307305,-89.317434,3.032333,3.032333,3.032333,1
70254,LOVES TRAVEL STOP #732,I-70 & CR-829,Abilene,KS,38.924503,-97.228004,3.762333,3.762333,3.762333,1
70255,J&H  FAMILY STORE #152,SR-55,Cadillac,MI,44.251327,-85.413986,3.409000,3.259000,3.559000,2
70256,PILOT TRAVEL CENTER #1128,SR-60,Bartow,FL,27.886803,-81.821758,3.599000,3.599000,3.599000,2
70257,LOVES TRAVEL STOP #739,I-2,Donna,TX,26.161050,-98.038929,3.649000,3.649000,3.649000,1
70258,CASEYS #3677,US-59 & SR-30,Slayton,MN,43.990229,-95.758371,3.299000,3.299000,3.299000,1
70262,ASAP GENERAL STORE #332,US-70 & US-377,Madill,OK,34.087080,-96.774665,3.015667,3.015667,3.015667,1
70263,ENMARKET #769,US-301,Statesboro,GA,32.437726,-81.775637,3.699000,3.699000,3.699000,1
70265,Speedee Mart # 2875,I-80 & CR-238,Milford,NE,40.772568,-97.054119,3.432333,3.432333,3.432333,1
70266,PILOT #1161,I-20,Odessa,TX,31.880461,-102.345314,3.565667,3.565667,3.565667,1
70267,LOVES TRAVEL STOP #728,"I-5, EXIT 238 & SR-164",Albany,OR,44.626928,-123.096741,3.847333,3.847333,3.847333,1
70268,CASEYS #3396,SR-92 & SR-149,Sigourney,IA,41.333974,-92.204448,3.362333,3.362333,3.362333,1
70269,CASEYS #3589,"I-29, EXIT 2",North Sioux City,SD,42.530926,-96.499552,3.059000,3.059000,3.059000,1
70270,CASEYS #3685,US-50/US400  & SR-25,Lakin,KS,37.940016,-101.258444,3.192333,3.192333,3.192333,1
70271,CASEYS #1160,US-20,Plainview,NE,42.353346,-97.787145,3.229000,3.229000,3.229000,1
70273,SPEEDWAY #5457,"I-264 E, EXIT 14 & SR-864 N",Louisville,KY,38.224728,-85.740614,3.029000,3.029000,3.029000,1
70274,Kwik Star #920,US-18 & US-69,Garner,IA,43.099971,-93.603118,3.399000,3.399000,3.399000,1
70276,STAR EXPRESS #5,US-301 & SR-648,Petersburg,VA,37.204730,-77.392368,3.049000,3.049000,3.049000,1
70277,KWIK TRIP #595,SR-46,Amery,WI,45.304590,-92.363356,3.560667,3.560667,3.560667,1
70278,KWIK TRIP #923,"I-41, EXIT 146 & CR-N",Little Chute,WI,44.291128,-88.320399,3.269000,3.269000,3.269000,1
70279,KWIK TRIP #926,SR-19 & SR-21,New Prague,MN,44.545736,-93.575559,3.290667,3.290667,3.290667,1
70280,LOVES TRAVEL STOP #668,"I-25, EXIT 250 & SR-56",Berthoud,CO,40.284675,-104.965515,3.390667,3.390667,3.390667,1
70281,LOVES TRAVEL STOP #645,"I-75, EXIT 18",Monroe,MI,41.916586,-83.384324,3.405667,3.239000,3.549000,6
70282,PLEASANT SPRINGS TRAVEL,"I-39, EXIT 147 & CR-N",Cottage Grove,WI,43.092222,-89.205337,3.390667,3.390667,3.390667,1
70283,SPEEDWAY #3996,US-12 & SR-120,Round Lake,IL,42.343181,-88.102099,3.442333,3.399000,3.479000,3
70284,ROBINSON CORINTH IRVING,"I-395 N, EXIT 3",Corinth,ME,44.980473,-69.010748,3.932333,3.932333,3.932333,1
70285,IRVING MAINWAY,SR-16 E,Dover Foxcroft,ME,45.205071,-69.223215,3.865667,3.865667,3.865667,1
70286,ROBINSONS IRVING,SR-7,Corinna,ME,44.922741,-69.265852,3.932333,3.932333,3.932333,1
70287,LOVES TRAVEL STOP #710,US-31 & SR 28,Tipton,IN,40.282484,-86.043208,3.847333,3.847333,3.847333,1
70291,LOVES TRAVEL STOP #723,"I-80, EXIT 310 & CR-322",Laramie,WY,41.305955,-105.608637,3.615667,3.615667,3.615667,1
70292,FLYING J #1171,I-15,Mesquite,NV,36.811120,-114.125652,3.705667,3.705667,3.705667,1
70293,KWIK TRIP #922,US-8,Cameron,WI,45.403592,-91.739750,3.664000,3.664000,3.664000,1
70295,SPEEDWAY #8080,I-69 & US-20,Angola,IN,41.641090,-85.010973,3.599000,3.599000,3.599000,1
70296,MAVERIK COUNTRY STORE #573,SR-68 & SR-154,Riverton,UT,40.517634,-111.963515,3.135667,3.135667,3.135667,1
70297,KWIK STAR #509,SR-169 & BUS-20,Fort Dodge,IA,42.509863,-94.175675,3.202333,3.202333,3.202333,1
70298,LOVES TRAVEL STOP #740,"I-95, EXIT 38 & SR-68",Yemassee,SC,32.678312,-80.847883,3.419000,3.419000,3.419000,1
70299,Mr Fuel Travel Center dba Pilot Express #1149,"I-295, EXIT 41 & SR-105",Jacksonville,FL,30.336864,-81.661603,3.239000,3.239000,3.239000,3
70300,PILOT DEALER #1194,I-10 & US-60,Phoenix,AZ,33.572154,-112.090132,6.039000,6.039000,6.039000,2
70301,GOLDEN GATE TRUCKSTOP,I-80 & SR-535,Elko,NV,40.838111,-115.767809,3.599000,3.599000,3.599000,1
70302,KWIK TRIP #117,CR-9 & CR-4,Duluth,MN,46.774458,-92.134135,3.499000,3.499000,3.499000,1
70303,Kwik Star #1004,US-63,Waterloo,IA,42.492327,-92.351947,3.574000,3.574000,3.574000,1
70304,Rusty Lantern,"I-95, EXIT 109A & SR-202",Augusta,ME,44.334904,-69.734199,3.887333,3.887333,3.887333,1
70305,LOVES TRAVEL STOP #737,I-40/US-270,El Reno,OK,35.541833,-97.961268,3.344000,3.344000,3.344000,1
70306,KWIK STAR #1001,US-6,Newton,IA,41.696337,-93.040512,3.249000,3.249000,3.249000,1
70307,KWIK TRIP #592,"I-35, EXIT 159 & CR-1",Rush City,MN,45.687442,-92.965303,3.377333,3.377333,3.377333,1
70308,KWIK TRIP #946,SR-32,Pulaski,WI,44.668206,-88.234279,3.457333,3.457333,3.457333,1
70309,PILOT #1165,SR-18 & SR-128,Jal,NM,32.114838,-103.189996,3.365667,3.365667,3.365667,1
70310,LANCASTER CONVENIENCE,US-2 & US-70,Lancaster,MA,42.483569,-71.675585,3.705667,3.705667,3.705667,1
70311,RACING MART,SR-8,Adams,MA,42.629085,-73.118747,3.699000,3.699000,3.699000,1
70313,Flyer's #3207,"SR-143, EXIT 2",Phoenix,AZ,33.572154,-112.090132,3.389000,3.389000,3.389000,1
70314,CASEYS #2721,US-34,Lincoln,NE,40.808943,-96.677895,3.336500,3.336500,3.336500,1
70318,LOVES TRAVEL STOP #738,"I-30/US-67, EXIT 122 & SR-19/SR-11",Sulphur Springs,TX,33.143108,-95.614702,3.309000,3.309000,3.309000,1
70319,SPEEDWAY #3650,"I-76, EXIT 11 & SR-261",Wadsworth,OH,41.027436,-81.732205,3.699000,3.699000,3.699000,1
70320,SPEEDWAY #7177,"I-24, EXIT 158 & SR-27",Jasper,TN,35.068255,-85.621162,3.014000,3.014000,3.014000,1
70321,PILOT TRAVEL CENTER #1132,SR-171 & SR-78,Brawley,CA,32.978454,-115.528569,4.829000,4.759000,4.899000,4
70322,INDIAN HILL IRVING,SR 6,Greenville,ME,45.466113,-69.577856,3.865667,3.865667,3.865667,1
70323,LOVES TRAVEL STOP #750,I-74 EXIT 206,Oakwood,IL,40.110126,-87.776925,3.489000,3.389000,3.589000,3
70324,LOVES TRAVEL STOP #729,CR-17 & US-20,Goshen,IN,41.573884,-85.829986,3.722333,3.722333,3.722333,1
70325,KWIK STAR #927,US-169 & US-169 BUS/US-20 BUS,Fort Dodge,IA,42.509863,-94.175675,3.202333,3.202333,3.202333,1
70326,PILOT #1207,"I-20, EXIT 79 & SR-464",Monahans,TX,31.655721,-103.083694,3.465667,3.465667,3.465667,1
70328,Thorntons #7,US-12 & US-45,Franklin Park,IL,41.935983,-87.879197,3.462333,3.329000,3.679000,3
70329,1 STOP TRAVEL PLAZA,US-14 & US-83,Pierre,SD,44.375163,-100.319996,3.382333,3.382333,3.382333,1
70331,LOVES TRAVEL STOP #707,"I-64, EXIT 21",Covington,VA,37.781060,-79.985434,3.649000,3.649000,3.649000,1
70333,KWIK STAR #932,"I-80, EXIT 143 & CR-S14",Altoona,IA,41.646353,-93.478611,2.959000,2.959000,2.959000,1
70334,KWIK TRIP #1021,SR-11 & CR-E,Brodhead,WI,42.616836,-89.375604,3.415667,3.415667,3.415667,1
70336,SPEEDWAY #3962,"I-39,  EXIT 3 & SR-9",Roscoe,IL,42.425559,-89.009455,3.469000,3.469000,3.469000,1
70337,LOVES TRAVEL STOP #700,I-10 EXIT 404 & SR-467,Sonora,TX,30.570654,-100.641768,3.647333,3.647333,3.647333,1
70338,LOVES TRAVEL STOP #747,"I-75, EXIT 90",Sidney,OH,40.289527,-84.166729,3.345667,3.345667,3.345667,1
70340,PIT STOP,SR-53 & SR-74,Joliet,IL,41.517701,-88.148846,3.499000,3.499000,3.499000,1
70341,LOVES TRAVEL STOP #741,US-29,Reidsville,NC,36.341304,-79.673826,3.999000,3.999000,3.999000,1
70342,AF TRUCK CENTER,"I-294, EXIT 33 & SR-64",Melrose Park,IL,41.902995,-87.863648,3.459000,3.459000,3.459000,1
70343,PILOT TRAVEL CENTER #1103,"I-5, EXIT 208 & SR-530",Arlington,WA,48.170372,-122.144553,4.559000,4.559000,4.559000,1
70344,KWIK TRIP #928,US-169,Princeton,MN,45.568215,-93.590254,3.399000,3.399000,3.399000,1
70345,LOVES TRAVEL STOP #742,"I-196, EXIT 52",Holland,MI,42.768074,-86.098598,4.089000,4.089000,4.089000,1
70346,Kwik Star #924,SR-17 & US-20 EXIT 140,Webster City,IA,42.462423,-93.818201,3.202333,3.202333,3.202333,1
70349,WEIGELS #90,SR-139 & SR-66,Kodak,TN,35.974532,-83.626840,3.199000,3.199000,3.199000,1
70350,CIRCLE K #2741859,CR-802,Brownsville,TX,25.995689,-97.450848,3.029000,3.029000,3.029000,1
70351,MAVERIK COUNTRY STORE #606,US-91,Franklin,ID,42.009503,-111.802183,3.579000,3.579000,3.579000,1
70352,KWIK TRIP #1019,CR-5 & SR-65,Isanti,MN,45.491545,-93.242818,3.474000,3.474000,3.474000,1
70353,ASAP General Store #314,"US-62, US-81, SR-9",Chickasha,OK,35.040543,-97.947173,3.132333,3.132333,3.132333,1
70357,Certified Oil #400489,"I-71, EXIT 104",Columbus,OH,39.983938,-82.984882,3.409000,3.409000,3.409000,1
70358,FOOD N FUEL #25,SR-15 & US-12,Milbank,SD,45.219432,-96.633696,3.369000,3.369000,3.369000,1
70359,PILOT DEALER #1185,"I-15, EXIT 9   3",Littlefield,AZ,36.865925,-113.935976,3.699000,3.689000,3.709000,2
70360,MAVERIK COUNTRY STORE #595,"I-84, EXIT 28",Caldwell,ID,43.645880,-116.659336,3.369000,3.369000,3.369000,1
70361,MAVERIK COUNTRY STORE #599,US-89 & CR-122,Thayne,WY,42.919679,-110.995529,3.669000,3.669000,3.669000,1
70366,FAST STOP,US-41,Escanaba,MI,45.746289,-87.083605,3.399000,3.399000,3.399000,1
70371,KENT KWIK #440,US-277,Haskell,TX,33.159775,-99.732032,3.539000,3.539000,3.539000,1
70373,KWIK TRIP #791,US-45 & SR-54,New London,WI,44.395910,-88.738610,3.484000,3.484000,3.484000,1
70374,LOVES TRAVEL STOP #746,I-72 & SR-121,Decatur,IL,39.855983,-88.933746,3.469000,3.449000,3.489000,2
70375,QUIKTRIP #1853,US-81,Decatur,TX,33.225899,-97.587040,2.899000,2.899000,2.899000,1
70376,QUIKTRIP #1935,SR-183,Dallas,TX,32.793333,-96.766513,2.975667,2.975667,2.975667,1
70377,WEIGELS #81,I-81 & SR-32,Morristown,TN,36.204351,-83.300032,3.259000,3.259000,3.259000,1
70379,SPEEDWAY #7209,US-411 & SR-20,Cartersville,GA,34.164579,-84.801704,3.115667,3.115667,3.115667,1
70380,LOVES TRAVEL STOP #714,"I-85, EXIT 29",Charlotte,NC,35.209045,-80.830990,3.522333,3.522333,3.522333,1
70383,SPEEDWAY #4400,I-10 & SR-59,Loxley,AL,30.684588,-87.739213,3.282333,3.282333,3.282333,1
70385,LONGHORN EXPRESS,US-70,Ardmore,OK,34.196507,-97.131848,3.009000,3.009000,3.009000,1
70388,PILOT #1205,"I-20, EXIT 80",Monahans,TX,31.655721,-103.083694,3.465667,3.465667,3.465667,1
70389,PILOT #1145,SR-191,Midland,TX,32.024642,-102.113467,3.565667,3.565667,3.565667,1
70390,FLYING J #1206,SR-302 & CR-313,Kermit,TX,31.853923,-103.092395,3.255667,3.255667,3.255667,1
70391,MACH 1 #12,I-57 EXIT 65,West Frankfort,IL,37.899495,-88.930814,3.249000,3.199000,3.299000,2
70403,MAVERIK COUNTRY STORE #607,"I-90, EXIT 1",Post Falls,ID,47.725559,-116.944167,3.375667,3.375667,3.375667,1
70404,MAVERIK COUNTRY STORE #602,"I-25 EXIT, 138",Colorado Springs,CO,38.867255,-104.760749,3.289000,3.289000,3.289000,1
70405,LOVES TRAVEL STOP #760,SR-18 & SR-234,Eunice,NM,32.436147,-103.149043,3.329000,3.329000,3.329000,1
70406,LOVES TRAVEL STOP #754,SR-251,Rochelle,IL,41.919149,-89.063661,3.799000,3.749000,3.849000,2
70407,BOLLA MARKET,"I-495, EXIT 57",Islandia,NY,40.806862,-73.171084,3.592333,3.539000,3.639000,3
70408,BOLLA MARKET,"I-495, EXIT 64",Medford,NY,40.821979,-72.985918,3.739000,3.539000,4.039000,3
70409,SPEEDWAY #6512,"I-196, EXIT 49 & SR-40",Holland,MI,42.768074,-86.098598,3.899000,3.899000,3.899000,1
70410,SPEEDWAY #4107,I-285 & US-78,Stone Mountain,GA,33.804187,-84.171420,3.529000,3.529000,3.529000,1
70411,MARATHON,SR-72,Elberton,GA,34.106816,-82.872686,3.899000,3.899000,3.899000,1
70413,CASEYS #3782,US-169 & SR-2,Mount Ayr,IA,40.714071,-94.237225,3.164000,3.164000,3.164000,1
70415,GARDEN TRUCK STOP,SR-55 /EXIT 35,Vineland,NJ,39.465007,-74.997115,3.999000,3.999000,3.999000,1
70416,ALLSUPS CONVENIENCE STORE #2361,US-54 & US-287,Stratford,TX,36.337568,-102.076030,2.957333,2.957333,2.957333,1
70417,CASEYS #3434,US-63,Denver,IA,42.668220,-92.333942,3.499000,3.499000,3.499000,1
70419,FUEL AMERICA TRAVEL CENTER,I-35 EXIT 24,Laredo,TX,27.560379,-99.489181,3.099000,3.099000,3.099000,1
70420,Circle K #2709302,SR-67,Decatur,AL,34.572995,-86.989901,3.507333,3.507333,3.507333,1
70421,CASEYS #3581,US-62/US-67,Corning,AR,36.413682,-90.583609,3.282333,3.282333,3.282333,1
70422,CIRCLE K #2741675,"I-10, EXIT 134",Tolleson,AZ,33.448370,-112.256012,3.519000,3.519000,3.519000,1
70423,LOVES TRAVEL STOP #763,I-90 & US-20,Hampshire,IL,42.115607,-88.505165,3.519000,3.449000,3.649000,5
70424,LOVES TRAVEL STOP #743,"I-75, EXIT 144A",Bridgeport,MI,43.370815,-83.881964,3.405000,3.279000,3.589000,5
70425,LOVES TRAVEL STOP #731,"I-79, EXIT 105 & SR-108",Slippery Rock,PA,41.069487,-80.057929,4.249000,4.249000,4.249000,1
70426,BISHOPS TRAVEL CENTER,US-27,Attapulgus,GA,30.749490,-84.483886,3.699000,3.699000,3.699000,1
70427,PARKERS #64 (DISCOUNT AVAILABLE),SR-307,Savannah,GA,32.018043,-81.196492,3.032333,3.032333,3.032333,1
70428,PARKERS #63 (DISCOUNT AVAILABLE),US-301,Jesup,GA,31.594574,-81.895699,3.115667,3.115667,3.115667,1
70429,BP,SR-76,Adel,GA,31.124811,-83.425467,2.969000,2.969000,2.969000,1
70430,SPRINT FOODS #715,I-520 & SR-56,Augusta,GA,33.365531,-82.073422,3.192333,3.192333,3.192333,1
70431,TA EXPRESS HOLSTEIN #941,I-20 E,Holstein,IA,42.487149,-95.542877,3.559000,3.559000,3.559000,1
70432,GAS N WASH,SR-43,Frankfort,IL,41.507025,-87.870966,3.549000,3.499000,3.599000,2
70433,GAS N WASH,SR-126,Plainfield,IL,41.630301,-88.245282,3.599000,3.599000,3.599000,1
70434,HUCKS FOOD & FUEL #371,SR-148 & SR-142,Mount Vernon,IL,38.314205,-88.917470,3.099000,3.099000,3.099000,1
70436,CASEYS #3492,US-36,Marysville,KS,39.843690,-96.638878,3.299000,3.299000,3.299000,1
70437,Thorntons #155,"SR-1020 N, & SR1065 E",Louisville,KY,38.224728,-85.740614,2.905667,2.905667,2.905667,1
70438,BREAU BRIDGE TRUCKSTOP AND CASINO,SR-94,Breaux Bridge,LA,30.283099,-91.905919,3.229000,3.229000,3.229000,1
70439,CHEVRON,I-20 & SR-151,Arcadia,LA,32.550848,-92.921373,3.189000,3.189000,3.189000,1
70440,MOUND MINI MART,I-696,Warren,MI,42.492904,-83.025001,3.699000,3.699000,3.699000,1
70441,BREAK TIME #3165,US-50 & SR-13,Warrensburg,MO,38.762381,-93.725337,3.292333,3.292333,3.292333,1
70442,GOLDEN GATE PETRO,I-580 & US-50,Carson City,NV,39.153060,-119.747368,3.599000,3.599000,3.599000,1
70443,GLUCKSTADT FLEETWAY,"I-55, EXIT 112",Madison,MS,32.473884,-90.130865,3.199000,3.199000,3.199000,1
70445,CASEYS #3514,SR-1,Oakes,ND,46.139704,-98.087123,3.382333,3.382333,3.382333,1
70446,ALLSUPS CONVENIENCE STORE #2220,US-285,Loving,NM,32.286235,-104.097756,3.599000,3.599000,3.599000,1
70447,84 QUIK STOP,"I-84, EXIT 3 & US-6",New Hampton,NY,41.410927,-74.407100,3.579000,3.459000,3.699000,2
70448,CIRCLE K #4707623,"I-81, EXIT 31",Brewerton,NY,43.232432,-76.144820,4.089000,4.089000,4.089000,1
70450,QUEENSBURY,SR-149,Queensbury,NY,43.368207,-73.673872,3.789000,3.789000,3.789000,1
70452,LOVES TRAVEL STOP #749,SR-78,Westmorland,CA,33.038996,-115.622441,4.826500,4.779000,4.889000,4
70453,MARIETTA PETROLEUM,"I-35, EXIT 15 & SR-32",Marietta,OK,33.936172,-97.124716,2.922333,2.922333,2.922333,1
70454,DANDY MINI MART #36,US-220,Monroeton,PA,41.712575,-76.474665,4.032333,4.032333,4.032333,1
70455,RUTTERS #37,US-332/US-22 & SR-75,Mifflintown,PA,40.571174,-77.395140,4.099000,4.099000,4.099000,1
70456,RUTTERS #67,SR-16 & SR-75,Mercersburg,PA,39.831886,-77.902890,4.399000,4.399000,4.399000,1
70457,RUTTERS #15,"I-83, EXIT 22 & SR-4009",York,PA,39.964798,-76.731840,4.199000,4.199000,4.199000,1
70458,STOP-A MINIT,US-25 & SR-418,Pelzer,SC,34.643648,-82.460074,2.899000,2.899000,2.899000,1
70459,GET N GO #22,I-90 & SR-115,Sioux Falls,SD,43.540696,-96.731962,2.939000,2.939000,2.939000,1
70460,ALLSUPS CONVENIENCE STORE #2371,US-87,San Angelo,TX,31.441078,-100.450499,3.205667,3.205667,3.205667,1
70461,CIRCLE K #2741074,I-35 & FM-1103,New Braunfels,TX,29.699306,-98.115127,2.844000,2.844000,2.844000,1
70463,CIRCLE K #2741496,US-290,Chappell Hill,TX,30.142717,-96.256907,2.999000,2.999000,2.999000,1
70464,GOLDEN GATE PETEROLEUM 24 RD,US-6,Grand Junction,CO,39.089062,-108.567452,3.539000,3.539000,3.539000,1
70466,Circle K #2741925,SR-19,Trinity,TX,30.944452,-95.373563,2.899000,2.899000,2.899000,1
70467,QUIKTRIP #598,"I-80, EXIT 439, SR-370",Omaha,NE,41.262705,-96.053475,2.927333,2.927333,2.927333,1
70468,CIRCLE K #2741325,I-14 & SR-121,Belton,TX,31.052345,-97.479542,2.885667,2.885667,2.885667,1
70469,TA EXPRESS #286,I-30 & SR-423,Mount Vernon,TX,33.177431,-95.224447,3.299000,3.299000,3.299000,1
70472,SHELL/ONE9 #1304,I-820 & CR-156,Fort Worth,TX,32.781954,-97.348573,2.892333,2.892333,2.892333,1
70474,EXXON,"I-30, EXIT 42A",Dallas,TX,32.793333,-96.766513,3.499000,3.499000,3.499000,1
70476,KWIK TRIP #1037,SR-65/23,Mora,MN,45.876981,-93.290284,3.394000,3.394000,3.394000,1
70478,TA Express Salina,"I-70, EXIT 56",Salina,UT,38.938815,-111.865194,3.649000,3.649000,3.649000,1
70479,CROSSROADS MARKET,US-60 & SR-657,Gladstone,VA,37.546809,-78.849462,3.439000,3.439000,3.439000,1
70480,BIG B TRUCK STOP,"I-90, EXIT 321",Sprague,WA,47.304889,-117.971290,3.899000,3.899000,3.899000,1
70481,GOHL POST BP,"I-39, EXIT 100",Endeavor,WI,43.714386,-89.469166,3.175667,3.175667,3.175667,1
70482,BIG D OIL #19,SR-259 & SR-387,Midwest,WY,43.410768,-106.277289,3.459000,3.459000,3.459000,1
70483,BOLLA MARKET,SR-27 & CR-47,Copiague,NY,40.670358,-73.392761,3.419000,3.399000,3.439000,2
70484,ALLSUPS CONVENIENCE STORE #2117,SR-18 & CR-97,Lovington,NM,32.944466,-103.349225,3.104000,3.104000,3.104000,1
70485,ALLSUPS CONVENIENCE STORE #2145,SR-132,Hobbs,NM,32.729088,-103.160828,3.382333,3.382333,3.382333,1
70488,ALLSUPS CONVENIENCE STORE #2365,US-380 & SR-214,Plains,TX,33.188330,-102.821478,3.369000,3.369000,3.369000,1
70491,MFA OIL PETRO CARD 24,US-36,Hamilton,MO,39.743535,-94.002400,3.240667,3.240667,3.240667,1
70492,KWIK TRIP #1033,US-51 EXIT 191B,Wausau,WI,44.961766,-89.646538,3.454000,3.454000,3.454000,1
70493,LOVES TRAVEL STOP #759,US-63/SR-11,Hazen,AR,34.781368,-91.558058,3.225667,3.225667,3.225667,1
70494,7-ELEVEN #37570,I-76/US-6,Commerce City,CO,39.882792,-104.794908,3.639000,3.639000,3.639000,1
70495,LOVES TRAVEL STOP #689,US-65 & US-82,Lake Village,AR,33.329180,-91.284794,3.269000,3.269000,3.269000,1
70496,KWIK TRIP #1015,"I-43, EXIT 171",Denmark,WI,44.349336,-87.831198,3.362333,3.362333,3.362333,1
70498,KWIK TRIP #939,"SR-29, EXIT 101",Stanley,WI,44.959383,-90.943719,3.469000,3.469000,3.469000,1
70500,STRIPES 7FLEET #42526,SR-289,Lubbock,TX,33.561901,-101.888883,3.055667,3.055667,3.055667,1
70501,STRIPES 7FLEET #42527,SR-191 & US-349,Midland,TX,32.024642,-102.113467,3.472333,3.472333,3.472333,1
70502,STRIPES 7FLEET #42532,SR-302 & FM-1936,Odessa,TX,31.880461,-102.345314,3.099000,3.099000,3.099000,1
70503,STRIPES 7FLEET #42491,US-67 & SR-137,Big Lake,TX,31.194112,-101.453406,3.549000,3.549000,3.549000,1
70505,STRIPES #42593,LOOP 289 & MLK BLVD,Lubbock,TX,33.561901,-101.888883,2.965667,2.965667,2.965667,1
70507,ALLSUPS CONVENIENCE STORE #2154,SR-206 / US-283,Coleman,TX,31.831378,-99.422201,3.159000,3.159000,3.159000,1
70508,7-ELEVEN #34715,I-294 EXIT 20,Schiller Park,IL,41.958626,-87.869317,4.579000,4.579000,4.579000,1
70509,ALLSUPS CONVENIENCE STORE #2108,US-377 & US-183,Early,TX,31.742153,-98.936602,2.932333,2.932333,2.932333,1
70510,ALLSUPS CONVENIENCE STORE #2147,SR-6 & CR-454,De Leon,TX,32.111350,-98.535156,3.159000,3.159000,3.159000,1
70516,STRIPES 7FLEET #42528,"I-20, EXIT 217 & SR-139",Colorado City,TX,32.399486,-100.858304,2.899000,2.899000,2.899000,1
70527,THORNTONS #164,I-65 EXIT 16 & US-31,Memphis,IN,38.494822,-85.767036,3.625667,3.625667,3.625667,1
70530,LOVES TRAVEL STOP #767,FM-511 & SR-48,Brownsville,TX,25.995689,-97.450848,3.155667,3.155667,3.155667,1
70538,SPEEDWAY #9329,"I-64 EXIT 43, SR 395 & 2823",Waddy,KY,38.137015,-85.074398,3.149000,3.149000,3.149000,1
70539,PILOT TRAVEL CENTER #1174,"I-70/SR-1, EXIT 147",Marshall,IL,39.399532,-87.691168,3.391000,3.299000,3.499000,5
70540,LOVES TRAVEL STOP #674,US-27 & SR-60,Lake Wales,FL,27.920697,-81.599505,3.552333,3.552333,3.552333,1
70541,Kwik Star#1012,US-71 & SR-9,Spirit Lake,IA,43.416659,-95.113071,3.299000,3.299000,3.299000,1
70543,ALLSUPS CONVENIENCE STORE #2078,US-60,White Deer,TX,35.433397,-101.175846,2.969000,2.969000,2.969000,1
70544,ALLSUPS CONVENIENCE STORE #2100,US-87,Odonnell,TX,32.965202,-101.830842,3.099000,3.099000,3.099000,1
70545,ALLSUPS CONVENIENCE STORE #2205,SR-83,Denver City,TX,32.967871,-102.832225,3.365667,3.365667,3.365667,1
70546,ALLSUPS CONVENIENCE STORE #2370,US-287 & SR-70,Clarendon,TX,34.936913,-100.892111,2.929000,2.929000,2.929000,1
70547,ALLSUPS CONVENIENCE STORE #2140,SR-114,Bridgeport,TX,33.210449,-97.772466,2.899000,2.899000,2.899000,1
70548,ALLSUPS CONVENIENCE STORE #2114,US-84,Muleshoe,TX,34.229179,-102.728380,3.190667,3.190667,3.190667,1
70549,ALLSUPS CONVENIENCE STORE #2194,214 PLAINS HIGHWAY,Denver City,TX,32.967871,-102.832225,3.382333,3.382333,3.382333,1
70550,TEXACO #379545,US-290,Giddings,TX,30.183667,-96.928029,3.399000,3.399000,3.399000,1
70551,KWIK TRIP #1047,SR-100 & SR-59,Milwaukee,WI,43.063348,-87.966695,3.540667,3.540667,3.540667,1
70552,KWIK TRIP #941,US-2,Duluth,MN,46.774458,-92.134135,3.499000,3.499000,3.499000,1
70553,KWIK TRIP #1028,US-59,Worthington,MN,43.628733,-95.599702,3.165667,3.165667,3.165667,1
70554,HORSESHOE CONVENIENCE,SR 302 & IC 200,Mentone,TX,31.707438,-103.598875,3.107333,3.107333,3.107333,1
70555,THORNTONS #615,I-40 EXIT 188,Kingston Springs,TN,36.081868,-87.108965,2.982333,2.982333,2.982333,1
70556,ZIP ZONE EXPRESS,US-23,Catlettsburg,KY,38.417041,-82.603017,3.699000,3.699000,3.699000,1
70557,LOVES TRAVEL STOP #727,"I-44, EXIT 283 & US-69",Big Cabin,OK,36.542261,-95.221994,3.412333,3.412333,3.412333,1
70558,LOVES TRAVEL STOP #752,"I-43, EXIT 25 & SR-67",Elkhorn,WI,42.671601,-88.536256,3.240667,3.240667,3.240667,1
70559,KWIK TRIP #1026,"HWY-23/ HWY-169, EXIT 23",Milaca,MN,45.756748,-93.651256,3.369000,3.369000,3.369000,1
70560,PILOT DEALER #1235,"I-8, EXIT 42",Tacna,AZ,32.700435,-113.961785,3.629000,3.599000,3.659000,2
70561,PILOT #1143,I-20 & SR-302,Odessa,TX,31.880461,-102.345314,3.599000,3.599000,3.599000,1
70562,SPEEDWAY #7161,I-65 & US-31,Portland,TN,36.597486,-86.526621,3.024000,3.024000,3.024000,1
70563,PILOT DEALER #1234,US-93 & CR-145,Willow Beach,AZ,35.738045,-114.397466,3.869000,3.839000,3.899000,2
70564,SPEEDWAY #7236,"I-90/SR-2, EXIT 151",Avon,OH,41.445100,-82.005109,3.659000,3.659000,3.659000,1
70565,Kwik Star #1025,SR-9/SR-4,Estherville,IA,43.399735,-94.834216,3.332333,3.332333,3.332333,1
70567,LEDGEWOOD BP,I-80/SR-46,Ledgewood,NJ,40.883268,-74.668029,3.299000,3.299000,3.299000,1
70571,LOVES TRAVEL STOP #748,"I-90, I-80 & SR-49",Edon,OH,41.556168,-84.769373,3.887333,3.887333,3.887333,1
70572,LOVES TRAVEL STOP #745,I-94,Saint Clair,MI,42.826530,-82.492433,3.949000,3.949000,3.949000,1
70573,KWIK TRIP #1038,US-12,Prairie Du Sac,WI,43.293928,-89.735231,3.484000,3.484000,3.484000,1
70574,SPEEDWAY #3961,"I-55, EXIT 109",Williamsville,IL,39.956112,-89.543628,3.299000,3.299000,3.299000,1
70575,SPEEDWAY #6721,SR 51,Mc Kees Rocks,PA,40.469019,-80.063328,3.899000,3.899000,3.899000,1
70576,KWIK TRIP #593,"I-94, EXIT 41 & SR-25",Menomonie,WI,44.889200,-91.909570,3.574000,3.574000,3.574000,1
70577,SPEEDWAY #3715,US-30,Crest Hill,IL,41.574360,-88.113261,3.329000,3.299000,3.359000,2
70578,COMMON CENTS #125,"I-90/US-14, EXIT 61",Rapid City,SD,44.071071,-103.217924,3.207333,3.207333,3.207333,1
70579,Exxon/One9 #1338,I-35 & CR-372,Jarrell,TX,30.810264,-97.615122,2.885667,2.885667,2.885667,1
70580,LOVES TRAVEL STOP #753,I-90 EXIT 96 & SR-474,Missoula,MT,46.874359,-114.026136,3.674000,3.674000,3.674000,1
70581,LOVES TRAVEL STOP #773,"SR-14 & I-59/20, EXIT 40",Eutaw,AL,32.846247,-87.900332,3.137333,3.137333,3.137333,1
70582,Kwik Star #1039,I-80 EXIT 301,Bettendorf,IA,41.566836,-90.476879,3.649000,3.649000,3.649000,1
70583,LOVES TRAVEL STOP #783,US-60 & US-63,Willow Springs,MO,36.986728,-91.961517,3.419000,3.419000,3.419000,1
70584,PILOT TRAVEL CENTER #1209,"I-20, EXIT 136 & SR-349",Midland,TX,32.024642,-102.113467,3.565667,3.565667,3.565667,1
70585,PILOT TRAVEL CENTER #1211,US-385 & CR-1910,Andrews,TX,32.321336,-102.551846,3.639000,3.639000,3.639000,1
70586,MAVERIK COUNTRY STORE #610,I-80,Winnemucca,NV,40.964440,-117.724594,3.389000,3.389000,3.389000,1
70587,MAVERIK COUNTRY STORE #623,US-89,Gunnison,UT,39.156930,-111.813516,3.419000,3.419000,3.419000,1
70588,SPEEDWAY #7217,I-70 EXIT 49,Smithton,PA,40.153808,-79.741667,3.915667,3.915667,3.915667,1
70590,CIRCLE K #2722291,US-1 & SR-206,Saint Augustine,FL,29.896152,-81.311128,3.379000,3.379000,3.379000,1
70591,SPEEDWAY #6465,"I-77, EXIT 101",Canton,OH,40.807650,-81.367228,3.607333,3.607333,3.607333,1
70592,LOVES TRAVEL STOP #751,"I-20, EXIT 87",Elgin,SC,34.665791,-80.720931,3.425667,3.425667,3.425667,1
70593,LOVES TRAVEL STOP #735,I-75/SR-401,Calhoun,GA,34.499792,-84.933058,3.279000,3.279000,3.279000,1
70595,SPEEDWAY #6509,"I-74, EXIT 206",Oakwood,IL,40.110126,-87.776925,3.282333,3.199000,3.349000,3
70596,SPEEDWAY #7208,I-85 EXIT 137,Jefferson,GA,34.136239,-83.602157,3.119000,3.119000,3.119000,1
70597,SPEEDWAY #9394,SR-4 & US-25,Lexington,KY,38.040678,-84.458272,3.129000,3.129000,3.129000,1
70598,SPEEDWAY #7175,US-78 & SR-175,Memphis,TN,35.109026,-89.967455,3.199000,3.199000,3.199000,1
70599,Jet Food Store,US-278,Warrenton,GA,33.406073,-82.665431,3.415667,3.415667,3.415667,1
70600,KWIK STAR #1027,US-65,Mason City,IA,43.148585,-93.199840,3.264000,3.264000,3.264000,1
70601,24/7 TRAVEL STORE,I-70 EXIT 275,Abilene,KS,38.924503,-97.228004,2.994000,2.994000,2.994000,1
70603,ROAD RANGER #277,"I-30, EXIT 201 & SR-8",New Boston,TX,33.461110,-94.419096,3.080667,3.080667,3.080667,1
70604,KWIK STAR #940,US-69 & SR-9,Forest City,IA,43.257083,-93.636556,3.449000,3.449000,3.449000,1
70605,SPEEDWAY #1042,"I-55 & SR-50, EXIT 286",Cicero,IL,41.844537,-87.759290,3.584000,3.569000,3.599000,2
70606,SPEEDWAY #7179,"I-65 & SR-101, EXIT 38",Smiths Grove,KY,37.050205,-86.208076,3.065667,3.065667,3.065667,1
70607,SPEEDWAY #8544,"I-55 & US-6, EXIT 24B",Channahon,IL,41.425279,-88.266579,3.274000,3.249000,3.299000,2
70608,KWIK TRIP #1017,US-10/SR-47,Anoka,MN,45.214398,-93.391638,3.624000,3.624000,3.624000,1
70609,JP TRAVEL PLAZA,"I-75, EXIT 205 & SR-16",Jackson,GA,33.292359,-83.967846,3.159000,3.159000,3.159000,1
70611,Shell,US-6 & SR-3,Kendallville,IN,41.443361,-85.258154,3.499000,3.499000,3.499000,1
70612,SHREES TRUCK STOP #2,I-90 EXIT 101,Thorp,WA,47.065483,-120.670837,3.835667,3.809000,3.859000,3
70615,THORNTONS #0334,I-57 EXIT 350 & SR-83,Posen,IL,41.629067,-87.685842,3.399000,3.399000,3.399000,1
70617,QUIKTRIP #224,"I-435, EXIT 57",Kansas City,MO,39.122361,-94.555117,3.099000,3.099000,3.099000,1
70618,LOVES TRAVEL STOP #744,"I-270 N, EXIT 49",Lockbourne,OH,39.808900,-82.987294,3.455667,3.455667,3.455667,1
70619,KWIK TRIP #1049,US-212 & CR-68,Glencoe,MN,44.769566,-94.151027,3.524000,3.524000,3.524000,1
70620,LOVES TRAVEL STOP #779,I-30 EXIT 97,Malvern,AR,34.373579,-92.821250,3.499000,3.499000,3.499000,1
70621,FRIENDLY GUS STORE #24,I-16 EXIT 53 & SR-19,Dublin,GA,32.535471,-82.928807,3.399000,3.399000,3.399000,1
70622,SPEEDWAY #6781,US-422,Douglassville,PA,40.259899,-75.724228,3.799000,3.799000,3.799000,1
70623,SPEEDWAY #1127,"I-55, EXIT 267 & SR-53",Bolingbrook,IL,41.688062,-88.100965,3.444000,3.299000,3.589000,2
70624,KWIK STAR #929,I-74 EXIT 2,Bettendorf,IA,41.566836,-90.476879,3.599000,3.599000,3.599000,1
70625,BROWNVILLE IRVING,SR-11,Brownville,ME,45.356518,-69.017524,3.932333,3.932333,3.932333,1
70626,GOLDEN GATE PETROLEUM,"I-70, EXIT 97",Silt,CO,39.547978,-107.652736,3.459000,3.459000,3.459000,1
70628,PILOT #1195,"I-90, EXIT 106",Ellensburg,WA,47.001168,-120.549588,3.889000,3.839000,3.959000,4
70629,KWIK TRIP #930,"I-35, EXIT 147 & SR-95",North Branch,MN,45.510939,-92.944286,3.402333,3.402333,3.402333,1
70630,SPEEDWAY #3632,"I-76, EXIT 33 & SR-43",Kent,OH,41.147561,-81.361965,3.532333,3.532333,3.532333,1
70632,CIRCLE K #4706705,SR-394,Crete,IL,41.440524,-87.624471,3.499000,3.499000,3.499000,1
70634,CORNER MARKET #101,US-83 & SR-96,Scott City,KS,38.478872,-100.903053,3.359000,3.359000,3.359000,1
70635,CIRCLE K #4705706,US-224 & SR-99,Willard,OH,41.051941,-82.723533,3.599000,3.599000,3.599000,1
70637,CIRCLE K #2704111,I-2/US-83 & CR-493,Donna,TX,26.161050,-98.038929,3.009000,3.009000,3.009000,1
70638,LOVES TRAVEL STOP #769,"I-70, EXIT 358A & US-75",Topeka,KS,39.034680,-95.694825,3.284000,3.284000,3.284000,1
70640,LOVES TRAVEL STOP #794,SR-3/SR-33,Watonga,OK,35.847503,-98.402734,3.375667,3.375667,3.375667,1
70641,LOVES TRAVEL STOP #706,"I-81/I-64, EXIT 213",Staunton,VA,38.157978,-79.061876,3.649000,3.649000,3.649000,1
70642,LOVES TRAVEL STOP #776,"I-20, EXIT 15",Vicksburg,MS,32.322004,-90.881557,3.549000,3.549000,3.549000,1
70643,LOVES TRAVEL STOP #774,US-431/CR-248,Smiths Station,AL,32.522852,-85.099425,3.194000,3.194000,3.194000,1
70644,KWIK TRIP #1031,I-494 EXIT 20,Delano,MN,45.038399,-93.792978,3.524000,3.524000,3.524000,1
70645,QUIKTRIP #4048,"I-410, EXIT164B",San Antonio,TX,29.462809,-98.524635,2.965667,2.965667,2.965667,1
70646,KWIK TRIP #1051,I-43 & CR-N,Green Bay,WI,44.521542,-87.986568,3.440667,3.440667,3.440667,1
70647,PILOT #1227,I-20 EXIT 66,Pyote,TX,31.538066,-103.122483,3.465667,3.465667,3.465667,1
70648,BARRINGTON APPLEGREEN,SR-125 & SR-9,Barrington,NH,43.215566,-71.038980,3.899000,3.899000,3.899000,1
70649,KWIK TRIP #931,SR-95,North Branch,MN,45.510939,-92.944286,3.427333,3.427333,3.427333,1
70650,MAVERIK COUNTRY STORE #581,"I-15 N, EXIT 334 & SR-193",Clearfield,UT,41.097012,-112.017920,3.335667,3.335667,3.335667,1
70651,WALBURG TRAVEL CENTER,"I-35, EXIT 266",Georgetown,TX,30.668136,-97.698744,2.832333,2.832333,2.832333,1
70652,ROADYS MACH 1 #14,I-57 EXIT 94,Mount Vernon,IL,38.314205,-88.917470,3.199000,3.099000,3.299000,3
70653,MACH 1 #24,I-74 EXIT 215A & SR-1,Tilton,IL,40.094978,-87.642148,3.249000,3.199000,3.299000,2
70654,PILOT DEALER #1269,I-10 EXIT 378,San Simon,AZ,32.268169,-109.230200,3.321500,3.309000,3.334000,2
70655,GOLDEN GATE PETROLEUM,US-6,Grand Junction,CO,39.089062,-108.567452,3.499000,3.499000,3.499000,1
70656,LOVES TRAVEL STOP #757,"US-23, EXIT 25",Milan,MI,42.081347,-83.684793,3.571500,3.489000,3.649000,4
70657,INTERFUEL,I-96 EXIT 167,Springfield,VA,38.781571,-77.183921,3.899000,3.899000,3.899000,1
70658,CASEYS #3708,SR-235,New Carlisle,OH,39.944443,-84.027667,3.259000,3.259000,3.259000,1
70660,CASEYS #3852,"I-35, EXIT 33 & US-34",Creston,IA,41.060314,-94.364727,3.349000,3.349000,3.349000,1
70661,CASEYS #3238,US-52 EXIT 64 & CR-12,Oronoco,MN,44.158446,-92.539194,3.515667,3.515667,3.515667,1
70662,GETGO #3202,I-79 EXIT 183A,Erie,PA,42.116594,-80.073503,3.899000,3.899000,3.899000,1
70663,LENNYS GAS N WASH BOURBONNAIS,US-45/US-52,Bourbonnais,IL,41.183002,-87.878465,3.349000,3.299000,3.399000,2
70665,POCO LOCO MARKET,I-35 EXIT 219,Buda,TX,30.080402,-97.855700,2.892333,2.892333,2.892333,1
70666,Thorntons #322,"I-55, EXIT 288",Chicago,IL,41.837045,-87.684939,3.599000,3.599000,3.599000,1
70667,EZ TRIP #1226,"I-84, EXIT 104 & US-97",Wasco,OR,45.591657,-120.697464,3.239000,3.239000,3.239000,1
70668,LOVES TRAVEL STOP #784,US-30 & CR-9,Schuyler,NE,41.450134,-97.061591,3.282333,3.282333,3.282333,1
70669,TA EXPRESS BIGGS,"I-84, EXIT 104 & US-97",Wasco,OR,45.591657,-120.697464,3.199000,3.199000,3.199000,1
70670,MAVERIK COUNTRY STORE #625,"I-215, EXIT 27 & CR-68",North Salt Lake,UT,40.847116,-111.918780,3.442333,3.442333,3.442333,1
70673,PAC PRIDE,SR-202,Mesa,AZ,33.400626,-111.716487,4.024000,4.024000,4.024000,1
70674,ALLTOWN FRESH #769,SR-111,Ayer,MA,42.562221,-71.584844,3.649000,3.649000,3.649000,1
70676,PAC PRIDE,"I-10, EXIT 138",Phoenix,AZ,33.572154,-112.090132,4.036500,4.036500,4.036500,1
70677,PAC PRIDE,US-60,Glendale,AZ,33.533111,-112.189901,4.024000,4.024000,4.024000,1
70679,PAC PRIDE,"I-10, EXIT 151",Phoenix,AZ,33.572154,-112.090132,4.024000,4.024000,4.024000,1
70680,PAC PRIDE,"I-17, EXIT 215B",Phoenix,AZ,33.572154,-112.090132,4.024000,4.024000,4.024000,1
70681,PETRO STOP,US-60,Mesa,AZ,33.400626,-111.716487,4.015667,4.015667,4.015667,1
70682,LOVES TRAVEL STOP #758,"I-255/US-50, EXIT 15",East Saint Louis,IL,38.616361,-90.130528,3.536500,3.379000,3.689000,4
70686,HOLIDAY STATIONSTORE #2746471,US-12,Hudson,WI,44.963882,-92.730253,3.539000,3.539000,3.539000,1
70687,RUTTERS #87,"I-99, EXIT 78B & SR-150",Bellefonte,PA,40.914213,-77.768197,4.015667,4.015667,4.015667,1
70691,QUIKTRIP #4049,"I-10/US-90, EXIT 583",San Antonio,TX,29.462809,-98.524635,2.965667,2.965667,2.965667,1
70692,RUTLAND ROUTE 7 IRVING,US-4 & US-7,Rutland,VT,43.609670,-72.977788,3.699000,3.699000,3.699000,1
70693,MAPCO #3507,US-76 & SR-71,Dalton,GA,34.767898,-84.972812,3.119000,3.119000,3.119000,1
70695,ALLSUPS CONVENIENCE STORE #2132,US-54 & US-380,Carrizozo,NM,33.643341,-105.841132,3.282333,3.282333,3.282333,1
70696,DK #11822,I-20 EXIT 131,Midland,TX,32.024642,-102.113467,2.857333,2.857333,2.857333,1
70698,ALLSUPS CONVENIENCE STORE #2038,US-54,Logan,NM,35.355482,-103.453020,3.199000,3.199000,3.199000,1
70699,QUIK STOP,US-79,Paris,TN,36.292739,-88.308057,2.959000,2.959000,2.959000,1
70700,PATRIOT FUELING CENTER,US-231/SR-9,Wetumpka,AL,32.540376,-86.206999,3.199000,3.199000,3.199000,1
70704,KUM & GO #0702,"I-44, EXIT 6 & SR-86",Joplin,MO,37.075218,-94.501259,3.009000,3.009000,3.009000,1
70705,CASEYS #3464,SR-48 & CR-10,Morrisonville,IL,39.421668,-89.459007,3.905667,3.759000,3.999000,3
70706,BIG APPLE TRAVEL CENTER,I-44/US-71,Joplin,MO,37.075218,-94.501259,3.212333,3.212333,3.212333,1
70707,TA Express West Point #283,"I-85/SR-403, EXIT 2 & SR-18",West Point,GA,32.898518,-85.141499,3.665667,3.665667,3.665667,1
70708,LOVES TRAVEL STOP #785,"I-96, EXIT 90",Grand Ledge,MI,42.752927,-84.744901,3.949000,3.949000,3.949000,1
70709,VP Racing Fuels,SR-19,Center,MO,39.509438,-91.529335,3.165667,3.165667,3.165667,1
70710,LOVES TRAVEL STOP #799,US-72 & SR-15,Walnut,MS,34.949671,-88.924455,3.559000,3.559000,3.559000,1
70711,LOVES TRAVEL STOP #762,FM-1472,Laredo,TX,27.560379,-99.489181,3.255667,3.255667,3.255667,1
70714,PILOT TRAVEL CENTER #1281,US-89,Page,AZ,36.941815,-111.513283,3.999000,3.999000,3.999000,2
70717,Certified Oil #400491,I-270 EXIT 52,Columbus,OH,39.983938,-82.984882,3.202333,3.202333,3.202333,1
70718,ROAD RANGER #278,"I-40, EXIT 216 & US-49",Brinkley,AR,34.889781,-91.189819,3.199000,3.199000,3.199000,1
70719,FAST LANE #31,"I-70, EXIT 183",Jonesburg,MO,38.856154,-91.303850,3.299000,3.299000,3.299000,1
70720,SPEEDWAY #4453,SR-23,Sauk Rapids,MN,45.594724,-94.152747,3.189000,3.189000,3.189000,1
70722,SPEEDWAY #9935,I-90 EXIT 35 & SR-298,Syracuse,NY,43.040998,-76.143554,4.099000,4.099000,4.099000,1
70723,SPEEDWAY #9932,I-99 EXIT 8 & SR-417,Painted Post,NY,42.163762,-77.092384,4.099000,4.099000,4.099000,1
70724,LOVES TRAVEL STOP #790,"I-95, EXIT108",Summerton,SC,33.601475,-80.352648,3.509000,3.509000,3.509000,1
70725,LOVES TRAVEL STOP #782,"I-24 & US-41, EXIT 86",Oak Grove,KY,36.673774,-87.422506,3.142333,3.142333,3.142333,1
70726,CASEYS #1195,US-36,Belleville,KS,39.824337,-97.633855,3.339000,3.339000,3.339000,1
70727,CASEYS #2998,US-75 & SR-23,Pipestone,MN,43.995916,-96.311080,3.449000,3.449000,3.449000,1
70728,CASEYS #3245,US-81,Freeman,SD,43.347525,-97.430791,3.299000,3.299000,3.299000,1
70729,CASEYS #3785,US-14,Fort Pierre,SD,44.366596,-100.382329,3.399000,3.399000,3.399000,1
70730,CASEYS #3855,US-81,Yankton,SD,42.889751,-97.392687,3.139000,3.139000,3.139000,1
70731,PILOT TRAVEL CENTERS #1181,IL-38 E,Rochelle,IL,41.919149,-89.063661,3.759000,3.759000,3.759000,2
70732,MAVERIK COUNTRY STORE #627,I-15 EXIT 303,Salt Lake City,UT,40.776928,-111.930991,3.442333,3.442333,3.442333,1
70733,CASEYS #1607,US-63,Macon,MO,39.742230,-92.470551,3.290667,3.290667,3.290667,1
70735,CASEYS #1778,SR-267/SR-111,Brighton,IL,39.040863,-90.140041,3.267000,3.239000,3.299000,5
70736,CASEYS #1941,"I-35, EXIT 90 & SR-160",Ankeny,IA,41.730171,-93.602510,3.139000,3.139000,3.139000,1
70737,CASEYS #2272,I-80/US-6 EXIT 155 & SR-117,Colfax,IA,41.679794,-93.236280,3.099000,3.099000,3.099000,1
70738,QUIKTRIP #7061,I-49 EXIT 39A,Joplin,MO,37.075218,-94.501259,3.022333,3.022333,3.022333,1
70739,CASEYS #2602,US-36/SR-5 & SR-11,Brookfield,MO,39.785329,-93.077967,3.249000,3.249000,3.249000,1
70740,JACK FLASH,"I-70, EXIT 82 & SR 128",Altamont,IL,39.056115,-88.746922,3.149000,3.099000,3.199000,2
70741,CASEYS #3590,US-27,Geneva,IN,40.596721,-84.957252,3.594000,3.594000,3.594000,1
70742,CASEYS #3653,SR-14,Greene,IA,42.896506,-92.803538,3.599000,3.599000,3.599000,1
70743,CASEYS #3659,US-10 & SR-115,Randall,MN,46.088667,-94.500718,3.485667,3.485667,3.485667,1
70744,CASEYS #3686,I-80 EXIT 81,Utica,IL,41.345599,-88.986337,3.042333,2.969000,3.159000,3
70745,CASEYS #3752,",",Mountain Lake,MN,43.940133,-94.927696,3.402333,3.402333,3.402333,1
70746,CASEYS #3085,US-34 & SR-14,Aurora,NE,40.864656,-98.008069,3.099000,3.099000,3.099000,1
70747,CASEYS #3702,US-377/SR-99 & SR-9,Seminole,OK,35.234772,-96.649329,3.025667,3.025667,3.025667,1
70748,CASEYS #3717,US-218,Vinton,IA,42.163106,-92.026206,3.199000,3.199000,3.199000,1
70749,CASEYS #3719,US-160,Ulysses,KS,37.577342,-101.354864,3.409000,3.409000,3.409000,1
70750,CASEYS #3787,"I-35, EXIT 222",Blackwell,OK,36.801341,-97.300871,2.999000,2.999000,2.999000,1
70751,CASEYS #3795,"I-43, EXIT 96",Saukville,WI,43.388946,-87.943896,3.289000,3.289000,3.289000,1
70752,CASEYS #3755,SR-7/SR-27,Russellville,AR,35.276328,-93.138743,3.419000,3.419000,3.419000,1
70753,CASEYS #3798,"I-44, EXIT 211",Drumright,OK,35.989923,-96.597424,3.119000,3.119000,3.119000,1
70754,CASEYS #3758,US-77,Douglass,KS,37.516905,-97.010456,3.264000,3.264000,3.264000,1
70755,CASEYS #3809,US-56 & SR-51,Hugoton,KS,37.174515,-101.344693,3.392333,3.392333,3.392333,1
70756,CASEYS #3780,US-40,Tonganoxie,KS,39.107890,-95.079090,3.159000,3.159000,3.159000,1
70757,CASEYS #3811,US-69,McAlester,OK,34.926128,-95.773619,3.225667,3.225667,3.225667,1
70759,CASEYS #3832,"I-35, EXIT 40A & US-14",Janesville,MN,44.119846,-93.709698,3.582333,3.582333,3.582333,1
70760,CASEYS #2730,US-34 & SR-15,Seward,NE,40.909211,-97.096095,3.369000,3.369000,3.369000,1
70761,CASEYS #3841,"US-61, EXIT 5",Kieler,WI,42.582306,-90.605183,3.489000,3.489000,3.489000,1
70763,CASEYS #3854,"US-20, EXIT 275 & SR-13",Manchester,IA,42.485339,-91.456086,3.545667,3.545667,3.545667,1
70764,CASEYS #3856,"I-51, EXIT 48 & SR-251",Tonica,IL,41.215870,-89.069956,3.122333,3.069000,3.199000,3
70765,CEFCO #103,SR-36,Temple,TX,31.103450,-97.391124,2.965667,2.965667,2.965667,1
70767,CASEYS #3493,SR-72,Shannon,IL,42.152447,-89.740174,3.699000,3.699000,3.699000,1
70768,CASEYS #3497,SR-29,South Pekin,IL,40.495497,-89.652382,3.665667,3.619000,3.699000,3
70769,CASEYS #3527,US-169 & US-60,Nowata,OK,36.699265,-95.637465,3.182333,3.182333,3.182333,1
70770,CASEYS #3528,SR-92,Washington,IA,41.297913,-91.693671,3.271000,3.271000,3.271000,1
70771,CASEYS #3545,US-14/CR-27,Sleepy Eye,MN,44.298945,-94.723594,3.332333,3.332333,3.332333,1
70772,CASEYS #3554,"I-70, EXIT 52",Mulberry Grove,IL,38.925265,-89.261950,3.489000,3.489000,3.489000,1
70773,CASEYS #3575,US-36,Seneca,KS,39.837998,-96.069608,3.159000,3.159000,3.159000,1
70774,CASEYS #3079,"US-20, EXIT 71 & US-71",Early,IA,42.461098,-95.152411,3.299000,3.299000,3.299000,1
70775,CASEYS #3576,US-56,Overbrook,KS,38.779367,-95.556967,3.195667,3.195667,3.195667,1
70776,CASEYS #3579,US-36,Smith Center,KS,39.773939,-98.783474,3.179000,3.179000,3.179000,1
70778,CASEYS #3588,"I-75 N, EXIT 69",Tipp City,OH,39.964474,-84.186380,3.099000,3.099000,3.099000,1
70779,CASEYS #3204,"I-80, EXIT 29 & I-880, EXIT 29A",Minden,IA,41.469409,-95.543198,3.159000,3.159000,3.159000,1
70780,CASEYS #3306,SR-15 & CR-47/CR-136,Saint Cloud,MN,45.526658,-94.171007,3.249000,3.249000,3.249000,1
70782,CASEYS #3465,"I-80, EXIT 285 & US-30",Gibbon,NE,40.745932,-98.845848,3.049000,3.049000,3.049000,1
70783,ENMARKET #820,"I-95/SR-405, EXIT 109 & SR-21",Port Wentworth,GA,32.192015,-81.205725,3.090667,3.090667,3.090667,1
70784,CIRCLE K #2723046,"I-95, EXIT 41 & SR-59/CR2252",Hope Mills,NC,34.969960,-78.960602,2.909000,2.909000,2.909000,1
70785,CIRCLE K #2705347,"I-77, EXIT 5 & SR-48",Columbia,SC,34.040519,-80.906099,3.204000,3.204000,3.204000,1
70786,CIRCLE K #2741502,"I-37, EXIT 9",Corpus Christi,TX,27.754252,-97.173385,3.060667,3.060667,3.060667,1
70787,LOVES TRAVEL STOP #778,"I-16, EXIT 143 & US-280",Ellabell,GA,32.123537,-81.485667,3.295667,3.295667,3.295667,1
70788,SPEEDWAY #1031,"I-480 & I-271, EXIT 26",Bedford,OH,41.392123,-81.534680,3.649000,3.649000,3.649000,1
70789,7FLEET #46080,"I-41 & US-41, EXIT 133",Neenah,WI,44.164925,-88.479628,3.449000,3.449000,3.449000,1
70790,LOVES TRAVEL STOP #788,"I-70, EXIT 175",New Florence,MO,38.908466,-91.454789,3.122333,3.122333,3.122333,1
70791,LOVES TRAVEL STOP #791,"I-40, EXIT 126",Holladay,TN,35.871950,-88.144936,3.122333,3.122333,3.122333,1
70792,ANEW TRAVEL CENTER,US-6/34 & CR-410,Cambridge,NE,40.284302,-100.165800,3.364000,3.364000,3.364000,1
70793,LOVES TRAVEL STOPS #119,"I-70, EXIT 160",Green River,UT,38.993460,-110.173424,3.345000,3.299000,3.391000,2
70794,CASEYS #3747,SR-103 & CR-96,Carey,OH,40.945814,-83.386095,3.175667,3.175667,3.175667,1
70796,QUICK FUEL #3177,"I-35W, EXIT 56",Fort Worth,TX,32.781954,-97.348573,3.032333,3.032333,3.032333,1
70797,QUICK FUEL #3176,"I-35E, EXIT 442",Carrollton,TX,32.989386,-96.899940,3.015667,3.015667,3.015667,1
70798,QUICK FUEL #1926,"I-90, EXIT 171B & US-14",Janesville,WI,42.684698,-89.013170,3.399000,3.399000,3.399000,1
70831,FLYERS #768,"I-80, EXIT 19 & SR-659",Sparks,NV,39.574341,-119.715154,4.052333,4.052333,4.052333,1
70832,FLYERS #766,SR-648,Sparks,NV,39.574341,-119.715154,4.059000,4.059000,4.059000,1
70833,FLYERS #764,SR-667,Reno,NV,39.549097,-119.849907,4.052333,4.052333,4.052333,1
70845,FLYERS #759,"I-80, EXIT 19",Sparks,NV,39.574341,-119.715154,4.050667,4.050667,4.050667,1
70855,FLYERS #761,"I-580, EXIT 5",Carson City,NV,39.153060,-119.747368,3.699000,3.699000,3.699000,1
70858,SPEEDWAY #1012,"I-65, EXIT 158 & CR-6",Hope Hull,AL,32.198998,-86.344383,3.052333,3.052333,3.052333,1
70859,FLYERS #732,I-580 & US-50,Carson City,NV,39.153060,-119.747368,3.699000,3.699000,3.699000,1
70860,FLYERS #726,"I-80, EXIT 303",Elko,NV,40.838111,-115.767809,3.629000,3.629000,3.629000,1
70864,FLYERS #747,"I-580/US-395, EXIT 29 & SR-659",Reno,NV,39.549097,-119.849907,4.054000,4.054000,4.054000,1
70870,ESSENTIAL FUELS,US-26,Scottsbluff,NE,41.868088,-103.662035,3.599000,3.599000,3.599000,1
70871,ALLTOWN MARKETS #835,"I-95, EXIT 62",Madison,CT,41.344479,-72.624543,4.239000,4.239000,4.239000,1
70873,TA LAKE CITY #288,"I-75, EXIT 414",Lake City,FL,30.188638,-82.642246,3.299000,3.299000,3.299000,1
70874,CIRCLE T,SR-6 & SR-515,Navasota,TX,30.386399,-96.090734,3.432333,3.432333,3.432333,1
70875,FUEL MAXX #57,SR-105 & SR-146,Liberty,TX,30.038834,-94.788803,3.132333,3.132333,3.132333,1
70876,JIFFY MART,SR-123/SR-12,Walpole,NH,43.078344,-72.424804,3.685667,3.685667,3.685667,1
70877,LOVES TRAVEL STOP #770,"US-41, EXIT 1A",Wadsworth,IL,42.450687,-87.925147,3.789000,3.759000,3.819000,2
70878,MAVERIK COUNTRY STORE #630,I-15 EXIT 13,Malad City,ID,42.189909,-112.249688,3.394000,3.394000,3.394000,1
70879,MAVERIK COUNTRY STORE #611,I-40 EXIT 154,Albuquerque,NM,35.104780,-106.646809,3.194000,3.194000,3.194000,1
70880,RUTTERS #81,SR-61 & SR-73,Leesport,PA,40.444433,-75.967191,3.897333,3.897333,3.897333,1
70881,RUTTERS #79,"I-99/US-220, EXIT 28 US-22/SR-764",Duncansville,PA,40.426307,-78.430260,4.099000,4.099000,4.099000,1
70882,RUTTERS #77,US-11/US-15 & US-22,Duncannon,PA,40.395178,-77.027730,4.294000,4.294000,4.294000,1
70883,RUTTERS #41,US-422,Lebanon,PA,40.341193,-76.422735,3.799000,3.799000,3.799000,1
70884,RUTTERS #75,SR-194 & SR-550,Walkersville,MD,39.474323,-77.363352,3.932333,3.932333,3.932333,1
70885,KWIK TRIP #1061,CR-CE & CR-HH,Combined Locks,WI,44.261995,-88.309534,3.549000,3.549000,3.549000,1
70887,LOVES TRAVEL STOP #781,"I-20, EXIT 113 & SR-83",Madison,GA,33.579038,-83.475971,3.849000,3.849000,3.849000,1
70888,HUTCHS #125,US-283,Altus,OK,34.657061,-99.309046,2.999000,2.999000,2.999000,1
70889,TRUCK WORLD,I-90 EXIT 241 & SR-7,Conneaut,OH,41.927299,-80.568382,3.359000,3.359000,3.359000,1
70890,PILOT #1299,US-287 & SR-148,Henrietta,TX,33.814307,-98.192773,3.125667,3.125667,3.125667,1
70891,QUARLES #4908,I-64 EXIT 297,Chesapeake,VA,36.679376,-76.301788,3.525667,3.525667,3.525667,1
70892,QUARLES #4001,I-95 EXIT 133,Fredericksburg,VA,38.299272,-77.486658,3.759000,3.759000,3.759000,1
70893,QUARLES #4002,"I-95 EXIT 130A, SR-2",Fredericksburg,VA,38.299272,-77.486658,3.759000,3.759000,3.759000,1
70894,QUARLES #4009,US-301,Waldorf,MD,38.609172,-76.919776,3.759000,3.759000,3.759000,1
70895,QUARLES #4011/SHELL,I-95 EXIT 118,Woodford,VA,38.113189,-77.408871,2.899000,2.899000,2.899000,1
70896,QUARLES #4200,US-522,Front Royal,VA,38.924952,-78.183426,3.699000,3.699000,3.699000,1
70897,QUARLES #4302,SR-801 & SR-42,Broadway,VA,38.608485,-78.801366,3.459000,3.459000,3.459000,1
70898,QUARLES #4303,"I-81 EXIT 243, US-11",Harrisonburg,VA,38.436255,-78.873303,2.899000,2.899000,2.899000,1
70899,QUARLES #4304,"I-64 EXIT 96, SR-624",Waynesboro,VA,38.067157,-78.901420,3.799000,3.799000,3.799000,1
70900,QUARLES #4306,I-81 EXIT 150A,Roanoke,VA,37.278458,-79.958174,3.559000,3.559000,3.559000,1
70901,QUARLES #4307,"I-81 EXIT 137, US-11/460",Salem,VA,37.285333,-80.055241,3.559000,3.559000,3.559000,1
70902,QUARLES #4309,US-460/29,Lynchburg,VA,37.399016,-79.195458,3.774000,3.774000,3.774000,1
70903,QUARLES #4310,US-11,Roanoke,VA,37.278458,-79.958174,3.559000,3.559000,3.559000,1
70904,QUARLES #4400,I-95 EXIT 166A,Lorton,VA,38.698722,-77.216649,4.059000,4.059000,4.059000,1
70905,QUARLES #4401,US-29,Fairfax,VA,38.853183,-77.299025,4.059000,4.059000,4.059000,1
70906,QUARLES #4403,"I-95 EXIT 29A, US-1",Beltsville,MD,39.039903,-76.920443,3.899000,3.899000,3.899000,1
70907,QUARLES #4404,I-95 EXIT 43A,Elkridge,MD,39.195483,-76.741082,3.499000,3.499000,3.499000,1
70908,QUARLES #4407,I-495 EXIT 11A,Upper Marlboro,MD,38.816495,-76.753670,3.899000,3.899000,3.899000,1
70909,QUARLES #4408,SR-201,Bladensburg,MD,38.942368,-76.925910,3.699000,3.699000,3.699000,1
70910,QUARLES #4409,I-95 EXIT 50B,Baltimore,MD,39.300032,-76.610476,3.499000,3.499000,3.499000,1
70912,QUARLES #4411,"I-695 EXIT 1, SR-173",Curtis Bay,MD,39.226774,-76.588021,3.499000,3.499000,3.499000,1
70913,QUARLES #4412,I-270 EXIT 8,Rockville,MD,39.083666,-77.155585,3.759000,3.759000,3.759000,1
70914,QUARLES #4413,I-495 EXIT 15A,Capitol Heights,MD,38.876687,-76.907569,3.899000,3.899000,3.899000,1
70915,QUARLES #4414,I-95 EXIT 60,Baltimore,MD,39.300032,-76.610476,3.449000,3.449000,3.449000,1
70916,TA Express White Hills,US-93,Willow Beach,AZ,35.738045,-114.397466,3.779000,3.779000,3.779000,1
70917,QUARLES #4416,US-13,Salisbury,MD,38.375328,-75.585925,3.659000,3.659000,3.659000,1
70918,QUARLES #4417,I-895 EXIT 8B,Curtis Bay,MD,39.226774,-76.588021,3.499000,3.499000,3.499000,1
70919,QUARLES #4422,US-13,New Castle,DE,39.670017,-75.566519,3.699000,3.699000,3.699000,1
70920,QUARLES #4423,SR-100 EXIT 11,Glen Burnie,MD,39.156271,-76.606996,3.699000,3.699000,3.699000,1
70921,QUARLES #4424,SR-5,Clinton,MD,38.750917,-76.902669,3.899000,3.899000,3.899000,1
70922,QUARLES #4425,US-50 EXIT 5,Hyattsville,MD,38.961205,-76.954935,3.899000,3.899000,3.899000,1
70923,QUARLES #4426,SR-124,Gaithersburg,MD,39.148601,-77.195131,3.759000,3.759000,3.759000,1
70924,QUARLES #4427,I-276 EXIT 351,Levittown,PA,40.152343,-74.852340,3.845667,3.845667,3.845667,1
70925,QUARLES #4430,US-13,Sharon Hill,PA,39.907433,-75.267787,3.869000,3.869000,3.869000,1
70926,QUARLES #4431,US-22,Allentown,PA,40.593648,-75.478393,3.989000,3.989000,3.989000,1
70927,QUARLES #4434,SR-617,Springfield,VA,38.781571,-77.183921,4.059000,4.059000,4.059000,1
70928,QUARLES #4435,"I-95 EXIT 41, US-1",Jessup,MD,39.149094,-76.776388,3.499000,3.499000,3.499000,1
70929,QUARLES #4503,US-11,Martinsburg,WV,39.457769,-77.978212,3.959000,3.959000,3.959000,1
70930,QUARLES #4504,I-81 EXIT 313A,Winchester,VA,39.173869,-78.176356,3.799000,3.799000,3.799000,1
70931,QUARLES #4505,SR-65,Hagerstown,MD,39.640182,-77.722691,3.899000,3.899000,3.899000,1
70933,QUARLES #4507,US-11,Winchester,VA,39.173869,-78.176356,3.799000,3.799000,3.799000,1
70934,QUARLES #4509,I-270 EXIT 31B,Frederick,MD,39.434089,-77.414539,3.599000,3.599000,3.599000,1
70935,QUARLES #4511,I-70 EXIT 55,Frederick,MD,39.434089,-77.414539,3.599000,3.599000,3.599000,1
70937,QUARLES #4603,US-29/211,Warrenton,VA,38.717817,-77.797316,3.799000,3.799000,3.799000,1
70938,QUARLES #4605,SR-606,Sterling,VA,39.004733,-77.405368,3.659000,3.659000,3.659000,1
70939,QUARLES #4606,SR-234,Manassas,VA,38.746808,-77.482633,3.859000,3.859000,3.859000,1
70940,QUARLES #4607,SR-28,Manassas,VA,38.746808,-77.482633,3.859000,3.859000,3.859000,1
70941,QUARLES #4934,US-60,Sandston,VA,37.513062,-77.313008,3.259000,3.259000,3.259000,1
70942,QUARLES #4608,SR-657,Chantilly,VA,38.889180,-77.442088,3.659000,3.659000,3.659000,1
70943,QUARLES #4700,US-15BUS/29BUS,Culpeper,VA,38.470292,-77.999764,3.799000,3.799000,3.799000,1
70944,QUARLES #4701,US-15 BUS & US-522,Culpeper,VA,38.470292,-77.999764,3.799000,3.799000,3.799000,1
70945,QUARLES #4944,US-17,Bealeton,VA,38.583009,-77.778763,3.759000,3.759000,3.759000,1
70946,QUARLES #4703,US-29 & SR-616,Ruckersville,VA,38.228054,-78.377478,3.699000,3.699000,3.699000,1
70947,QUARLES #4946,"I-95, EXIT 130A, SR-3",Fredericksburg,VA,38.299272,-77.486658,3.759000,3.759000,3.759000,1
70948,QUARLES #4804,I-40 EXIT 211,Greensboro,NC,36.094850,-79.823624,3.649000,3.649000,3.649000,1
70949,QUARLES #4805,US-1 EXIT 95,Apex,NC,35.724626,-78.878745,3.999000,3.999000,3.999000,1
70950,QUARLES #4807,I-40 EXIT 203,Kernersville,NC,36.106171,-80.081895,3.199000,3.199000,3.199000,1
70951,QUARLES #4947,SR-7,Leesburg,VA,39.106396,-77.559195,3.659000,3.659000,3.659000,1
70952,QUARLES #4810,I-540 EXIT 4A,Raleigh,NC,35.831868,-78.641042,3.709000,3.709000,3.709000,1
70953,QUARLES #4948,"I-95, EXIT 126, US-1",Fredericksburg,VA,38.299272,-77.486658,3.759000,3.759000,3.759000,1
70954,QUARLES #4811,SR-50/US-70,Garner,NC,35.693552,-78.614929,3.599000,3.599000,3.599000,1
70955,QUARLES #4949,"I-95, EXIT 136, US-1",Fredericksburg,VA,38.299272,-77.486658,3.759000,3.759000,3.759000,1
70956,QUARLES #4813,SR-133,Wilmington,NC,34.209225,-77.885767,3.779000,3.779000,3.779000,1
70957,QUARLES #4950,"I-95, EXIT 126A, US-1",Fredericksburg,VA,38.299272,-77.486658,3.759000,3.759000,3.759000,1
70958,QUARLES #4951,SR-3,Fredericksburg,VA,38.299272,-77.486658,3.759000,3.759000,3.759000,1
70959,QUARLES #4814,US-117,Wilmington,NC,34.209225,-77.885767,3.799000,3.799000,3.799000,1
70960,QUARLES #4962,"I-81, EXIT 222, US-250",Staunton,VA,38.157978,-79.061876,2.899000,2.899000,2.899000,1
70961,QUARLES #4815,"I-140, EXIT 14",Wilmington,NC,34.209225,-77.885767,3.799000,3.799000,3.799000,1
70962,QUARLES #4965,"I-295, EXIT 37A, US-360",Warsaw,VA,37.960351,-76.760950,3.759000,3.759000,3.759000,1
70963,QUARLES #4817,"US-70, EXIT 333",Selma,NC,35.539726,-78.291735,3.799000,3.799000,3.799000,1
70964,SEALSTON DELI,"I-95, EXIT 130A, SR-3",King George,VA,38.279436,-77.184308,3.499000,3.499000,3.499000,1
70965,QUARLES #4822,US-401,Raleigh,NC,35.831868,-78.641042,3.709000,3.709000,3.709000,1
70966,QUARLES #4927,SR-10 & SR-145,Chesterfield,VA,36.843759,-76.259940,3.699000,3.699000,3.699000,1
70967,QUARLES #4823,I-95,Fayetteville,NC,35.082766,-78.973515,3.799000,3.799000,3.799000,1
70968,QUARLES #4928,"I-95, EXIT 86A & SR-656",Ashland,VA,37.760417,-77.472414,3.674000,3.674000,3.674000,1
70969,QUARLES #4824,I-40 EXIT 210,Greensboro,NC,36.094850,-79.823624,3.699000,3.699000,3.699000,1
70970,QUARLES #4931,US-60 & SR-603,Powhatan,VA,37.542121,-77.927083,3.699000,3.699000,3.699000,1
70971,QUARLES #4932,"I-64, EXIT 173 & SR-623",Rockville,VA,37.725978,-77.678324,3.699000,3.699000,3.699000,1
70973,QUARLES #4826,US HWY 29/70,High Point,NC,35.990803,-79.992713,3.665667,3.665667,3.665667,1
70974,QUARLES #4933,US-60,Richmond,VA,37.531399,-77.476009,3.699000,3.699000,3.699000,1
70975,QUARLES #4935,"I-95, EXIT 64 & SR-613",Richmond,VA,37.531399,-77.476009,3.699000,3.699000,3.699000,1
70976,QUARLES #4827,I-40 EXIT 203,Kernersville,NC,36.106171,-80.081895,3.199000,3.199000,3.199000,1
70977,QUARLES #4828,I-440 EXIT 13B,Raleigh,NC,35.831868,-78.641042,3.709000,3.709000,3.709000,1
70978,QUARLES #4829,I-40 EXIT 298A,Raleigh,NC,35.831868,-78.641042,3.599000,3.599000,3.599000,1
70979,QUARLES #4830,I-540 EXIT 3,Raleigh,NC,35.831868,-78.641042,3.719000,3.719000,3.719000,1
70980,QUARLES #4938,"I-64, EXIT 159 & SR-522",Gum Spring,VA,37.775700,-77.896662,3.699000,3.699000,3.699000,1
70982,EXXON/QUARLES #4942,"I-64/33, EXIT 205 & SR-249",Quinton,VA,37.533757,-77.121083,3.509000,3.509000,3.509000,1
70983,QUARLES #4943,"I-295, EXIT 22A & SR-5",Henrico,VA,36.592641,-78.616113,3.699000,3.699000,3.699000,1
70984,QUARLES #4831,US-64 EXIT 470,Rocky Mount,NC,35.969322,-77.803783,3.409000,3.409000,3.409000,1
70985,QUARLES #4832,I-40 EXIT 189,Winston Salem,NC,36.102863,-80.260829,3.572333,3.572333,3.572333,1
70986,QUARLES #4833,US-1,Youngsville,NC,36.019555,-78.485861,3.699000,3.699000,3.699000,1
70987,QUARLES #4902,US-250/33,Richmond,VA,37.531399,-77.476009,3.699000,3.699000,3.699000,1
70988,QUARLES #4909,I-664 EXIT 3,Hampton,VA,37.047961,-76.297293,3.425667,3.425667,3.425667,1
70989,QUARLES #4911,I-264 EXIT 19B,Virginia Beach,VA,36.779525,-76.029142,3.572333,3.572333,3.572333,1
70990,QUARLES #4915,I-664 EXIT 2,Hampton,VA,37.047961,-76.297293,3.425667,3.425667,3.425667,1
70991,QUARLES #4917,I-64 EXIT 255,Newport News,VA,37.076136,-76.521980,3.410667,3.410667,3.410667,1
70992,QUARLES #4904,I-64 EXIT 197B,Sandston,VA,37.513062,-77.313008,3.259000,3.259000,3.259000,1
70993,QUARLES #4905,I-95 EXIT 89,Ashland,VA,37.760417,-77.472414,3.699000,3.699000,3.699000,1
70994,QUARLES #4906,I-95 EXIT 73,Richmond,VA,37.531399,-77.476009,3.699000,3.699000,3.699000,1
70995,QUARLES #4910,I-95 EXIT 61B,Chester,VA,37.352045,-77.433695,3.799000,3.799000,3.799000,1
70996,QUARLES #4912,I-64 EXIT 136,Troy,VA,37.950974,-78.246393,3.899000,3.899000,3.899000,1
70997,QUARLES #4913,SR-76,Midlothian,VA,37.484382,-77.649577,3.699000,3.699000,3.699000,1
70998,QUARLES #4916,I-246 EXIT 6,Portsmouth,VA,36.859339,-76.356973,3.465667,3.465667,3.465667,1
71001,QUARLES #4921,I-95 EXIT 83B,Richmond,VA,37.531399,-77.476009,3.699000,3.699000,3.699000,1
71002,QUARLES #4922,US-250,Charlottesville,VA,38.037658,-78.485381,3.899000,3.899000,3.899000,1
71003,QUARLES #4923,I-95 EXIT 73,Richmond,VA,37.531399,-77.476009,3.699000,3.699000,3.699000,1
71004,QUARLES #4924,US-1 & SR-688,Doswell,VA,37.860140,-77.464149,3.699000,3.699000,3.699000,1
71005,QUARLES #4925,I-95 EXIT 78,Richmond,VA,37.531399,-77.476009,3.699000,3.699000,3.699000,1
71006,QUARLES #4926,I-95 EXIT 79,Richmond,VA,37.531399,-77.476009,3.699000,3.699000,3.699000,1
71007,HAYDEN TRAVEL CENTER,"I-65, EXIT 284 & SR-160",Warrior,AL,33.814858,-86.815650,3.129000,3.129000,3.129000,1
71009,WEIGELS #80,"I-40, EXIT 435 & US-321",Newport,TN,35.961624,-83.197624,3.115667,3.115667,3.115667,1
71010,KEYSTOPS,"I-64, EXIT 17",Louisville,KY,38.224728,-85.740614,3.195667,3.195667,3.195667,1
71011,Global,"I-84 E, EXIT 2 & US-6 E",Danbury,CT,41.398741,-73.478103,3.459000,3.459000,3.459000,1
71012,ALLTOWN MARKETS #838,"I-95 N, EXIT 12",Darien,CT,41.052150,-73.479714,3.832333,3.832333,3.832333,1
71013,ALLTOWN MARKETS #647,SR-3 EXIT 5,Plymouth,MA,41.958343,-70.663800,3.959000,3.959000,3.959000,1
71014,Global,"I-95, EXIT 43 & US-1",Elkridge,MD,39.195483,-76.741082,3.099000,3.099000,3.099000,1
71018,KWIK STAR #1076,US-218,Vinton,IA,42.163106,-92.026206,3.199000,3.199000,3.199000,1
71019,KWIK TRIP #489,SR-3,Northfield,MN,44.455645,-93.170311,3.524000,3.524000,3.524000,1
71020,Fast Trac 21,SR-21 & CR-50,Caldwell,TX,30.531269,-96.698892,3.299000,3.299000,3.299000,1
71021,Amoco,"I-39 & HWY 23, EXIT 54",Oglesby,IL,41.293210,-89.071036,3.224000,3.199000,3.249000,2
71022,TEX BEST #530,"I-10, EXIT 628 & SR-80",Luling,TX,29.681747,-97.646696,3.009000,3.009000,3.009000,1
71023,LOVES TRAVEL STOP #853,SR-302 & CR-313,Kermit,TX,31.853923,-103.092395,3.250667,3.250667,3.250667,1
71024,LOVES TRAVEL STOP #804,US-34/US-67,Monmouth,IL,40.914233,-90.643075,3.395667,3.349000,3.449000,3
71025,KWIK TRIP #644,SR-57 & SR-32,New Holstein,WI,43.949222,-88.094881,3.390667,3.390667,3.390667,1
71027,Kwik Star #1068,I-35,Story City,IA,42.185743,-93.586885,2.959000,2.959000,2.959000,1
71029,CASEYS #6445,I-355 EXIT 27 & SR-64,Lombard,IL,41.873844,-88.015491,3.349000,3.349000,3.349000,1
71030,QUIKTRIP #1469,"I-10, EXIT 248 & SR-77",Marana,AZ,32.465939,-111.135401,3.062333,3.062333,3.062333,1
71032,MAVERIK COUNTRY STORE #416,US-50 & US-95,Fallon,NV,39.473664,-118.777864,3.525667,3.525667,3.525667,1
71033,MAVERIK COUNTRY STORE #560,I-580 & US-50,Carson City,NV,39.153060,-119.747368,3.589000,3.589000,3.589000,1
71034,MAVERIK COUNTRY STORE #635,I-15 EXIT 57,Cedar City,UT,37.683767,-113.095484,3.442333,3.442333,3.442333,1
71036,GOLDEN GATE PETRO,US-550,Montrose,CO,38.468802,-107.858914,3.435667,3.435667,3.435667,1
71037,SUNOCO,US-220 EXIT 111,Lock Haven,PA,41.137115,-77.453239,3.599000,3.599000,3.599000,1
71039,TURNPIKE MARKET EXPRESS,SR-5,Newton Falls,OH,41.192553,-80.967979,3.259000,3.259000,3.259000,1
71042,SINCLAIR,I-580/US-395 EXIT 6,Carson City,NV,39.153060,-119.747368,3.599000,3.599000,3.599000,1
71046,SPEEDWAY #9336,US-27/SR-126,Cincinnati,OH,39.140183,-84.505829,3.699000,3.699000,3.699000,1
71047,LOVES TRAVEL STOP #722,"I-17, EXIT 262 & SR-69",Mayer,AZ,34.423271,-112.240747,3.680667,3.680667,3.680667,1
71050,GILL MART CORNER STORE,US-131 & SR-216,Three Rivers,MI,41.945386,-85.629548,3.699000,3.699000,3.699000,1
71051,SHEETZ #683,I-83 EXIT 28,York,PA,39.964798,-76.731840,3.259000,3.259000,3.259000,1
71053,ROAD RANGER #279,"I-57, EXIT 45 & SR-148",Marion,IL,37.734445,-88.941164,3.539000,3.379000,3.699000,2
71055,LOVES TRAVEL STOP #793,"I-840, EXIT 67 & COUCHVILLE PIKE",Mount Juliet,TN,36.199200,-86.509489,3.252333,3.252333,3.252333,1
71056,SPEEDWAY #1044,US-72 & SR-20,Decatur,AL,34.572995,-86.989901,3.425667,3.425667,3.425667,1
71057,LOVES TRAVEL STOP #795,US-97/US-26 & HALL RD,Madras,OR,44.663897,-121.160438,3.689000,3.689000,3.689000,1
71058,KWIK TRIP #1090,SR-19 & SR-21,New Prague,MN,44.545736,-93.575559,3.349000,3.349000,3.349000,1
71059,CIRCLE K #2706781,US-17 & SR-200,Yulee,FL,30.635418,-81.569584,3.342333,3.342333,3.342333,1
71060,CIRCLE K #2701537,"I-77, EXIT 100 & SR-89",Mount Airy,NC,36.508487,-80.614538,2.859000,2.859000,2.859000,1
71061,CIRCLE K #2702344,US-78 & SR-39,Williston,SC,33.401663,-81.421899,3.799000,3.799000,3.799000,1
71062,MAVERIK COUNTRY STORE #637,"I-70, EXIT 56 & US-89",SALINA,UT,38.938815,-111.865194,3.442333,3.442333,3.442333,1
71063,MAVERIK COUNTRY STORE #639,"I-40, EXIT 153",Albuquerque,NM,35.104780,-106.646809,3.197333,3.197333,3.197333,1
71064,LOVES TRAVEL STOP #798,I-57 EXIT 212,Tuscola,IL,39.795912,-88.275483,3.389000,3.289000,3.489000,3
71065,MAVERIK COUNTRY STORE #429,US-40 & SR-121,Roosevelt,UT,40.287727,-109.987983,3.439000,3.439000,3.439000,1
71066,Circle K #2745067,"I-75, EXIT 155",Macon,GA,32.808845,-83.694194,3.089000,3.089000,3.089000,1
71067,7-ELEVEN #41219,I-385 EXIT 9,Laurens,SC,34.502688,-82.021413,3.099000,3.099000,3.099000,1
71071,KWIK TRIP #1074,SR-35,Somerset,WI,45.125706,-92.672961,3.524000,3.524000,3.524000,1
71072,LOVES TRAVEL STOP #801,I-75 EXIT 102,Cordele,GA,31.956090,-83.770077,3.309000,3.309000,3.309000,1
71073,LOVES TRAVEL STOP #803,I-57 EXIT 54B,Marion,IL,37.734445,-88.941164,3.744000,3.739000,3.749000,2
71074,Speedway #7764,SR-72 & SR-25,Dundee,IL,42.110435,-88.301351,3.279000,3.279000,3.279000,1
71075,TEXAS TRAVEL CENTER,"I-35, EXIT 277",Jarrell,TX,30.810264,-97.615122,2.832333,2.832333,2.832333,1
71076,Kwik Star #589,US-151,Marion,IA,42.045394,-91.586155,3.524000,3.524000,3.524000,1
71077,COMMUNITY CO OPS LAKE PARK,US-10,Lake Park,MN,46.883625,-96.097582,3.509000,3.509000,3.509000,1
71079,DK,SR-375,El Paso,TX,31.847780,-106.431106,2.699000,2.699000,2.699000,1
71080,BIG INDIAN SMOKE SHOP,I-90 & US-20,Irving,NY,42.567559,-79.112817,2.979000,2.929000,3.029000,2
71083,SPRINT FOOD #701,US-78,Augusta,GA,33.365531,-82.073422,3.225667,3.225667,3.225667,1
71084,FIESTA MART #42,US-75,Tulsa,OK,36.127949,-95.902316,3.165667,3.165667,3.165667,1
71085,Sunoco,SR-49,Greenville,OH,40.104708,-84.621450,3.599000,3.599000,3.599000,1
71086,THORNTONS #318,SR-59 & SR-38,West Chicago,IL,41.894469,-88.221121,3.674000,3.649000,3.699000,2
71087,HALF SUN TRAVEL PLAZA,"I-90, EXIT 176",Moses Lake,WA,47.127850,-119.276384,3.799000,3.569000,4.029000,2
71088,KARDES,US-151,Monticello,IA,42.230425,-91.185925,3.399000,3.399000,3.399000,1
71090,CEFCO #2076,US-60 & SR-207,Panhandle,TX,35.346300,-101.380508,2.945667,2.945667,2.945667,1
71091,BREAK TIME #3163,US-63 & CR-M,Moberly,MO,39.418112,-92.436544,3.462333,3.462333,3.462333,1
71094,BP,US-63 & SR-137,Eddyville,IA,41.159335,-92.630333,3.379000,3.379000,3.379000,1
71095,HOBO PANTRY #29,US-84/SR-12 & SR-95,Gordon,AL,31.143606,-85.092504,3.659000,3.659000,3.659000,1
71096,GAS N WASH,US-30 & SR-394,Chicago Heights,IL,41.510685,-87.634672,3.499000,3.499000,3.499000,1
71097,THORNTONS #329,"I-55, EXIT 267 & SR-53",Romeoville,IL,41.627924,-88.101182,3.334000,3.309000,3.359000,2
71098,DANDY MINI MART #74,US-6 & SR-187,Wysox,PA,41.814540,-76.377646,3.999000,3.999000,3.999000,1
71099,THORNTONS #336,"I-57, EXIT 335 & SR-50",Monee,IL,41.418083,-87.750136,3.404000,3.349000,3.459000,4
71101,FOOD N FUEL,"I-55, EXIT 244 & SR-53",Elwood,IL,41.418139,-88.117170,3.549000,3.499000,3.599000,2
71102,365 Food and Fuel,"I-35W/US-287, EXIT 54A & SR-183",Fort Worth,TX,32.781954,-97.348573,2.975667,2.975667,2.975667,1
71103,FAT DOGS NORTH PLATTE SOUTH,"I-80, EXIT 177 & US-83",North Platte,NE,41.125265,-100.763397,3.074000,3.074000,3.074000,1
71104,SPINX #364,"I-26, EXIT 194",Summerville,SC,33.005836,-80.179306,3.399000,3.399000,3.399000,1
71105,SHEPHERD 700,US-64 & CR-450,Alva,OK,36.789566,-98.664877,3.219000,3.219000,3.219000,1
71106,SECURITY OIL,"I-135, EXIT 10B & SR-96",Wichita,KS,37.690638,-97.345836,3.299000,3.299000,3.299000,1
71107,SPARKYS ONE STOP,"US-20, EXIT 96 & SR-4",Rockwell City,IA,42.398125,-94.628870,3.215667,3.215667,3.215667,1
71108,Stuckeyâ€™s Travel Center West,"I-10, EXIT 819 & FM-1663",Anahuac,TX,29.765163,-94.678502,2.807333,2.807333,2.807333,1
71109,KWIK TRIP #1067,"SR-13, BETWEEN FAIRWAY & TRINITY DR",Phillips,WI,45.694035,-90.401420,3.315667,3.315667,3.315667,1
71110,KWIK TRIP #1121,"I-94 & SR-26, EXIT 267",Watertown,WI,43.189405,-88.728910,3.289000,3.289000,3.289000,1
71111,MAPCO #5167,"I-59, EXIT 21B & SR-35",Fort Payne,AL,34.457329,-85.689447,3.479000,3.479000,3.479000,1
71112,BERKSHIRE ENERGY,"I-91, EXIT 8 & SR-80",New Haven,CT,41.310809,-72.924953,3.549000,3.549000,3.549000,1
71113,PLATEU TRAVEL PLAZA,"I-95, EXIT 39A & US-1",Madras,OR,44.663897,-121.160438,3.359000,3.359000,3.359000,1
71114,SHEETZ #672,"I-95, EXIT 11B & SR-606",Woodford,VA,38.113189,-77.408871,2.899000,2.899000,2.899000,1
71115,FASTBREAK #6,US-50/US-151 & US-41,Vincennes,IN,38.676621,-87.509956,4.039000,4.039000,4.039000,1
71116,CEFCO #101,US-59 & SR-49,Jefferson,TX,32.763494,-94.350835,2.899000,2.899000,2.899000,1
71117,AM-PM TRUCK STOP,"I-520/SR-415, EXIT 9 & SR-56",Augusta,GA,33.365531,-82.073422,3.359000,3.359000,3.359000,1
71118,THORNTONS #0331,"I-35/US-51, EXIT 3 & CR-9",Roscoe,IL,42.425559,-89.009455,3.444000,3.419000,3.469000,2
71119,PARKER'S #69 (DISCOUNT AVAILABLE),"I-95/SR-405, EXIT 102 & US-80",Pooler,GA,32.105635,-81.256032,3.122333,3.122333,3.122333,1
71120,GAS PRO TRAVEL CENTER,US-25 & SR-56,Waynesboro,GA,33.091279,-82.014290,3.799000,3.799000,3.799000,1
71121,HAT CREEK TRAVEL,"I-10/US-70, EXIT 82A & US-180",Deming,NM,32.263076,-107.752490,2.919000,2.919000,2.919000,1
71123,XPRESS FUEL DBA ONE9 #1264,"I-10, EXIT 203",Eloy,AZ,32.741255,-111.594015,3.139000,3.139000,3.139000,2
71124,LOVES TRAVEL STOP #761,"I-10, EXIT 343 & US-301",Jacksonville,FL,30.336864,-81.661603,3.849000,3.849000,3.849000,1
71126,QUIKTRIP #1177,I-77 & US-21,Blythewood,SC,34.209247,-80.995293,3.075667,3.075667,3.075667,1
71127,QUIKTRIP #4044,"I-10, EXIT 609",Seguin,TX,29.590227,-97.968607,2.945667,2.945667,2.945667,1
71129,Queens Market,"I-85, EXIT 41 & SR-2480",Charlotte,NC,35.209045,-80.830990,3.499000,3.499000,3.499000,1
71131,7-ELEVEN #38816,"I-85, EXIT 66 & US-29",Spartanburg,SC,34.945627,-81.925944,3.305667,3.305667,3.305667,1
71132,CEFCO #104,US-259 & SR-315,Mount Enterprise,TX,31.911639,-94.682767,2.959000,2.959000,2.959000,1
71133,AMIGOS TRAVEL CENTER,"I-35, EXIT 85 & FM-117",Dilley,TX,28.667517,-99.176465,3.399000,3.399000,3.399000,1
71134,ALLSUPS CONVENIENCE STORE #2376,US-54/US-285 & US-60,Vaughn,NM,34.607206,-105.212594,3.499000,3.499000,3.499000,1
71136,CIRCLE K #2706788,"I-795, EXIT 22 & US-70, EXIT 356",Goldsboro,NC,35.378226,-77.971869,3.392333,3.392333,3.392333,1
71138,LUMMI BAY MARKET,"I-5, EXIT 260",Bellingham,WA,48.753442,-122.470179,3.759000,3.759000,3.759000,1
71139,GAS N WASH,SR-47 & CR-9,Yorkville,IL,41.661736,-88.428596,3.599000,3.599000,3.599000,1
71140,BP,"I-94, EXIT 267 & SR-26, EXIT 30",Jefferson,WI,43.003955,-88.808473,3.209000,3.209000,3.209000,1
71141,CASEYS #3901,"I-55, EXIT 178 & CR-23",Lexington,IL,40.646951,-88.784141,3.349000,3.339000,3.359000,2
71142,LOVES TRAVEL STOP #775,US-20 & SR-2,Rockford,IL,42.258836,-89.064553,3.284000,3.229000,3.349000,4
71143,CASEYS #3904,SR-141,Manning,IA,41.909630,-95.064442,3.209000,3.209000,3.209000,1
71144,CASEYS #3675,US-12 & US-75,Ortonville,MN,45.302445,-96.442223,3.379000,3.379000,3.379000,1
71145,CASEYS #3905,I-74/US-421 EXIT 113,Shelbyville,IN,39.545277,-85.779499,3.599000,3.599000,3.599000,1
71146,CASEYS #2968,US-34,Eagle,NE,40.815943,-96.432585,3.239000,3.239000,3.239000,1
71147,CASEYS #3910,US-177 & SR-33,Perkins,OK,35.979763,-97.031290,3.015667,3.015667,3.015667,1
71148,CASEYS #1892,US-65,Sheffield,IA,42.888763,-93.207143,3.152333,3.152333,3.152333,1
71149,KOUNTRY KORNER,SR-20,Mount Pleasant,MI,43.596710,-84.775972,3.619000,3.619000,3.619000,1
71150,LOVES TRAVEL STOP #812,"I-84, EXIT 141",Bliss,ID,42.924284,-114.947516,3.785667,3.785667,3.785667,1
71151,LOVES TRAVEL STOP #880,US-50 & SR-130,Olney,IL,38.728108,-88.084219,3.280667,3.189000,3.389000,6
71152,LOVES TRAVEL STOPS #841,"US-24, EXIT 41",Napoleon,OH,41.397969,-84.124984,3.697000,3.689000,3.705000,2
71153,KWIK TRIP #1083,SR-35,Osceola,WI,45.319283,-92.695892,3.499000,3.499000,3.499000,1
71154,KWIK TRIP #489,CR-3,DUNDAS,MN,44.427691,-93.203788,3.499000,3.499000,3.499000,1
71155,KWIK TRIP #1124,"SR-16, EXIT 184",Sussex,WI,43.134854,-88.226041,3.377333,3.377333,3.377333,1
71158,CIRCLE K #2707533,"SR-570, EXIT 3 & SR-572",Lakeland,FL,28.055496,-81.954772,3.532333,3.532333,3.532333,1
71160,CIRCLE K #4706316,"I-96, EXIT 46  & SR-6, EXIT 15",Caledonia,MI,42.794743,-85.517100,3.669000,3.639000,3.699000,2
71161,CIRCLE K #2720931,"I-95, EXIT 107 & US-301",Kenly,NC,35.600767,-78.127935,3.149000,3.149000,3.149000,1
71162,CIRCLE K #4705694,US-20 & CR-245,Norwalk,OH,41.244573,-82.608950,3.614000,3.614000,3.614000,1
71163,DANDY MINI MART #68,"I-86/SR-17, EXIT 51A & CR-64",Elmira,NY,42.093388,-76.809610,3.899000,3.899000,3.899000,1
71164,DANDY MINI MART #59,SR-287,Middlebury Center,PA,41.843684,-77.274420,3.999000,3.999000,3.999000,1
71165,PALMETTO EXPRESS #115,"I-26, EXIT 125 & US-176",Gaston,SC,33.817968,-81.099749,3.199000,3.199000,3.199000,1
71166,MAVERIK COUNTRY STORE #616,US-50,Montrose,CO,38.468802,-107.858914,3.395667,3.395667,3.395667,1
71167,LOVES TRAVEL STOP #768,"I-55, EXIT 247",Channahon,IL,41.425279,-88.266579,3.445000,3.349000,3.549000,5
71168,LOVES TRAVEL STOP #797,"I-80, EXIT 176",Winnemucca,NV,40.964440,-117.724594,3.744000,3.744000,3.744000,1
71169,LOVES TRAVEL STOP #879,"I-69 EXIT,286 & US-24 & SR-9",Huntington,IN,40.880825,-85.505497,3.500667,3.500667,3.500667,1
71170,LOVES TRAVEL STOP #849,"I-94, EXIT 292 & CR-21",Valley City,ND,46.922573,-98.004137,3.969000,3.969000,3.969000,1
71171,TEXSTAR TRAVEL CENTER,I-35 EXIT 302,Temple,TX,31.103450,-97.391124,2.912333,2.912333,2.912333,1
71172,ZIPPY JS #18,CR-577 & CR-80,Brenham,TX,30.158160,-96.395616,3.199000,3.199000,3.199000,1
71173,ENMARKET #828,"I-95/SR-405, EXIT 102 & US-80",Pooler,GA,32.105635,-81.256032,3.082333,3.082333,3.082333,1
71176,QUIKTRIP #1710,US-23/SR-365,Gainesville,GA,34.290100,-83.829106,3.345667,3.345667,3.345667,1
71177,COMO TRAVEL CENTER,"I-55, EXIT 257 & SR-310",Como,MS,34.513561,-89.939947,3.079000,3.079000,3.079000,1
71179,7-ELEVEN #41332,"I-26, EXIT 76 & SR-219",Newberry,SC,34.282254,-81.601461,3.332333,3.332333,3.332333,1
71181,7-ELEVEN #38637,"I-85, EXIT 72 & I-585/US-176",Spartanburg,SC,34.945627,-81.925944,3.115667,3.115667,3.115667,1
71185,SHEETZ #698,"I-78/US-22, EXIT 45 & SR-863",Kutztown,PA,40.521313,-75.777288,3.329000,3.329000,3.329000,1
71186,7-ELEVEN #36837,US-29 & SR-904,Anderson,SC,34.521487,-82.643517,3.089000,3.089000,3.089000,1
71187,KWIK TRIP #1041,SR-11 & CR-H,Sturtevant,WI,42.698900,-87.901553,3.794000,3.794000,3.794000,1
71188,QUIKTRIP #1722,"I-75, EXIT 153",Macon,GA,32.808845,-83.694194,3.089000,3.089000,3.089000,1
71189,QUIKTRIP #1198,"I-20, EXIT 55",Lexington,SC,33.992877,-81.221797,3.129000,3.129000,3.129000,1
71190,LOVES TRAVEL STOPS #888,"I-80/US-30, EXIT 85 & SR-374",Green River,WY,41.512922,-109.470796,3.648000,3.589000,3.707000,2
71191,MAVERIK COUNTRY STORE #631,I-80/5600 WEST,Salt Lake City,UT,40.776928,-111.930991,3.459000,3.459000,3.459000,1
71193,ASAP GENERAL STORE #308,US-60 & SR-123,Bartlesville,OK,36.737668,-95.948454,3.191000,3.191000,3.191000,1
71194,ASAP GENERAL STORE #104,"I-40, EXIT 84 & US-54",Weatherford,OK,35.539026,-98.684994,3.132333,3.132333,3.132333,1
71195,ASAP GENERAL STORE #301,"I-40, EXIT 108 & US-281/SR-8",Geary,OK,35.637076,-98.316976,3.132333,3.132333,3.132333,1
71196,ASAP GENERAL STORE #302,SR-33 & SR 54,Thomas,OK,35.745192,-98.745116,3.132333,3.132333,3.132333,1
71197,ASAP GENERAL STORE #304,US-60/SR-51 & US-283,Arnett,OK,36.134487,-99.772706,3.232333,3.232333,3.232333,1
71198,LOVES TRAVEL STOP #844,"I-90, EXIT 233 & SR-74",Saint Charles,MN,43.968747,-92.059295,3.569000,3.569000,3.569000,1
71199,LOVES TRAVEL STOP #814,"I-22, EXIT 14 & CR-35",Hamilton,AL,34.138713,-87.970833,3.555667,3.555667,3.555667,1
71200,LOVES TRAVEL STOP #730,"I-80, EXIT 440 & SR-50",Omaha,NE,41.262705,-96.053475,3.280667,3.280667,3.280667,1
71201,PRIDE TRAVEL CENTER,I-91 EXIT 33,Hartford,CT,41.765933,-72.681579,3.509000,3.509000,3.509000,1
71202,QUIKTRIP #1181,"I-26, EXIT 154B & US-301",Orangeburg,SC,33.493596,-80.866880,3.235667,3.235667,3.235667,1
71206,JACKSONS FOOD STORES #138,US-95/SR-339 & SR-208,Yerington,NV,38.955475,-119.110115,3.679000,3.679000,3.679000,1
71207,GAS N WASH,"I-80, EXIT 148B & SR-43",Tinley Park,IL,41.568579,-87.804217,3.592333,3.499000,3.679000,3
71208,RACEWAY #6789,US-301 & SR-150,Richmond,VA,37.531399,-77.476009,3.429000,3.429000,3.429000,1
71209,RACETRAC #2529,"I-75, EXIT 285 & SR-52",San Antonio,FL,28.339858,-82.278605,3.315667,3.315667,3.315667,1
71210,RACETRAC #2515,I-820 & BUS-287,Fort Worth,TX,32.781954,-97.348573,2.877333,2.877333,2.877333,1
71211,KUM & GO #0138,US-67,Jacksonville,AR,34.880512,-92.130590,3.099000,3.099000,3.099000,1
71212,KUM & GO #0426,BUS-71,Springdale,AR,36.191438,-94.155062,3.149000,3.149000,3.149000,1
71213,KUM & GO #0429,US-62,Rogers,AR,36.318085,-94.152287,3.009000,3.009000,3.009000,1
71214,MAVERIK #5317,"I-76, EXIT 22",Brighton,CO,39.965699,-104.794170,3.234000,3.234000,3.234000,1
71215,MAVERIK #5319,SR-392 & SR-257,Windsor,CO,40.478273,-104.915053,3.159000,3.159000,3.159000,1
71216,Maverik Country Store #5337,"I-35, EXIT 102 & SR-210",Huxley,IA,41.896551,-93.591995,3.092333,3.092333,3.092333,1
71217,KUM & GO #0185,US-65,Bondurant,IA,41.698000,-93.457741,3.095000,3.095000,3.095000,1
71218,KUM & GO #1435,US-65,Fair Grove,MO,37.383321,-93.152154,3.155667,3.155667,3.155667,1
71219,KUM & GO #1568,"I-44, EXIT 156",Waynesville,MO,37.819430,-92.219262,3.099000,3.099000,3.099000,1
71221,LOVES TRAVEL STOP #786,I-435 EXIT 55,Kansas City,MO,39.122361,-94.555117,3.389000,3.389000,3.389000,1
71223,SCOOBA JUNCTION,US-45 & SR-16,Scooba,MS,32.830179,-88.477118,3.215667,3.215667,3.215667,1
71227,TEX BEST #529,SR-16 & SR-1604,Von Ormy,TX,29.277391,-98.657373,3.049000,3.049000,3.049000,1
71228,SHELL,"I-80, EXIT 279 & SR-10",Gibbon,NE,40.745932,-98.845848,3.299000,3.299000,3.299000,1
71229,THE PRIDE OF PALATINE,"I-90, EXIT 65 & SR-62",Palatine,IL,42.116467,-88.044361,3.399000,3.399000,3.399000,1
71230,THE PRIDE OF LAKE COUNTY,US-12 & SR-53,Lake Zurich,IL,42.195009,-88.087729,3.349000,3.349000,3.349000,1
71232,GATEWAY TRAVEL CENTER,US-16 & US-85,Newcastle,WY,43.850271,-104.196487,3.324000,3.324000,3.324000,1
71233,Fuel America Travel Center #2,"I-35, EXIT 32",Encinal,TX,28.040475,-99.354489,3.049000,3.049000,3.049000,1
71234,CHEVRON #352305,I-610 & SR-47,Chalmette,LA,29.944015,-89.966005,3.139000,3.139000,3.139000,1
71239,CASEYS #3926,"I-29, EXIT 84 & SR-118",Mound City,MO,40.136503,-95.233739,3.157333,3.157333,3.157333,1
71240,LOVES TRAVEL STOP #764,I-24 EXIT 117,Hillsboro,TN,35.404432,-85.954094,3.325667,3.325667,3.325667,1
71241,WEIGLES #58,"I-40, Exit 356A & SR-58",Kingston,TN,35.872669,-84.504486,3.169000,3.169000,3.169000,1
71242,LAST STOP TRAVEL CENTER,US-93,Willow Beach,AZ,35.738045,-114.397466,3.495667,3.495667,3.495667,1
71244,MAVERIK COUNTRY STORE #644,"I-84/I-15, EXIT 344 & SR-39",Ogden,UT,41.228391,-111.968147,3.372333,3.372333,3.372333,1
71245,MAVERIK COUNTRY STORE #651,"I-15, EXIT 67 & US-30",Pocatello,ID,42.872748,-112.463836,3.402333,3.402333,3.402333,1
71246,TOOT N TOTUM #99,I-40 EXIT 75,Amarillo,TX,35.198064,-101.833107,3.045667,3.045667,3.045667,1
71247,LOVES TRAVEL STOP #848,"I-59, Exit 104",Sandersville,MS,31.784016,-89.039758,3.162333,3.162333,3.162333,1
71248,RACETRAC #2560,"I-4, EXIT-55",Davenport,FL,28.161193,-81.610839,3.289000,3.289000,3.289000,1
71249,RACETRAC #2589,"I-20, EXIT 185",Oxford,AL,33.596410,-85.868219,2.999000,2.999000,2.999000,1
71250,NAVAJO BLUE TRAVEL CENTER,I-40 EXIT 219,Flagstaff,AZ,35.185212,-111.620698,3.609000,3.609000,3.609000,1
71251,RUTTERS #91,US-30 & SR-772,Gap,PA,39.989889,-76.021247,4.199000,4.199000,4.199000,1
71252,QUIKTRIP #1178,"I-26, EXIT 54 & SR-72",Clinton,SC,34.473887,-81.860899,3.099000,3.099000,3.099000,1
71253,QUIKTRIP #4066,"I-35, EXIT 122 & SR-173",Devine,TX,29.145834,-98.904985,2.965667,2.965667,2.965667,1
71255,Fuel N Treat,"I-70/US-40, EXIT 84 & CR-J",Nelson,MO,38.994544,-93.030832,3.284000,3.284000,3.284000,1
71256,SIGNAL FOOD STORE #120,US-60,Seymour,MO,37.147424,-92.768837,3.025667,3.025667,3.025667,1
71257,FARMERS UNION SOUTHERN VALLEY,US-75 & SR-210,Wahpeton,ND,46.272083,-96.612203,3.499000,3.499000,3.499000,1
71259,LOVES TRAVEL STOP #846,I-10 EXIT 10,Irvington,AL,30.506862,-88.233892,3.165667,3.165667,3.165667,1
71260,LOVES TRAVEL STOP #881,US HWY 224 & OH 225,Diamond,OH,41.098946,-81.022871,3.452333,3.452333,3.452333,1
71261,Una Travel Center,I-94 EXIT 228,Roseville,MI,42.507586,-82.936582,3.899000,3.899000,3.899000,1
71262,LOVES TRAVEL STOP #892,"I-70, EXIT 118 & SR-310",Etna,OH,39.955172,-82.686083,3.460667,3.460667,3.460667,1
71263,Loves Travel Stop # 660,"I-25, Exit 49",Walsenburg,CO,37.630598,-104.781719,4.249000,4.249000,4.249000,1
71264,MAVERIK COUNTRY STORE #649,I-25/US-85 EXIT 220 & SR-500,Albuquerque,NM,35.104780,-106.646809,3.205667,3.205667,3.205667,1
71265,U SAVE FOOD STORES 1,SR-39/SR-55,Richwood,WV,38.222444,-80.537959,3.599000,3.599000,3.599000,1
71266,LOVES TRAVEL STOP #787,"I-81, EXIT 30 & SR-70",Mosheim,TN,36.195560,-82.965597,3.555667,3.555667,3.555667,1
71267,LOVES TRAVEL STOP #878,"US-131/SR-43, EXIT 44",Kalamazoo,MI,42.275163,-85.588501,3.642333,3.589000,3.689000,3
71268,MAVERIK COUNTRY STORE #650,SR 85 & W 900 S,West Jordan,UT,40.602666,-112.001255,3.432333,3.432333,3.432333,1
71269,Maverik Country Store #652,I-84 & SR 79,Jerome,ID,42.718095,-114.515791,3.394000,3.394000,3.394000,1
71270,QUIKTRIP #7904,I-20 EXIT 285,Abilene,TX,32.454514,-99.738147,2.875667,2.875667,2.875667,1
71271,MAVERIK COUNTRY STORE #672,SR-69,Dewey,AZ,34.517396,-112.249650,3.219000,3.219000,3.219000,1
71275,ALLSUPS CONVENIENCE STORE #2272,US-67/US-84,Bangs,TX,31.716130,-99.130320,2.932333,2.932333,2.932333,1
71276,Circle K #2706617,I-4 EXIT 28,Lakeland,FL,28.055496,-81.954772,3.250667,3.250667,3.250667,1
71277,CIRCLE K #2706619,I-75 EXIT 354,Ocala,FL,29.177510,-82.151025,3.457333,3.457333,3.457333,1
71278,Kwik Trip #1506,SR-26,Fort Atkinson,WI,42.923982,-88.845488,3.577333,3.577333,3.577333,1
71281,Pride Travel Center dba One9 #1213,"I-40, Exit 25",Yucca,AZ,34.862993,-114.146145,3.559000,3.559000,3.559000,2
71282,QuikTrip #4128,SR-71,Bastrop,TX,30.111100,-97.318152,2.965667,2.965667,2.965667,1
71283,QUIKTRIP #7135,US-17,Hardeeville,SC,32.295308,-81.040983,2.999000,2.999000,2.999000,1
71284,Loves Travel Stop #889,"I-22, Exit 30",Holly Springs,MS,34.778017,-89.445819,3.315667,3.315667,3.315667,1
71285,Shrees Truck Stop Seattle,SR-509,Seattle,WA,47.619335,-122.351538,3.799000,3.799000,3.799000,1
71286,RACETRAC #2323,I-75 EXIT 128,Fort Myers,FL,26.620074,-81.829547,3.299000,3.299000,3.299000,1
71287,RACETRAC #482,I-310 EXIT 2A,Saint Rose,LA,29.963475,-90.307893,3.125667,3.125667,3.125667,1
71288,SHEETZ #700,"I-270, EXIT 49 & SR-317",Groveport,OH,39.857337,-82.891442,3.059000,3.059000,3.059000,1
71289,7-ELEVEN #38835,I-75 EXIT 139,Fort Myers,FL,26.620074,-81.829547,3.599000,3.599000,3.599000,1
71290,LOVES TRAVEL STOP #808,"US-19/SR-3, EXIT 3 & US-82",Albany,GA,31.578117,-84.176224,3.789000,3.789000,3.789000,1
71291,HUCKS FOOD & FUEL #351 DBA ONE9 #1286,"I-57, Exit 116",Salem,IL,38.627537,-88.959448,3.154000,3.099000,3.239000,4
71295,MOUNTAINEER MART #33,US-33/119,Buckhannon,WV,38.992734,-80.228243,3.899000,3.899000,3.899000,1
71298,QUIKTRIP #1923,"I-45, EXIT 229",Corsicana,TX,32.082404,-96.466700,2.849000,2.849000,2.849000,1
71299,QUIKTRIP #7903,"I-35, EXIT 331",Waco,TX,31.557994,-97.189750,2.955667,2.955667,2.955667,1
71300,SPEEDWAY #1407,"I-94, EXIT 145",Jackson,MI,42.242156,-84.402038,3.574000,3.549000,3.599000,2
71301,Atlanta IL Visitors Center,I-55 EXIT 140,Atlanta,IL,40.263574,-89.230845,3.399000,3.399000,3.399000,1
71302,KWIK STAR #1107,I-380 EXIT 18,Cedar Rapids,IA,41.965850,-91.678901,3.574000,3.574000,3.574000,1
71303,KWIK TRIP #1132,SR-21,Omro,WI,44.038973,-88.736994,3.377333,3.377333,3.377333,1
71305,AMIGO'S COUNTRY STORE,"I-35, EXIT 122 & SR-173",Devine,TX,29.145834,-98.904985,3.099000,3.099000,3.099000,1
71307,Speedway #1221,"I-24/69, EXIT 27 & US-62",Calvert City,KY,37.046422,-88.395537,3.449000,3.449000,3.449000,1
71308,QUIKTRIP #7145,"I-40, EXIT 239A",Lebanon,TN,36.199381,-86.344634,2.915667,2.915667,2.915667,1
71309,SUGAR CROSSING CONVENIENCE,US-33 & CR-63,Lancaster,OH,39.725228,-82.605246,3.382333,3.382333,3.382333,1
71310,CIRCLE K #2722120,US-441/27,Summerfield,FL,29.008592,-82.034809,3.525667,3.525667,3.525667,1
71311,CIRCLE K #708,"I-85, EXIT 64 & US-29",Opelika,AL,32.660739,-85.378890,3.265667,3.265667,3.265667,1
71313,LOVES TRAVEL STOP  #821,"US-70, Exit W Main St",Durant,OK,33.995153,-96.392540,3.489000,3.489000,3.489000,1
71314,Loves Travel Stop  #806,I-20 Exit 124,Monroe,LA,32.518986,-92.077180,3.167333,3.167333,3.167333,1
71315,KWIK TRIP #1062,SR-33,West Bend,WI,43.417492,-88.181685,3.555667,3.555667,3.555667,1
71316,KWIK TRIP #1084,SR-97,Marshfield,WI,44.663291,-90.171736,3.475667,3.475667,3.475667,1
71318,LOVES TRAVEL STOP  #800,SR-83,Elk Grove Village,IL,42.004970,-87.991983,3.517333,3.379000,3.649000,6
71319,LOVES TRAVEL STOP #868,"I-95, EXIT 223",Mims,FL,28.691319,-80.843999,3.689000,3.689000,3.689000,1
71320,TA EXPRESS EDGERTON #284,I-35 EXIT 205,Edgerton,KS,38.790773,-94.943611,3.699000,3.699000,3.699000,1
71321,Kwik Star #1119,US-18,Emmetsburg,IA,43.114798,-94.679579,3.449000,3.449000,3.449000,1
71322,KWIK TRIP #1101,US-141,Crivitz,WI,45.233959,-88.006960,3.304000,3.304000,3.304000,1
71323,MAVERIK COUNTRY STORE #517,SR-114 & E MILL RD,Orem,UT,40.298065,-111.699445,3.440667,3.440667,3.440667,1
71324,7-ELEVEN #38992,"I-85/US-29, EXIT 40 & I-185, EXIT 12",Piedmont,SC,34.705617,-82.466746,3.499000,3.499000,3.499000,1
71325,QUIKTRIP #7223,"I-20, EXIT 23 & SR-782-2",Bossier City,LA,32.523674,-93.655426,2.892333,2.892333,2.892333,1
71326,CIRCLE K #4705730,"I-480 & SR-82, EXIT 36",Twinsburg,OH,41.322594,-81.443123,3.989000,3.989000,3.989000,1
71327,MAVERIK COUNTRY STORE #668,"I-80, EXIT 313",Laramie,WY,41.305955,-105.608637,3.245667,3.245667,3.245667,1
71328,IRVING,US-1,Norwood,MA,42.187364,-71.195971,3.694000,3.694000,3.694000,1
71329,SPEEDWAY #1439,I-20 Exit 100,Mc Calla,AL,33.303112,-87.026660,2.902333,2.902333,2.902333,1
71330,JORDAN MINI MART,SR- 31 & CR-59,Jordan,NY,43.067069,-76.472920,3.829000,3.799000,3.859000,2
71331,KWIK TRIP #1106,SR-13 & SR-64,Medford,WI,45.135634,-90.342467,3.422333,3.422333,3.422333,1
71332,ALLSUPS CONVENIENCE STORE #2308,SR-128 & SR-18,Jal,NM,32.114838,-103.189996,3.129000,3.129000,3.129000,1
71333,ALLSUPS CONVENIENCE STORE #2105,"I-20, EXIT 332 & US-183",Cisco,TX,32.387425,-98.981920,2.929000,2.929000,2.929000,1
71334,ALLSUPS CONVENIENCE STORE #2278,SR-302 & SR-18,Kermit,TX,31.853923,-103.092395,3.089000,3.089000,3.089000,1
71335,ALLSUPS CONVENIENCE STORE #2367,"I-27/US-87, EXIT 49B & US-70",Plainview,TX,34.191119,-101.723501,2.909000,2.909000,2.909000,1
71336,ALLSUPS CONVENIENCE STORE #2180,US-84 & US-180,Snyder,TX,32.713561,-100.911902,2.985667,2.985667,2.985667,1
71337,ALLSUPS CONVENIENCE STORE #2229,US-377 & SR-108,Stephenville,TX,32.214544,-98.219885,3.159000,3.159000,3.159000,1
71338,KWIK TRIP #755,US-18,Fennimore,WI,42.979388,-90.649170,3.424000,3.424000,3.424000,1
71339,CASEYS #3934,"I-35, EXIT 89 & CO-R6F",Ankeny,IA,41.730171,-93.602510,3.099000,3.099000,3.099000,1
71340,KWIK TRIP #180,US-14/SR-68,New Ulm,MN,44.312067,-94.468896,3.349000,3.349000,3.349000,1
71341,QUIKTRIP #7147,"I-40, EXIT 172 & SR-46",Dickson,TN,36.063320,-87.368842,2.915667,2.915667,2.915667,1
71342,CASEYS #3505,US-212,Stewart,MN,44.723772,-94.486595,3.369000,3.369000,3.369000,1
71343,ALLSUPS CONVENIENCE STORE #2014,US-377/US-67,Dublin,TX,32.087765,-98.338865,3.159000,3.159000,3.159000,1
71344,ALLSUPS CONVENIENCE STORE #2061,US-84 & US-380,Post,TX,33.190910,-101.381519,2.944000,2.944000,2.944000,1
71345,ALLSUPS CONVENIENCE STORE #2084,US-377 & CR-234,Brownwood,TX,31.712856,-98.977053,2.949000,2.949000,2.949000,1
71346,ALLSUPS CONVENIENCE STORE #2094,US-277 & US-83,Abilene,TX,32.454514,-99.738147,2.889000,2.889000,2.889000,1
71347,ALLSUPS CONVENIENCE STORE #2128,"I-20, EXIT 301 & CR-276",Clyde,TX,32.405586,-99.503918,2.889000,2.889000,2.889000,1
71348,ALLSUPS CONVENIENCE STORE #2142,US-62/US-180,Hobbs,NM,32.729088,-103.160828,3.382333,3.382333,3.382333,1
71349,ALLSUPS CONVENIENCE STORE #2204,SR-115 & CR-201,Wink,TX,31.754497,-103.154117,3.089000,3.089000,3.089000,1
71350,ALLSUPS CONVENIENCE STORE #2206,US-385 & SR-176,Andrews,TX,32.321336,-102.551846,3.392333,3.392333,3.392333,1
71351,ALLSUPS CONVENIENCE STORE #2207,US-377/US-67 & SR-36,Comanche,TX,31.900484,-98.604364,3.159000,3.159000,3.159000,1
71352,ALLSUPS CONVENIENCE STORE #2223,US-285 & SR-357,Artesia,NM,32.852173,-104.424570,3.399000,3.399000,3.399000,1
71353,ALLSUPS CONVENIENCE STORE #2246,US-84 & SR-268,Melrose,NM,34.429478,-103.629365,3.812333,3.812333,3.812333,1
71354,ALLSUPS CONVENIENCE STORE #2247,US-377 & SR-16,Comanche,TX,31.900484,-98.604364,3.162333,3.162333,3.162333,1
71355,ALLSUPS CONVENIENCE STORE #2249,US-377 & US-281,Stephenville,TX,32.214544,-98.219885,3.159000,3.159000,3.159000,1
71356,ALLSUPS CONVENIENCE STORE #2266,I-20 & US-285,Pecos,TX,31.471918,-103.701761,3.379000,3.379000,3.379000,1
71357,ALLSUPS CONVENIENCE STORE #2279,SR-115 & SR-18,Kermit,TX,31.853923,-103.092395,3.089000,3.089000,3.089000,1
71358,ALLSUPS CONVENIENCE STORE #2285,US-285 & US-62,Carlsbad,NM,32.400790,-104.241012,3.194000,3.194000,3.194000,1
71359,ALLSUPS CONVENIENCE STORE #2350,"I-20, EXIT 285 & US-83",Abilene,TX,32.454514,-99.738147,2.875667,2.875667,2.875667,1
71360,ALLSUPS CONVENIENCE STORE #2353,US-76/US-277,San Angelo,TX,31.441078,-100.450499,3.195667,3.195667,3.195667,1
71361,ALLSUPS CONVENIENCE STORE #2358,US-277/US-87,Wall,TX,31.374052,-100.307587,3.205667,3.205667,3.205667,1
71362,ALLSUPS CONVENIENCE STORE #2359,US-377/US-67 & CR-498,Stephenville,TX,32.214544,-98.219885,3.159000,3.159000,3.159000,1
71363,ALLSUPS CONVENIENCE STORE #2360,FM-988 & FM-8,Stephenville,TX,32.214544,-98.219885,3.159000,3.159000,3.159000,1
71364,QUICK FUEL #3188,I-75,Sidney,OH,40.289527,-84.166729,3.332333,3.332333,3.332333,1
71365,COLES BP,SR 49,Brownsville,WI,43.614608,-88.495215,3.099000,3.099000,3.099000,1
71366,AMOCO,SR 31,Kenosha,WI,42.587526,-87.879996,3.719000,3.719000,3.719000,1
71367,ROAD RANGER #280,"I-20, EXIT 79 & SR-464",Monahans,TX,31.655721,-103.083694,3.459000,3.459000,3.459000,1
71368,Kwik Star #1071,I-280 E and US-61 N,Davenport,IA,41.556820,-90.603948,3.324000,3.324000,3.324000,1
71369,MR GAS TRAVEL CENTER #21,I-84 EXIT 59A,Boise,ID,43.600229,-116.231656,3.695667,3.695667,3.695667,1
71370,MAVERIK COUNTRY STORE #645,"I-40, Exit 16",Gallup,NM,35.513753,-108.743733,3.159000,3.159000,3.159000,1
71371,BREAK TIME #3167,US-65 & HWY-HH,Sedalia,MO,38.706048,-93.234498,3.294000,3.294000,3.294000,1
71372,Simonson Station,US-71 & SR-34,Park Rapids,MN,46.916394,-95.057932,3.599000,3.599000,3.599000,1
71376,7-ELEVEN #41127,SR-29,Labelle,FL,26.720952,-81.452477,3.559000,3.559000,3.559000,1
71377,7-ELEVEN #38485,I-76 Exit 25,Brighton,CO,39.965699,-104.794170,3.599000,3.599000,3.599000,1
71378,QUIKTRIP #1410,"I-10, EXIT 136B & SR-202, EXIT 78A",Phoenix,AZ,33.572154,-112.090132,3.369000,3.369000,3.369000,1
71379,QUIKTRIP #7211,"I-30/US-67/US-70, EXIT 128",Little Rock,AR,34.725393,-92.358556,3.049000,3.049000,3.049000,1
71381,KWIK TRIP #1112,US-63 & SR-77,Hayward,WI,46.006588,-91.489684,3.639000,3.639000,3.639000,1
71382,KWIK TRIP #346,US-151 BUS & CR-G/CR-D,Beaver Dam,WI,43.468105,-88.830900,3.195667,3.195667,3.195667,1
71383,Caseys #3940,I-69 & SR 4,Ashley,IN,41.521494,-85.061398,3.597333,3.597333,3.597333,1
71384,CASEYS #3944,I-29 & CR-106,Tea,SD,43.455626,-96.823997,3.199000,3.199000,3.199000,1
71385,CASEYS #3907,I-675 & SR-235,Fairborn,OH,39.799578,-84.008482,3.679000,3.679000,3.679000,1
71386,CASEYS #3952,SR-1 & SR-9,Hoopeston,IL,40.460824,-87.663572,3.234000,3.189000,3.259000,4
71387,CASEYS #3954,"I-80, Exit 168",Newton,IA,41.696337,-93.040512,3.249000,3.249000,3.249000,1
71388,CASEYS #3850,US HWY 77,Wahoo,NE,41.217120,-96.617844,3.174000,3.174000,3.174000,1
71389,SPEEDWAY #1590,"I-95, EXIT 193",Dillon,SC,34.424467,-79.367588,3.125667,3.125667,3.125667,1
71390,SPEEDWAY #7269,I-270 EXIT 6B,Granite City,IL,38.729283,-90.125472,3.452333,3.379000,3.519000,3
71391,QUIKTRIP #7210,I-40 EXIT 142,North Little Rock,AR,34.781752,-92.235057,3.049000,3.049000,3.049000,1
71392,Loves Travel Stop #834,SR 17 & SR 1,Grant Park,IL,41.242747,-87.635847,3.354000,3.329000,3.379000,2
71393,CASEYS #3303,HWY 15 AND HWY 55,Kimball,MN,45.314330,-94.300807,3.199000,3.199000,3.199000,1
71394,QUIKTRIP #955,"I-35W, EXIT 26A & US-67",Alvarado,TX,32.406109,-97.216012,2.975667,2.975667,2.975667,1
71395,KWIK TRIP #340,US-18 & SR-23,Dodgeville,WI,42.966006,-90.129704,3.489000,3.489000,3.489000,1
71397,RACEWAY #6971,US-82/SR-520,Leesburg,GA,31.732058,-84.168546,3.109000,3.109000,3.109000,1
71398,KWIK STAR #1089,SR 415,Polk City,IA,41.781842,-93.722607,3.159000,3.159000,3.159000,1
71399,Loves Travel Stop  #809,"I-70 & MO Hwy D, Exit 31",Bates City,MO,39.003936,-94.063391,3.220667,3.220667,3.220667,1
71401,KWIK TRIP #1169,"I-694, EXIT 52B & SR-36",Saint Paul,MN,44.948901,-93.104063,3.515667,3.515667,3.515667,1
71402,FIREBIRD FUEL #6196,US-60 & SR-303,Surprise,AZ,33.670801,-112.452546,3.383000,3.383000,3.383000,1
71404,Flyers #3200,"I-17, Exit 215B",Phoenix,AZ,33.572154,-112.090132,3.352333,3.352333,3.352333,1
71405,FLYERS #3201,"US-60, Exit 157",Phoenix,AZ,33.572154,-112.090132,3.369000,3.369000,3.369000,1
71406,FLYERS #3203,"I-10, Exit 139",Phoenix,AZ,33.572154,-112.090132,3.319000,3.319000,3.319000,1
71407,FLYERS #3204,SR 202,Phoenix,AZ,33.572154,-112.090132,3.352333,3.352333,3.352333,1
71408,Flyers #3205,"I-17, Exit 195B",Phoenix,AZ,33.572154,-112.090132,3.382333,3.382333,3.382333,1
71410,Flyers #3213,"US-60, Exit 181",Mesa,AZ,33.400626,-111.716487,3.352333,3.352333,3.352333,1
71411,Flyers #3214,"I-10, Exit 161C",Chandler,AZ,33.282765,-111.851819,3.352333,3.352333,3.352333,1
71412,FLYERS #3215,SR 87,Chandler,AZ,33.282765,-111.851819,3.352333,3.352333,3.352333,1
71413,Flyers #3216,"US 60, Exit 194",Apache Junction,AZ,33.382766,-111.540509,3.422333,3.422333,3.422333,1
71416,FLYERS #3225,"I-10, Exit 255",Tucson,AZ,32.153036,-110.870773,3.359000,3.359000,3.359000,1
71417,Flyers #3227,"I-10, Exit 263A",Tucson,AZ,32.153036,-110.870773,3.355667,3.355667,3.355667,1
71418,Quick Fuel #3228,"I-10, Exit 264",Tucson,AZ,32.153036,-110.870773,3.362333,3.362333,3.362333,1
71421,FLYERS #3236,"SR 601, Exit 22",El Paso,TX,31.847780,-106.431106,3.229000,3.229000,3.229000,1
71428,KWIK TRIP #1140,SR-69/SR-92 & HWY-CC,Belleville,WI,42.864018,-89.539616,3.604000,3.604000,3.604000,1
71429,QUIKTRIP #1432,SR 202 EXIT 76,Phoenix,AZ,33.572154,-112.090132,3.369000,3.369000,3.369000,1
71430,QUIKTRIP #7144,US-31W,Goodlettsville,TN,36.333030,-86.704229,2.915667,2.915667,2.915667,1
71433,Kwik Star #1146,US HWY 151,Cedar Rapids,IA,41.965850,-91.678901,3.624000,3.624000,3.624000,1
71434,KWIK STAR #1154,"SR 18 & SR 60, Exit 34",Sheldon,IA,43.179654,-95.843353,3.199000,3.199000,3.199000,1
71435,QUIKTRIP #1036,I-85 Exit 40,Charlotte,NC,35.209045,-80.830990,3.304000,3.304000,3.304000,1
71436,GOOD 2 GO #213,I-90 EXIT 58 & US-16,Buffalo,WY,44.338545,-106.715344,3.525000,3.525000,3.525000,1
71437,GOOD 2 GO #121,I-15 EXIT 113,Idaho Falls,ID,43.488851,-112.036297,3.479000,3.479000,3.479000,1
71438,LOVES TRAVEL STOP #893,US-80 & SR-307,Savannah,GA,32.018043,-81.196492,3.289000,3.289000,3.289000,1
71439,LOVES TRAVEL STOP #802,I-10 EXIT 26,Milton,FL,30.629413,-87.052598,3.339000,3.339000,3.339000,1
71440,MAVERIK COUNTRY STORE #667,"I-90, EXIT 289 & SR-27",Spokane,WA,47.666935,-117.433322,3.984000,3.969000,3.999000,4
71441,MAVERIK COUNTRY STORE #678,US-191,Vernal,UT,40.451701,-109.538007,3.442333,3.442333,3.442333,1
71442,RACETRAC #2597,"I-65, EXIT 91 & US-31W",Elizabethtown,KY,37.704002,-85.878881,2.919000,2.919000,2.919000,1
71443,LOVES TRAVEL STOP #810,US-33 & SR-540,Bellefontaine,OH,40.362755,-83.763008,3.352333,3.352333,3.352333,1
71444,One9 #1318,"I-44, Exit 88",Strafford,MO,37.269013,-93.117968,2.985667,2.985667,2.985667,1
71445,SPEEDWAY #1051,I-90 & I-94 Exit 69,Mauston,WI,43.799976,-90.079554,3.299000,3.299000,3.299000,1
71446,SPEEDWAY #4221,I-80 Exit 292,Davenport,IA,41.556820,-90.603948,3.749000,3.749000,3.749000,1
71447,KWIK TRIP #612,SR-116,Winneconne,WI,44.111314,-88.711977,3.532333,3.532333,3.532333,1
71449,MAVERIK COUNTRY STORE #628,I-15 & CR-215,Las Vegas,NV,36.233499,-115.264037,3.355667,3.355667,3.355667,1
71450,MAVERIK COUNTRY STORE #664,I-25 EXIT 203,Los Lunas,NM,34.800870,-106.788691,3.202333,3.202333,3.202333,1
71452,ALLSUPS CONVENIENCE STORE #2016,SR-214 & SR-114,Morton,TX,33.724820,-102.759210,3.399000,3.399000,3.399000,1
71453,ALLSUPS CONVENIENCE STORE #2025,US-285,Roswell,NM,33.373442,-104.529393,3.285667,3.285667,3.285667,1
71454,ALLSUPS CONVENIENCE STORE #2036,SR-18,Hobbs,NM,32.729088,-103.160828,3.399000,3.399000,3.399000,1
71455,ALLSUPS CONVENIENCE STORE #2043,US-62,Idalou,TX,33.662400,-101.683697,2.965667,2.965667,2.965667,1
71456,ALLSUPS CONVENIENCE STORE #2058,"I-40, Exit 332 & SR-209",Tucumcari,NM,35.170291,-103.705046,3.355000,3.355000,3.355000,1
71457,ALLSUPS CONVENIENCE STORE #2075,US-70 & SR-6,Crowell,TX,33.983561,-99.724374,3.199000,3.199000,3.199000,1
71458,ALLSUPS CONVENIENCE STORE #2082,SR-70,Spur,TX,33.476582,-100.850215,3.199000,3.199000,3.199000,1
71460,ALLSUPS CONVENIENCE STORE #2101,SR-136,Fritch,TX,35.643066,-101.596432,3.149000,3.149000,3.149000,1
71461,ALLSUPS CONVENIENCE STORE #2111,US-87 &,Texline,TX,36.376494,-103.018876,2.965667,2.965667,2.965667,1
71462,ALLSUPS CONVENIENCE STORE #2138,CR-61,Hobbs,NM,32.729088,-103.160828,3.382333,3.382333,3.382333,1
71463,ALLSUPS CONVENIENCE STORE #2146,SR-18,Hobbs,NM,32.729088,-103.160828,3.212333,3.212333,3.212333,1
71464,ALLSUPS CONVENIENCE STORE #2153,US-277,Haskell,TX,33.159775,-99.732032,3.539000,3.539000,3.539000,1
71465,ALLSUPS CONVENIENCE STORE #2173,US-20,Sweetwater,TX,32.469389,-100.408651,2.845667,2.845667,2.845667,1
71466,ALLSUPS CONVENIENCE STORE #2185,US-380 & 9TH ST,Aspermont,TX,33.140921,-100.224867,3.365667,3.365667,3.365667,1
71467,ALLSUPS CONVENIENCE STORE #2192,SR-86 & SR-207,Silverton,TX,34.471372,-101.304049,3.159000,3.159000,3.159000,1
71468,ALLSUPS CONVENIENCE STORE #2212,SR-6,Stamford,TX,33.046193,-99.597021,3.129000,3.129000,3.129000,1
71469,ALLSUPS CONVENIENCE STORE #2227,SR-114,Morton,TX,33.724820,-102.759210,3.399000,3.399000,3.399000,1
71470,ALLSUPS CONVENIENCE STORE #2267,"I-20, EXIT 42 & CR-761",Pecos,TX,31.471918,-103.701761,3.379000,3.379000,3.379000,1
71471,ALLSUPS CONVENIENCE STORE #2269,SR-524 & CR-658,Carlsbad,NM,32.400790,-104.241012,3.249000,3.249000,3.249000,1
71472,ALLSUPS CONVENIENCE STORE #2276,HWY 84 & CR-466,Hermleigh,TX,32.640775,-100.750485,2.972333,2.972333,2.972333,1
71473,ALLSUPS CONVENIENCE STORE #2378,US-BUS 287 & SR-25,Electra,TX,34.032294,-98.920245,2.999000,2.999000,2.999000,1
71474,PILOT #1292,US-290 & SR-21,Paige,TX,30.212944,-97.125841,3.499000,3.499000,3.499000,1
71476,KWIK TRIP #493,US HWY 12,Whitewater,WI,42.837439,-88.734282,3.499000,3.499000,3.499000,1
71477,KWIK TRIP #1141,SR 54,Luxemburg,WI,44.544660,-87.706569,3.482333,3.482333,3.482333,1
71478,RACEWAY #6970,SR-1 & Coker Rd,Rome,GA,34.266133,-85.186052,3.199000,3.199000,3.199000,1
71479,RACETRAC #118,I-575 & SR-15,Jasper,GA,34.466199,-84.435863,3.309000,3.309000,3.309000,1
71480,Loves Travel Stop #836,US-87,Dalhart,TX,36.057423,-102.512212,3.435667,3.435667,3.435667,1
71481,Loves Travel Stop #843,"I-29, Exit 187",Drayton,ND,48.562060,-97.179496,3.565667,3.565667,3.565667,1
71482,LOVES TRAVEL STOP #789,"I-15, Exit 277",Great Falls,MT,47.502518,-111.299970,3.772333,3.772333,3.772333,1
71484,CIRCLE K #2745064,"I-75/SR-401, EXIT 101 & US-280/SR-30",Cordele,GA,31.956090,-83.770077,2.999000,2.999000,2.999000,1
71485,Circle K #2709088,US-521 & SR-9,Lancaster,SC,34.726127,-80.778965,3.299000,3.299000,3.299000,1
71486,HUCKS FOOD & FUEL #338 DBA PILOT DEALER #1294,US-50/US-150 & US-41 BUS,Vincennes,IN,38.676621,-87.509956,3.959000,3.959000,3.959000,2
71487,LOVES TRAVEL STOPS #835,"I-15, EXIT 163 & SR-99",Fillmore,UT,38.964180,-112.338574,3.642000,3.599000,3.685000,2
71488,LOVES TRAVEL STOP #816,"I-90, EXIT 284",Kimball,SD,43.746962,-98.956559,3.570667,3.570667,3.570667,1
71490,LOVES TRAVEL STOP #818,"I-20, EXIT 205 & SR-46",Heflin,AL,33.647400,-85.569339,3.207333,3.207333,3.207333,1
71491,SPEEDWAY #1520,"I-55, EXIT 58 & SR-80",Matthews,MO,36.756800,-89.567477,3.189000,3.189000,3.189000,1
71492,LOVES TRAVEL STOP #839,"I-64, EXIT 92",Leavenworth,IN,38.200084,-86.350105,3.949000,3.949000,3.949000,1
71493,NEW TRAVEL PLAZA,I-20 EXIT 86,Ruston,LA,32.532986,-92.635327,3.065667,3.065667,3.065667,1
71494,SPEEDWAY/7FLEET #7008,"I-90, EXIT 48A & SR-77",Corfu,NY,42.961163,-78.402610,3.889000,3.889000,3.889000,1
71495,SPEEDWAY #1212,"I-65, EXIT 99 & US-31",Greenwood,IN,39.602990,-86.108505,3.597333,3.597333,3.597333,1
71496,SPEEDWAY/7fleet #1052,US-30 & SR-57,Orrville,OH,40.848267,-81.776894,3.499000,3.499000,3.499000,1
71498,KWIK TRIP #1143,US HWY 45,Antigo,WI,45.141269,-89.155225,3.507333,3.507333,3.507333,1
71499,KWIK TRIP #1130,US HWY 151/18,Mount Horeb,WI,43.006003,-89.731543,3.589000,3.589000,3.589000,1
71500,KWIK TRIP #1114,SR-35,Holmen,WI,43.970921,-91.265874,3.330667,3.330667,3.330667,1
71502,ROAD RANGER #281,I-20 EXIT 332,Cisco,TX,32.387425,-98.981920,3.140667,3.140667,3.140667,1
71503,LOVES TRAVEL STOP #093,US-80 & US-400/US-50,Garden City,KS,37.975022,-100.850870,3.729000,3.729000,3.729000,1
71504,MAVERIK COUNTRY STORE #378,"I-84/I-15, EXIT 346 & SR-126",Ogden,UT,41.228391,-111.968147,3.379000,3.379000,3.379000,1
71505,KWIK TRIP #1029,I-43 & SR-20,East Troy,WI,42.785184,-88.395573,3.174000,3.174000,3.174000,1
71506,KWIK STAR #1165,SR-60,Sibley,IA,43.401476,-95.743031,3.224000,3.224000,3.224000,1
71509,MAPLEFIELDS IRVING,I-91 & US-2,Saint Johnsbury,VT,44.430445,-72.008582,3.599000,3.599000,3.599000,1
71510,RACETRAC #2601,"I-64, Exit 58",Frankfort,KY,38.194966,-84.865877,2.919000,2.919000,2.919000,1
71511,RACETRAC #2592,US HWY 29,Athens,GA,33.949597,-83.370088,3.312333,3.312333,3.312333,1
71512,RACETRAC #2603,Country Road 527,Orlando,FL,28.408650,-81.254805,3.299000,3.299000,3.299000,1
71514,LOVES TRAVEL STOP #817,SR-136,Santa Teresa,NM,31.871360,-106.673424,3.262333,3.262333,3.262333,1
71515,LOVES TRAVEL STOP #824,"I-64 & SR-37, Exit 80",Mount Vernon,IL,38.314205,-88.917470,3.444000,3.349000,3.589000,4
71516,LOVES TRAVEL STOP #833,"I-90, EXIT 61 & US-20",Ripley,NY,42.265686,-79.712302,3.879000,3.879000,3.879000,1
71517,7-ELEVEN #41905,I-85 & CR-2120,Salisbury,NC,35.665499,-80.488930,3.749000,3.749000,3.749000,1
71518,SPEEDWAY/7Fleet #9305,SR-18 & SR-1,Forrest City,AR,35.013599,-90.793207,3.174000,3.174000,3.174000,1
71519,SPEEDWAY #1506,US-231 & SR-271,Montgomery,AL,32.348503,-86.267307,3.042333,3.042333,3.042333,1
71520,KWIK TRIP #1104,SR-35/65 & SR-29,River Falls,WI,44.860401,-92.625286,3.405667,3.405667,3.405667,1
71521,KWIK TRIP #1065,US-12 & SR-89,Whitewater,WI,42.837439,-88.734282,3.424000,3.424000,3.424000,1
71522,Y NOT STOP BARBER SPUR,SR-10 & SR-13,Ville Platte,LA,30.689858,-92.274165,3.499000,3.499000,3.499000,1
71523,QUIKTRIP #7170,I-59 EXIT 77,Cottondale,AL,33.193047,-87.454861,2.915667,2.915667,2.915667,1
71524,Loves Travel Stop #813,"I-77, Exit 112",North Canton,OH,40.874146,-81.397134,3.627333,3.627333,3.627333,1
71525,LOVES TRAVEL STOP #796,"I-40, EXIT 432B & U-25W/US-411/US-70",Newport,TN,35.961624,-83.197624,3.689000,3.689000,3.689000,1
71526,LOVES TRAVEL STOP #820,"I-90, EXIT 41 & SR-414",Waterloo,NY,42.904586,-76.859023,4.149000,4.149000,4.149000,1
71527,D & C FUEL EAST,US-6/SR-92,Tunkhannock,PA,41.541084,-75.949058,3.699000,3.699000,3.699000,1
71528,GOOD 2 GO #218,I-90 EXIT 25 & US-14,Sheridan,WY,44.796219,-106.964166,3.442333,3.442333,3.442333,1
71529,Kwik Trip #1161,US-BUS 53,Eau Claire,WI,44.818343,-91.494769,3.407333,3.407333,3.407333,1
71531,BERT'S TRAVEL PLAZA,SR-33,Wellsville,KS,38.717662,-95.077862,3.315667,3.315667,3.315667,1
71534,GOLDEN GATE - YERINGTON,SR-339 & US-95 ALT,Yerington,NV,38.955475,-119.110115,3.715667,3.715667,3.715667,1
71535,GOLDEN GATE BATTLE MOUNTAIN,"I-80, EXIT 233",Battle Mountain,NV,40.628371,-116.948553,3.339000,3.339000,3.339000,1
71536,PILOT TRAVEL CENTERS  #1106,"I-25/US-85, EXIT 215 & SR-47",Albuquerque,NM,35.104780,-106.646809,3.565667,3.565667,3.565667,1
71542,CIRCLE K #2706625,US-85,Eaton,CO,40.525685,-104.712987,3.399000,3.399000,3.399000,1
71543,THE SOCO GROUP #4,SR-111,El Centro,CA,32.786351,-115.560206,4.839000,4.839000,4.839000,1
71555,Kwik Trip #307,SR-35/US-18,Prairie Du Chien,WI,43.043341,-91.137332,3.599000,3.599000,3.599000,1
71556,KWIK TRIP #1167,"HWY 29, EXIT 108",Thorp,WI,44.957957,-90.802185,3.452333,3.452333,3.452333,1
71557,MUSKOGEE TRAVEL PLAZA,US-69,Muskogee,OK,35.743797,-95.356405,3.015667,3.015667,3.015667,1
71558,ALLSUPS #2384,US-60,Friona,TX,34.639432,-102.723066,2.994000,2.994000,2.994000,1
71559,ALLSUPS CONVENIENCE STORE #2228,US-83 & CR-613,Tuscola,TX,32.211525,-99.798296,2.917333,2.917333,2.917333,1
71560,CIRCLE K #2709675,"I-25, EXIT 41 & SR-543/SR-26",Hatch,NM,32.673119,-107.161993,3.799000,3.799000,3.799000,1
71561,ABBOTTS TRAVEL CENTER,I-35 EXIT 359,Abbott,TX,31.885139,-97.074106,3.065667,3.065667,3.065667,1
71562,PILOT #1317,I-90 EXIT 28,Fultonville,NY,42.946229,-74.369778,3.999000,3.999000,3.999000,1
71563,Kwik Star #1081,SR-9,Decorah,IA,43.301618,-91.784750,3.579000,3.579000,3.579000,1
71564,GRAB N GO,SR-200 & SR-22,Killdeer,ND,47.368751,-102.746201,3.549000,3.549000,3.549000,1
71565,CIRCLE K #2741253,"SR 375, Exit 39",El Paso,TX,31.847780,-106.431106,3.195667,3.195667,3.195667,1
71566,Mankato Travel Center,US HWY 14 & SR 22,Mankato,MN,44.171122,-93.976380,3.499000,3.499000,3.499000,1
71567,PRIDE CONVENIENCE STORE,"I-91, EXIT 40 & SR-20",East Granby,CT,41.929719,-72.745378,3.649000,3.649000,3.649000,1
71568,QUIKTRIP #294,I-35,Gardner,KS,38.811467,-94.929226,2.999000,2.999000,2.999000,1
71570,STEELE 66 TRUCK PLAZA,Hwy O & CR-425,Steele,MO,36.094790,-89.862102,3.399000,3.399000,3.399000,1
71571,RACETRAC #2587,I-75 & US-98,Brooksville,FL,28.516578,-82.404665,3.299000,3.299000,3.299000,1
71572,7-ELEVEN #41525,US-460 & SR-630,Disputanta,VA,37.123551,-77.224856,2.999000,2.999000,2.999000,1
71573,RACETRAC #2588,I-4 & US-301,Tampa,FL,27.966262,-82.477618,3.299000,3.299000,3.299000,1
71574,RACETRAC #2594,US-441,Dublin,GA,32.535471,-82.928807,2.999000,2.999000,2.999000,1
71575,Racetrac #2308,SR-161,Irving,TX,32.857748,-96.970022,2.935667,2.935667,2.935667,1
71576,RACETRAC #2429,SR-161,Irving,TX,32.857748,-96.970022,2.900667,2.900667,2.900667,1
71577,TOOT N TOTUM #130,US-87 & Dorsey Rd,Clayton,NM,36.446033,-103.148863,3.199000,3.199000,3.199000,1
71578,RACETRAC #2595,I-65 EXIT 284,Alabaster,AL,33.214355,-86.823080,2.999000,2.999000,2.999000,1
71579,KWIK TRIP #1138,SR 28,Sheboygan,WI,43.738713,-87.731531,3.242333,3.242333,3.242333,1
71580,MAVERIK COUNTRY STORE #676,"I-15/I-84, EXIT 376 & SR-13",Tremonton,UT,41.718352,-112.187837,3.444000,3.444000,3.444000,1
71582,LOVES TRAVEL STOP #847,US-601 & SR-207,Pageland,SC,34.770117,-80.385705,3.385667,3.385667,3.385667,1
71583,CIRCLE K #2706993,SR 27 N,Lake Wales,FL,27.920697,-81.599505,3.799000,3.799000,3.799000,1
71586,ALLTOWN FRESH,US-9 & SR-23,Livingston,NY,42.138944,-73.797118,3.679000,3.659000,3.699000,2
71590,TA SPRINGER,I-25 EXIT 419,Springer,NM,36.365411,-104.600218,3.529000,3.529000,3.529000,1
71592,THE WOODSHED,US-59 & SR-10,Welch,OK,36.874408,-95.094399,3.099000,3.099000,3.099000,1
71594,BP,US-20 & SR13,Middlebury,IN,41.670559,-85.708679,3.799000,3.799000,3.799000,1
71595,Hucks Market #100,US-36,Hannibal,MO,39.710208,-91.394044,3.132333,3.132333,3.132333,1
71596,ALLSUPS #2379,US-70/US-380,Tinnie,NM,33.370646,-105.226373,3.359000,3.359000,3.359000,1
71597,Allsups #2380,US-84,Sudan,TX,34.066414,-102.524194,3.199000,3.199000,3.199000,1
71598,Allsups #2381,SR-199,Azle,TX,32.895547,-97.539230,2.919000,2.919000,2.919000,1
71600,TA EXPRESS #290,"I-45, EXIT 198 & FM-27",Fairfield,TX,31.717440,-96.170483,3.439000,3.439000,3.439000,1
71601,Circle K #2723479,"I-40, EXIT 306B & US-70",Garner,NC,35.693552,-78.614929,3.369000,3.369000,3.369000,1
71603,FLYERS #3223,US-70/191,Safford,AZ,32.833298,-109.697418,3.862333,3.862333,3.862333,1
71604,MAVERIK COUNTRY STORE #669,"I-80, Exit 113 & SR-172",Salt Lake City,UT,40.776928,-111.930991,3.445667,3.445667,3.445667,1
71605,Allsups Convenience Store #2377,US-70 & US-54,Alamogordo,NM,32.883619,-105.963607,3.062333,3.062333,3.062333,1
71606,Allsups #2396,HWY 62 82 179,Wolfforth,TX,33.509016,-102.005082,2.915667,2.915667,2.915667,1
71607,Loves Travel Stop #827,"I-90, Exit 174",Moses Lake,WA,47.127850,-119.276384,3.889000,3.889000,3.889000,1
71608,Loves Travel Stop #842,"I-194, eXIT 164",Saint Cloud,MN,45.526658,-94.171007,3.290667,3.290667,3.290667,1
71609,QUIKTRIP #73,"US-75, US 62",Henryetta,OK,35.441655,-95.986416,3.025667,3.025667,3.025667,1
71610,FRIENDLY GUS #25,US-80 & SR-338,Dudley,GA,32.533483,-83.083619,3.832333,3.832333,3.832333,1
71612,RACEWAY #6898,"I-95, EXIT 373 & HWY A1A",Yulee,FL,30.635418,-81.569584,3.270667,3.270667,3.270667,1
71614,7-ELEVEN #41808,"I-85, EXIT 106 & US-29",Blacksburg,SC,35.122088,-81.518119,3.359000,3.359000,3.359000,1
71615,HUTCHS #128,US-62 & US-281/SR-8,Anadarko,OK,35.065296,-98.244469,2.999000,2.999000,2.999000,1
71616,ALLSUPS CONVENIENCE STORE #2382,"I-20, EXIT 366 & US-281",Mineral Wells,TX,32.823483,-98.078798,2.945667,2.945667,2.945667,1
71617,CIRCLE K #2709087,US-98/US-19,Chiefland,FL,29.492246,-82.866334,3.582333,3.582333,3.582333,1
71618,Loves Travel Stop #837,"I-35, Exit 52",Cameron,MO,39.744499,-94.232324,3.689000,3.689000,3.689000,1
71619,7-ELEVEN # 41365,"I-840/I-785, EXIT 18 & US-70",Greensboro,NC,36.094850,-79.823624,3.199000,3.199000,3.199000,1
71621,TOOT N TOTUM #127,"I-27, Exit 49B",Plainview,TX,34.191119,-101.723501,2.895667,2.895667,2.895667,1
71622,Circle K #2706628,SR-193 & SR-163,Theodore,AL,30.538686,-88.187573,3.392333,3.392333,3.392333,1
71623,Circle K #2706637,US-43,Grove Hill,AL,31.698670,-87.772868,3.719000,3.719000,3.719000,1
71624,MAVERIK COUNTRY STORE #681,"I-80, Exit 410",West Wendover,NV,40.740253,-114.078633,3.385667,3.385667,3.385667,1
71625,MAVERIK COUNTRY STORE #679,US-160/285 & SR-17,Alamosa,CO,37.474528,-105.876956,3.349000,3.349000,3.349000,1
71627,QUIKTRIP #1730,I-75 EXIT 185,Forsyth,GA,33.039361,-83.934443,3.089000,3.089000,3.089000,1
71628,QUIKTRIP #7171,I-65 EXIT 231,Calera,AL,33.122319,-86.745644,2.999000,2.999000,2.999000,1
71629,KWIK TRIP #1139,SR-95 & SR-65,Cambridge,MN,45.560772,-93.227702,3.399000,3.399000,3.399000,1
71630,CIRCLE K #2701524,"US-52, Exit 134 & SR-268",Pilot Mountain,NC,36.383939,-80.474220,3.429000,3.429000,3.429000,1
71631,RACEWAY #6891,SR-20 & SR-67,Decatur,AL,34.572995,-86.989901,3.099000,3.099000,3.099000,1
71632,Loves Travel Stop #819,SR-21 & SR-275,Rincon,GA,32.294690,-81.235348,3.330667,3.330667,3.330667,1
71634,76,"US HWY 278, US HWY 45",Tupelo,MS,34.270604,-88.732455,3.149000,3.149000,3.149000,1
71635,Racetrac #2610,US-231,Murfreesboro,TN,35.853915,-86.421224,3.049000,3.049000,3.049000,1
71636,RACETRAC #2580,US-41 & SR-268,Murfreesboro,TN,35.853915,-86.421224,3.032333,3.032333,3.032333,1
71637,HORSESHOE #4,SR-114,Smyer,TX,33.587382,-102.163501,2.959000,2.959000,2.959000,1
71638,QUIKTRIP #4032,"I-35, EXIT 176",Schertz,TX,29.563327,-98.250866,2.915667,2.915667,2.915667,1
71639,PAR MAR FOOD STORE #13,"I-77, EXIT 1 & SR-7",Hannibal,OH,39.671769,-80.874105,3.899000,3.899000,3.899000,1
71640,RACETRAC #2544,SR-81 & SR-316,Bethlehem,GA,33.937948,-83.709982,3.312333,3.312333,3.312333,1
71641,76,I-17,Phoenix,AZ,33.572154,-112.090132,3.232333,3.232333,3.232333,1
71642,MAVERIK COUNTRY STORE #398,HWY 89 & LAKE POWELL BLVD,Page,AZ,36.941815,-111.513283,3.455667,3.455667,3.455667,1
71643,Pilot #1319,I-35 Exit 30,Alvarado,TX,32.406109,-97.216012,3.205667,3.205667,3.205667,1
71644,CHISUM TRAVEL CENTER #38,I-20 EXIT 210,Colorado City,TX,32.399486,-100.858304,2.925667,2.925667,2.925667,1
71646,SPEEDWAY #6542,"I-10, Exit 192",Midway,FL,30.405055,-87.009612,3.599000,3.599000,3.599000,1
71647,QUIKTRIP #667,I-44 Exit 189,Rolla,MO,37.945940,-91.761202,2.982333,2.982333,2.982333,1
71648,QUIKTRIP #7149,I-24 Exit 8,Clarksville,TN,36.566430,-87.345216,2.915667,2.915667,2.915667,1
71649,Allsups Convenience Store #2385,US-183 & US-180,Breckenridge,TX,32.756751,-98.912985,3.307333,3.307333,3.307333,1
71650,ALLSUPS CONVENIENCE STORE #2405,SR-208 & SR-158,Robert Lee,TX,31.895705,-100.485006,3.265667,3.265667,3.265667,1
71651,QUIKTRIP #4151,"I-35, Exit 220",Buda,TX,30.080402,-97.855700,2.915667,2.915667,2.915667,1
71652,CIRCLE K #4705575,SR-261,Akron,OH,41.080456,-81.521429,3.769000,3.769000,3.769000,1
71653,MAVERIK COUNTRY STORE #701,US-160,Durango,CO,37.265392,-107.878177,3.299000,3.299000,3.299000,1
71654,LOVES TRAVEL STOP  #851,"I-39/US-51, EXIT 111 & SR-72",Monroe Center,IL,42.099934,-88.994399,3.749000,3.749000,3.749000,1
71655,79 ONE STOP,SR-62 & SR-37,Saint Croix,IN,38.223949,-86.586374,3.499000,3.499000,3.499000,1
71656,CASEYS #3268,US-59 & SR-119,Appleton,MN,45.199475,-96.022226,3.445667,3.445667,3.445667,1
71657,CASEYS #2855,US HWY 63,Cabool,MO,37.126482,-92.103217,3.259000,3.259000,3.259000,1
71659,Loves Travel Stop #646,"I-84, Exit 71",Willington,CT,41.897267,-72.251848,4.359000,4.359000,4.359000,1
71661,Loves Travel Stop #822,"I-40,  Exit 57 & S Crawford St",Clarksville,AR,35.453918,-93.481558,3.392333,3.392333,3.392333,1
71662,PUMP & PANTRY #33,SR-22/39,Genoa,NE,41.445874,-97.733271,3.289000,3.289000,3.289000,1
71663,Allsups #2388,I-27 & SR-217,Canyon,TX,34.990291,-101.918951,2.900667,2.900667,2.900667,1
71664,RUTTERS #95,SR-9,Martinsburg,WV,39.457769,-77.978212,3.999000,3.999000,3.999000,1
71666,Circle K#2746513,SR-13/SIOUX TRL,Savage,MN,44.759057,-93.364213,3.799000,3.799000,3.799000,1
71667,7-Eleven #38986,"I-75, EXIT 301 & US-98",Brooksville,FL,28.516578,-82.404665,3.399000,3.399000,3.399000,1
71668,7-ELEVEN #41572,I-77 & US-70,Statesville,NC,35.785493,-80.872962,2.859000,2.859000,2.859000,1
71672,7-ELEVEN #41573,US-67,Glen Rose,TX,32.246824,-97.748052,3.589000,3.589000,3.589000,1
71673,7-ELEVEN #41792,"I-85, EXIT 27",Anderson,SC,34.521487,-82.643517,2.959000,2.959000,2.959000,1
71674,Kwik Trip #1177,SR-65,Cambridge,MN,45.560772,-93.227702,3.424000,3.424000,3.424000,1
71676,CIRCLE K #4702409,US-52,Lafayette,IN,40.399410,-86.862806,3.157333,3.157333,3.157333,1
71679,TOOT N TOTUM #22,FM 1541 & FM 1151,Amarillo,TX,35.198064,-101.833107,2.967333,2.967333,2.967333,1
71680,Alexs Shelby Truck Stop,US HWY 278 & SR 32,Shelby,MS,33.950528,-90.765091,3.199000,3.199000,3.199000,1
71681,WASPYS TRUCK STOP,US-71,Audubon,IA,41.718019,-94.928372,3.315667,3.315667,3.315667,1
71682,Gas N Wash,"SR 83, SR 50, I-294",Alsip,IL,41.670270,-87.737085,3.399000,3.299000,3.499000,3
71683,GAS N WASH,US HWY 6,Joliet,IL,41.517701,-88.148846,3.799000,3.799000,3.799000,1
71685,ON THE ROAD 110,US-59,Diboll,TX,31.188315,-94.782885,3.199000,3.199000,3.199000,1
71686,Allsups #2391,I-20 Exit 269,Merkel,TX,32.469731,-100.011096,2.875667,2.875667,2.875667,1
71687,ALLSUPS #2386,I-20 EXIT 216,Colorado City,TX,32.399486,-100.858304,2.942333,2.942333,2.942333,1
71688,KWIK TRIP #1151,"I-90, EXIT 183 & CR-BT",Beloit,WI,42.523506,-89.017660,3.374000,3.374000,3.374000,1
71689,KWIK TRIP #1108,"I-41/US-45, EXIT 52 & SR-164",Colgate,WI,43.193062,-88.206760,3.247333,3.247333,3.247333,1
71691,ALLSUPS #2399,US-287 & SR-207,Claude,TX,35.107367,-101.362882,2.929000,2.929000,2.929000,1
71692,GXP #200,"I-85/SR-403, EXIT 140 & SR-82",Jefferson,GA,34.136239,-83.602157,3.239000,3.239000,3.239000,1
71694,J&H Family Store,"I-96, Exit 19",Coopersville,MI,43.065467,-85.933752,3.549000,3.499000,3.599000,2
71695,KWIK TRIP #1126,US-14/US-61,La Crosse,WI,43.824685,-91.224616,3.384000,3.384000,3.384000,1
71696,SUPER SAVE #10,I-220 EXIT 1A,Shreveport,LA,32.466879,-93.792193,3.199000,3.199000,3.199000,1
71697,LOVES TRAVEL STOP #829,I-80 EXIT 81,Brookville,PA,41.161676,-79.082652,4.019000,4.019000,4.019000,1
71698,Kwik Star #1142,hwy 6,Iowa City,IA,41.655661,-91.530859,3.134000,3.134000,3.134000,1
71699,KWIK TRIP #597,"I-94, EXIT 344 & SR-31",Kenosha,WI,42.587526,-87.879996,3.744000,3.744000,3.744000,1
71700,ARCO,US-19/US-98/US-27Alt & CR-30A,Perry,FL,30.109053,-83.582275,3.699000,3.699000,3.699000,1
71701,CIRCLE K #2746510,SR 32,De Pere,WI,44.430990,-88.079936,3.349000,3.349000,3.349000,1
71702,SHOP AND SAVE,US-220 & CR-734,Ridgeway,VA,36.578174,-79.858290,3.909000,3.909000,3.909000,1
71704,QUIKTRIP #962,"I-30, Exit 61A",Garland,TX,32.909826,-96.630334,2.897333,2.897333,2.897333,1
71705,STRIPES #41980,"I-37, EXIT 11A",Corpus Christi,TX,27.754252,-97.173385,3.199000,3.199000,3.199000,1
71706,QUIKTRIP #1176,I-77Exit 2,West Columbia,SC,33.990130,-81.099354,3.309000,3.309000,3.309000,1
71707,QUARLES #4437,US HWY 30,Lancaster,PA,40.042061,-76.300990,3.999000,3.999000,3.999000,1
71708,QUARLES #4936,I-95 Exit 69,Richmond,VA,37.531399,-77.476009,3.699000,3.699000,3.699000,1
71709,MAPCO EXPRESS #7553,SR 153 EXIT 2,Chattanooga,TN,35.065958,-85.248386,2.994000,2.994000,2.994000,1
71710,KWIK STAR #1180,SR-141,Perry,IA,41.837907,-94.093255,3.060667,3.060667,3.060667,1
71712,MAVERIK COUNTRY STORE #693,"I-70, Exit 160 & hwy 191",Green River,UT,38.993460,-110.173424,3.282333,3.282333,3.282333,1
71713,Pilot Dealer #1383,"I-555, Exit 39",Jonesboro,AR,35.819755,-90.679033,3.464000,3.439000,3.489000,2
71714,RACETRAC #2576,SR-997 & SR-994,Miami,FL,25.775163,-80.208615,3.287333,3.287333,3.287333,1
71715,Allsups Convenience Store #2401,US-87,San Angelo,TX,31.441078,-100.450499,3.195667,3.195667,3.195667,1
71716,Allsups #2404,US-62,Carlsbad,NM,32.400790,-104.241012,3.194000,3.194000,3.194000,1
71717,Kwik Trip #1199,US-14,Darien,WI,42.600733,-88.712757,3.199000,3.199000,3.199000,1
71718,KWIK STAR #1158,US-30,Ames,IA,42.026327,-93.621264,3.174000,3.174000,3.174000,1
71719,LOVES TRAVEL STOP #832,"I-35, EXIT 129",Forest Lake,MN,45.250831,-92.966920,3.362333,3.362333,3.362333,1
71721,HUCKS FOOD & FUEL #314,US-50/150,Washington,IN,38.658226,-87.160361,3.462333,3.462333,3.462333,1
71722,MAVERIK #5392,FM-16,Keenesburg,CO,40.155173,-104.563420,3.154000,3.154000,3.154000,1
71723,ALLSUPS CONVENIENCE #2398,SR-70,Pampa,TX,35.547852,-100.965032,3.079000,3.079000,3.079000,1
71724,ALLSUPS CONVENIENCE #2403,US-180,Mineral Wells,TX,32.823483,-98.078798,3.005667,3.005667,3.005667,1
71725,Allsups Convenience Store #2406,US-67,Rankin,TX,31.225360,-101.939438,3.499000,3.499000,3.499000,1
71726,Kwik Trip #1152,US HWY 169,Saint Peter,MN,44.329282,-93.967656,3.724000,3.724000,3.724000,1
71735,Loves Travel Stop #811,US-395,Pasco,WA,46.266113,-119.121426,4.589000,4.589000,4.589000,2
71736,Racetrac #2312,US-41/SR-92,Acworth,GA,34.061991,-84.681121,3.209000,3.209000,3.209000,1
71737,RACETRAC #2605,"I-295, EXIT 25",Jacksonville,FL,30.336864,-81.661603,3.249000,3.249000,3.249000,1
71738,KWIK TRIP #1196,"US-151, EXIT 21",Platteville,WI,42.727931,-90.468102,3.514000,3.514000,3.514000,1
71739,TA EXPRESS #418,"I-16/SR-404, EXIT 116 & US-301/25",Register,GA,32.364530,-81.880493,3.285667,3.285667,3.285667,1
71740,SPRINT FOODS #735,US-78/US-1 & SR-19,Aiken,SC,33.531594,-81.725073,3.172333,3.172333,3.172333,1
71741,SPRINT FOOD STORE #733,"I-20, EXIT 183 & US-221",Harlem,GA,33.435349,-82.316065,3.599000,3.599000,3.599000,1
71769,DUCK THRU FOOD STORE #60,US HWY 64,Spring Hope,NC,35.944126,-78.108966,3.469000,3.469000,3.469000,1
71770,ONVO TRAVEL PLAZA,"I-81, Exit 155",Mountain Top,PA,41.135302,-75.904430,3.587333,3.587333,3.587333,1
71771,BREAK TIME #3170,SR-13 & HWY-T,Bolivar,MO,37.606697,-93.416709,3.374000,3.374000,3.374000,1
71772,Kwik Trip #1137,US-8,Saint Croix Falls,WI,45.411370,-92.624694,3.524000,3.524000,3.524000,1
71773,KWIK STAR #710,US-30 EXIT-202,Toledo,IA,41.990174,-92.580342,3.399000,3.399000,3.399000,1
71774,CASEYS #4292,1020 5TH ST,Carrollton,IL,39.294493,-90.406894,3.319000,3.239000,3.429000,3
71775,Caseys #3950,US-270 & US-54,Liberal,KS,37.046108,-100.927706,3.319000,3.319000,3.319000,1
71776,QUIKTRIP #7172,"I-85/US-29, EXIT 58 & SR-169",Opelika,AL,32.660739,-85.378890,2.999000,2.999000,2.999000,1
71779,TCI PHOENIX,"I-10, EXIT 138 & US-202, EXIT 76",Phoenix,AZ,33.572154,-112.090132,2.922333,2.922333,2.922333,1
71784,7-ELEVEN #41750,I-4 & SR-33,Lakeland,FL,28.055496,-81.954772,3.289000,3.289000,3.289000,1
71785,7-ELEVEN #41266,I-81 & SR-924,Hazleton,PA,40.950470,-75.972509,3.839000,3.839000,3.839000,1
71786,SHEETZ #751,I-76 EXIT 91,Donegal,PA,40.112020,-79.380772,3.259000,3.259000,3.259000,1
71787,PUMP & PANTRY #55,US-159 & US-73,Falls City,NE,40.062208,-95.599013,3.239000,3.239000,3.239000,1
71792,KWIK TRIP #1147,US-71 & SR-60,Windom,MN,43.873552,-95.119136,3.349000,3.349000,3.349000,1
71793,QUARLES #4602,"SR-267, EXIT 8B & SR-606",Sterling,VA,39.004733,-77.405368,3.659000,3.659000,3.659000,1
71794,KWIK TRIP #1174,US-51 & US-2,Ironwood,MI,46.452209,-90.150432,3.283000,3.139000,3.479000,5
71795,CIRCLE  K #2654290,I-85 EXIT 13,Lagrange,GA,33.026980,-85.038261,3.899000,3.899000,3.899000,1
71797,KWIK STAR #1186,"I-80/US-6, EXIT 142 & US-65",Altoona,IA,41.646353,-93.478611,3.199000,3.199000,3.199000,1
71798,Space Age #202,"I-5, EXIT 52",Castle Rock,WA,46.271858,-122.903925,3.659000,3.659000,3.659000,1
71800,Stuckeys Travel Plaza,"I-44, EXIT 179",Newburg,MO,37.915584,-91.900374,2.972333,2.972333,2.972333,1
71801,Love's Travel Stop #869,US HWY 75,Le Mars,IA,42.781514,-96.173311,3.455667,3.455667,3.455667,1
71802,ALLSUPS #2407,I-10 EXIT 259,Fort Stockton,TX,30.892574,-102.884210,3.029000,3.029000,3.029000,1
71803,KENT KWIK #321,I-20 EXIT 143,Midland,TX,32.024642,-102.113467,2.940667,2.940667,2.940667,1
71804,GAS N WASH,I-88 EXIT 114,Montgomery,IL,41.721025,-88.358110,3.599000,3.599000,3.599000,1
71805,RACETRAC #2583,I-24E,La Vergne,TN,36.022237,-86.559384,2.899000,2.899000,2.899000,1
71806,RACETRAC #2600,SR-70,Okeechobee,FL,27.241608,-80.829311,3.299000,3.299000,3.299000,1
71807,KWIK TRIP #1270,SR-172,Green Bay,WI,44.521542,-87.986568,3.290667,3.290667,3.290667,1
71808,WEIGELS #100,SR 153,Chattanooga,TN,35.065958,-85.248386,3.015667,3.015667,3.015667,1
71811,7-ELEVEN #41826,SR-722 & SR-283,Lancaster,PA,40.042061,-76.300990,4.129000,4.129000,4.129000,1
71812,KWIK TRIP #1198,I-43 & Hwy AA,Oostburg,WI,43.624134,-87.788108,3.242333,3.242333,3.242333,1
71813,Kweik Star #1156,SR-150 & SR-3,Oelwein,IA,42.671581,-91.912787,3.582333,3.582333,3.582333,1
71814,TEX-BEST #531,US-90,Uvalde,TX,29.215184,-99.777215,2.874000,2.874000,2.874000,1
71815,MAVERIK COUNTRY STORE #688,I-15 EXIT 339,Ogden,UT,41.228391,-111.968147,3.385667,3.385667,3.385667,1
71816,MAVERIK COUNTRY STORE #694,I-15 EXIT 222,Nephi,UT,39.704697,-111.833350,3.405667,3.405667,3.405667,1
71817,KWIK TRIP #1128,US-12,Altoona,WI,44.799963,-91.439585,3.332333,3.332333,3.332333,1
71818,TA EXPRESS RIVERTON #433,I-72 EXIT 108,Riverton,IL,39.846145,-89.536367,3.439000,3.409000,3.469000,3
71822,DK,SR 176,Lenorah,TX,32.304560,-101.876248,3.532333,3.532333,3.532333,1
71823,MARKER 126,US HWY 20,Duncombe,IA,42.469788,-93.996792,3.059000,3.059000,3.059000,1
71824,QuikTrip #4052,US 181 S,San Antonio,TX,29.462809,-98.524635,2.922333,2.922333,2.922333,1
71826,KWIK TRIP #1183,US-2,Bessemer,MI,46.477579,-90.049836,3.283000,3.139000,3.479000,5
71827,KWIK TRIP #1188,US-12,Cokato,MN,45.076721,-94.187548,3.474000,3.474000,3.474000,1
71828,KWIK TRIP #1209,SR-42,Sturgeon Bay,WI,44.822676,-87.369806,3.582333,3.582333,3.582333,1
71829,KWIK TRIP #1043,US-53/SR-194,Duluth,MN,46.774458,-92.134135,3.499000,3.499000,3.499000,1
71830,One9 Travel Center #1330,"I-40/US-63, EXIT 216 & US-49",Brinkley,AR,34.889781,-91.189819,3.199000,3.199000,3.199000,2
71831,Loves Travel Stop #865,"I-35, Exit 186",Perry,OK,36.280149,-97.308190,3.389000,3.389000,3.389000,1
71832,SHEETZ #753,SR 3,Seville,OH,41.020710,-81.867141,3.082333,3.082333,3.082333,1
71833,Circle K #2706636,US HWY 43,Jackson,AL,31.532321,-87.891183,3.899000,3.899000,3.899000,1
71835,CUZZS TRAVEL DEPOT,US 43 N,Thomasville,AL,31.915011,-87.737204,3.599000,3.599000,3.599000,1
71836,DUCK THRU FOOD STORE #59,US 13 EXIT 119,Greenville,NC,35.596431,-77.375256,3.499000,3.499000,3.499000,1
71837,RUTTERS #86,"US-15, EXIT 17 & SR-26",Frederick,MD,39.434089,-77.414539,3.899000,3.899000,3.899000,1
71838,RUTTERS #24,SR-74 & SR-2069,Brogue,PA,39.871768,-76.483020,4.099000,4.099000,4.099000,1
71839,RUTTERS #92,US-222 & SR-737,Kutztown,PA,40.521313,-75.777288,3.699000,3.699000,3.699000,1
71840,NEON MARKETPLACE,"SR-79, EXIT 10",Fall River,MA,41.725351,-71.094162,3.949000,3.949000,3.949000,1
71841,Quick Fuel #3193,US-69,Kansas City,KS,39.122539,-94.741781,3.345667,3.345667,3.345667,1
71844,HD EXPRESS MART,US 20,Clyde,OH,41.303585,-82.979425,3.379000,3.379000,3.379000,1
71845,ALLSUPS #2424,US 180,Millsap,TX,32.749910,-98.011469,2.984000,2.984000,2.984000,1
71848,CLIFTON SUPER STOP,"I-16, EXIT 104",Metter,GA,32.394510,-82.062432,3.249000,3.249000,3.249000,1
71849,TOOT N TOTUM #128,I-40 EXIT 57,Amarillo,TX,35.198064,-101.833107,3.089000,3.089000,3.089000,1
71850,CEDAR GROVE OASIS,"I-43, Exit 113",Cedar Grove,WI,43.568247,-87.822969,3.239000,3.239000,3.239000,1
71851,PWI #164,I-35/US-77 & FM-3115,Abbott,TX,31.885139,-97.074106,2.892333,2.892333,2.892333,1
71852,KWIK TRIP #1164,US-63,Spooner,WI,45.825917,-91.886125,3.599000,3.599000,3.599000,1
71853,Landmark Travel Center,I-20 EXIT 301,Clyde,TX,32.405586,-99.503918,2.900667,2.900667,2.900667,1
71854,EXXON DBA Pilot #1289,US 75 EXIT 72,Denison,TX,33.766936,-96.580667,3.239000,3.239000,3.239000,1
71855,BYRNE DAIRY #136,I-90 Exit 37,Liverpool,NY,43.105566,-76.209664,3.659000,3.659000,3.659000,1
71856,GO TIME #7,"I-75, EXIT 29",Corbin,KY,36.931584,-84.100790,2.999000,2.999000,2.999000,1
71857,QUIKTRIP #1196,"I-20, EXIT 11 & SR-144",Graniteville,SC,33.564682,-81.809231,3.159000,3.159000,3.159000,1
71858,QUIKTRIP #7224,"I-20, EXIT 112",West Monroe,LA,32.512340,-92.151070,2.892333,2.892333,2.892333,1
71859,ALLSUPS #2415,SR 6,Meridian,TX,31.926600,-97.649091,2.965667,2.965667,2.965667,1
71860,PILOT #1347,"I-59, EXIT 5A",Pearl River,LA,30.371353,-89.750359,3.164000,3.164000,3.164000,1
71862,Loves Travel Stop #863,I-90 & SR-528,Madison,OH,41.772258,-81.052983,3.849000,3.849000,3.849000,1
71864,MPC #30,"I-44, Exit 195",Saint James,MO,38.002356,-91.613372,2.985667,2.985667,2.985667,1
71865,RACETRAC #574,"I-30, EXIT 68",Rockwall,TX,32.918056,-96.438050,2.924000,2.924000,2.924000,1
71866,RACETRAC #2615,"I-65, EXIT 128",Louisville,KY,38.224728,-85.740614,2.919000,2.919000,2.919000,1
71867,HOLIDAY STATIONSTORE #2653855,US-12,Aberdeen,SD,45.464678,-98.468104,3.107333,3.107333,3.107333,1
71868,RACETRAC #2456,SR-44 & CR-491,Lecanto,FL,28.825092,-82.499791,3.315667,3.315667,3.315667,1
71869,PORT FUEL CENTER,"I-516, EXIT 7B & SR-21",Port Wentworth,GA,32.192015,-81.205725,3.182333,3.182333,3.182333,1
71870,Circle K #2706479,US-280,Sylacauga,AL,33.188670,-86.274799,3.799000,3.799000,3.799000,1
71871,KWIK TRIP #1133,US-10 & SR-85,Durand,WI,44.622405,-91.960308,3.430667,3.430667,3.430667,1
71872,KWIK STAR #1189,"I-80, EXIT 110",De Soto,IA,41.537777,-94.009953,3.224000,3.224000,3.224000,1
71873,KWIK TRIP #1182,"I-35E, EXIT 123B",Hugo,MN,45.164225,-92.960105,3.377333,3.377333,3.377333,1
71874,Rutters #85,I-76 & US-30,Bedford,PA,40.015115,-78.503017,4.099000,4.099000,4.099000,1
71875,LOVES TRAVEL STOP #615,US-59 & US-79,Carthage,TX,32.152046,-94.337111,3.102333,3.102333,3.102333,1
71876,LOVES TRAVEL STOP #861,"I-75, EXIT 72 & SR-72",Loudon,TN,35.737244,-84.362102,3.587333,3.587333,3.587333,1
71877,LOVES TRAVEL STOP #859,"I-80, EXIT 116 & US-6",Morris,IL,41.380229,-88.424332,3.789000,3.789000,3.789000,1
71878,LOVES TRAVEL STOP #872,SR-78 & CR-27,Lancaster,OH,39.725228,-82.605246,3.275667,3.275667,3.275667,1
71879,Gas N Wash Schoolhouse,FM-74,New Lenox,IL,41.510022,-87.970002,3.699000,3.699000,3.699000,1
71883,QUIKTRIP #4178,SR-130,Hutto,TX,30.541624,-97.544249,2.915667,2.915667,2.915667,1
71886,QUIKTRIP #7136,US-17,Brunswick,GA,31.136149,-81.466936,3.074000,3.074000,3.074000,1
71887,SHELL,I-80 & SR-63,Greenwood,NE,40.961687,-96.443043,3.399000,3.399000,3.399000,1
71888,KJS ALPINE,US HWY 26,Alpine,WY,43.160393,-111.014752,3.799000,3.799000,3.799000,1
71889,Payson Cardlock,SR 260 & SR 87,Payson,AZ,34.243841,-111.318964,3.709000,3.709000,3.709000,1
71890,Carter Flagstaff Cardlock (Bulk Plant),I-40 Exit 198,Flagstaff,AZ,35.185212,-111.620698,3.689000,3.689000,3.689000,1
71892,Tropic Fleet Bradenton Cardlock,US 301,Bradenton,FL,27.489798,-82.576804,3.499000,3.499000,3.499000,1
71893,Tropic Fleet Rechtien Cardlock,SR-934,Miami,FL,25.775163,-80.208615,3.471000,3.471000,3.471000,1
71894,Majors 663 Nacogdoches Truck Plaza,US-259 & US-59,Nacogdoches,TX,31.612364,-94.652046,3.029000,3.029000,3.029000,1
71897,ONE9 XPRESS FUEL #1349,I-10 EXIT 140B,Van Horn,TX,31.040672,-104.834154,3.459000,3.459000,3.459000,1
71898,Loves Travel Stop #867,I-55 Exit 165,Normal,IL,40.519730,-88.990745,3.439000,3.389000,3.489000,2
71899,LOVES TRAVEL STOP #882,US-61/SR-92,Muscatine,IA,41.419058,-91.067946,3.439000,3.439000,3.439000,1
71902,MURPHY EXPRESS #8928,FM-1472,Laredo,TX,27.560379,-99.489181,2.845667,2.845667,2.845667,1
71903,ALLSUPS #2412,SR 199 W,Springtown,TX,32.969300,-97.680424,2.919000,2.919000,2.919000,1
71904,SHEETZ #745,I-90 EXIT 212,Madison,OH,41.772258,-81.052983,3.082333,3.082333,3.082333,1
71906,COMPASS TRAVEL CENTER,"I-65, EXIT 230",Demotte,IN,41.199271,-87.195453,3.242333,3.242333,3.242333,1
71909,RACETRAC #2604,I-75 Exit 126,Mcdonough,GA,33.442222,-84.150963,3.199000,3.199000,3.199000,1
71910,KWIK TRIP #793,"I-35, EXIT 59",Faribault,MN,44.299709,-93.278946,3.424000,3.424000,3.424000,1
71911,MAVERIK COUNTRY STORE #706,SR-10,Castle Dale,UT,39.221661,-111.022676,3.439000,3.439000,3.439000,1
71912,FUEL CITY WYLIE,SR-78,Wylie,TX,33.035831,-96.520187,2.965667,2.965667,2.965667,1
71913,Circle K #4702456,I-69,Martinsville,IN,39.414711,-86.431699,3.599000,3.599000,3.599000,1
71914,HUCKS FOOD & Fuel #309,I-169 Exit 8,Hopkinsville,KY,36.839284,-87.473544,3.474000,3.474000,3.474000,1
71916,Spinx 317,US-17 ALT,Moncks Corner,SC,33.199763,-79.986603,3.312333,3.312333,3.312333,1
71919,THE SPORTSMAN 2 TRAVEL PLAZA,I-35 EXIT 480,Sanger,TX,33.382098,-97.165412,2.975667,2.975667,2.975667,1
71922,Plaza of The Flint Hills,I-70 Exit 32B,Alma,KS,39.015681,-96.287096,3.299000,3.299000,3.299000,1
71923,SHEETZ #740,US-23  & SR-752,Ashville,OH,39.724340,-82.957472,3.102333,3.102333,3.102333,1
71924,JIFFY,I-80 Exit 60,Shippenville,PA,41.250993,-79.462626,4.132333,4.132333,4.132333,1
71925,QUIKTRIP #7140,"I-24, EXIT 175 & US-41",Chattanooga,TN,35.065958,-85.248386,2.915667,2.915667,2.915667,1
71926,QUIKTRIP #186,SR-150,Grandview,MO,38.881359,-94.522744,3.199000,3.199000,3.199000,1
71927,Allsups Convenience #2420,US 283,Altus,OK,34.657061,-99.309046,2.979000,2.979000,2.979000,1
71929,STUCKEYS TRAVEL CENTER,I-10 & FM-365,Beaumont,TX,30.084912,-94.145330,2.824000,2.824000,2.824000,1
71931,QUIKTRIP #7071,I-75 & SR-133/401,Valdosta,GA,30.850126,-83.278833,3.032333,3.032333,3.032333,1
71932,MCCLURE OIL #60,US 35,Logansport,IN,40.748067,-86.354722,3.799000,3.799000,3.799000,1
71933,RHODES CONVENIENCE STORES,US-62,Sikeston,MO,36.884997,-89.587449,3.350667,3.350667,3.350667,1
71934,SHEETZ #759,I-71 & SR-734,Jeffersonville,OH,39.653439,-83.551562,3.065667,3.065667,3.065667,1
71935,SPEEDWAY #1695,I-87 EXIT 23,Albany,NY,42.665745,-73.798353,3.849000,3.849000,3.849000,1
71936,QUIKTRIP #7907,I-44 EXIT 1D,Wichita Falls,TX,33.906654,-98.525848,2.859000,2.859000,2.859000,1
71937,KWIK TRIP #1173,CR-10,Waconia,MN,44.841530,-93.790092,3.607333,3.607333,3.607333,1
71941,RACETRAC #2628,I-85 EXIT 62 & US-280,Opelika,AL,32.660739,-85.378890,2.999000,2.999000,2.999000,1
71942,BYRNE DAIRY #135,I-81 & SR-481,Liverpool,NY,43.105566,-76.209664,4.199000,4.199000,4.199000,1
71943,DK #11823,I-20 & FM-1768,Midland,TX,32.024642,-102.113467,2.982333,2.982333,2.982333,1
71944,DK #13903,SR-108,Texarkana,AR,33.436339,-93.987118,3.040667,3.040667,3.040667,1
71945,DK #13904,I-40 EXIT 233 & SR-261,Palestine,AR,34.970307,-90.908225,3.015667,3.015667,3.015667,1
71946,Allsups #102450,US-87,Eden,TX,31.216246,-99.843965,3.179000,3.179000,3.179000,1
71947,PETRO USA,I-76 EXIT 2 & SR-3,Seville,OH,41.020710,-81.867141,3.079000,3.079000,3.079000,1
71948,19 AND 75 FILLING STATION,US-75 & SR-19,Ivanhoe,MN,44.464282,-96.251729,3.394000,3.394000,3.394000,1
71949,24 STORE SHELBY,SR-61,Shelby,OH,40.885138,-82.658308,3.499000,3.499000,3.499000,1
71950,77/36 DUCHESS,I-77 & US-36,Newcomerstown,OH,40.275264,-81.596034,3.299000,3.299000,3.299000,1
71951,7-ELEVEN #39448,I-81 & SR-682,Mount Crawford,VA,38.360875,-78.941035,3.315667,3.315667,3.315667,1
71953,ALEX'S TRUCK STOP,US-61,Tunica,MS,34.688137,-90.380937,3.299000,3.299000,3.299000,1
71957,B&M Quickstop,SR-8,Mineral Point,MO,37.945577,-90.724632,3.699000,3.699000,3.699000,1
71958,BELL STORES,I-77 & CR-80,Dover,OH,40.530048,-81.481028,3.399000,3.399000,3.399000,1
71960,BELL STORES #1159,US-30 & CR-144,Wooster,OH,40.817030,-81.931529,3.659000,3.659000,3.659000,1
71961,BELL STORES #54,US-250 & SR-241,Mount Eaton,OH,40.694805,-81.702164,3.499000,3.499000,3.499000,1
71962,BELLSTORES,SR-598,Galion,OH,40.738216,-82.781327,3.499000,3.499000,3.499000,1
71965,CIRCLE K #2709989,US-167 & CR-405,Sheridan,AR,34.321575,-92.443067,3.599000,3.599000,3.599000,1
71966,BLACK DIAMOND TRAVEL CENTER,I-26 & SR-173,Unicoi,TN,36.221771,-82.329224,3.402333,3.402333,3.402333,1
71967,BLOC STOP TRAVEL CENTER,US-19 & SR-133,ALBANY,GA,31.578117,-84.176224,3.799000,3.799000,3.799000,1
71968,BLONDIES FOOD AND FUEL,US-90 & SR-69,Grand Ridge,FL,30.704110,-85.022609,3.590667,3.590667,3.590667,1
71969,BORDERVIEW GROCERY,US-11 & CR-19,Champlain,NY,44.988281,-73.432429,3.799000,3.799000,3.799000,1
71970,BLUE BIRD 3 EXPRESS,"US-78, EXIT 1",Olive Branch,MS,34.955752,-89.841153,3.199000,3.199000,3.199000,1
71971,BOUND BROOK BP,I-287 Exit 13B & SR-28,Bound Brook,NJ,40.567749,-74.537250,3.249000,3.249000,3.249000,1
71972,BOWMAN,I-81 Exit 1,Williamsport,MD,39.597345,-77.817972,3.832333,3.832333,3.832333,1
71973,SHEETZ #703,I-40 & US-70,Garner,NC,35.693552,-78.614929,2.859000,2.859000,2.859000,1
71975,BP,I-81 & SR-177,Christiansburg,VA,37.140663,-80.404512,3.799000,3.799000,3.799000,1
71976,Loves Travel Stop #828,"I-295, EXIT 33",Jacksonville,FL,30.336864,-81.661603,3.282333,3.282333,3.282333,1
71977,BP,SR-47,Sugar Grove,IL,41.768621,-88.448896,3.599000,3.599000,3.599000,1
71978,BP,I-29 & US-34,Pacific Junction,IA,41.017975,-95.799453,3.399000,3.399000,3.399000,1
71979,KENT KWIK #219,SR-338,Odessa,TX,31.880461,-102.345314,3.007333,3.007333,3.007333,1
71980,KENT KWIK #433,US-87,San Angelo,TX,31.441078,-100.450499,3.132333,3.132333,3.132333,1
71981,SHEETZ #488,US-13 & US-264,Greenville,NC,35.596431,-77.375256,2.899000,2.899000,2.899000,1
71982,MAVERIK COUNTRY STORE #665,SR-201,Magna,UT,40.753425,-112.108516,3.399000,3.399000,3.399000,1
71983,MAVERIK COUNTRY STORE #702,I-80 Exit 59,Sidney,NE,41.133633,-102.969540,3.112333,3.112333,3.112333,1
71984,BP,I-43 & SR-11,Elkhorn,WI,42.671601,-88.536256,3.149000,3.149000,3.149000,1
71985,Brew #12,US-20 & SR-31,Correctionville,IA,42.477592,-95.783158,3.559000,3.559000,3.559000,1
71988,C AND W GLOBAL,SR-429 & SR-438,Winter Garden,FL,28.541217,-81.591241,3.074000,3.074000,3.074000,1
71990,Allsups #2418,US-84,Snyder,TX,32.713561,-100.911902,2.972333,2.972333,2.972333,1
71991,TA Express Fairview #943,US 36,Fairview,KS,39.839579,-95.728101,3.299000,3.299000,3.299000,1
71992,7-ELEVEN #41263,US-13,Bridgeville,DE,38.725204,-75.602850,3.399000,3.399000,3.399000,1
71994,7-ELEVEN #42058,SR-572,Lakeland,FL,28.055496,-81.954772,3.482333,3.482333,3.482333,1
71995,Chevron,"I-40, EXIT 218 & US-285",Clines Corners,NM,35.009498,-105.669180,3.415667,3.415667,3.415667,1
71996,BP,"I-43, EXIT 164 & CR-Z",Maribel,WI,44.278597,-87.802126,3.249000,3.249000,3.249000,1
71997,7-ELEVEN #41287,SR-29,Immokalee,FL,26.424012,-81.421556,3.679000,3.679000,3.679000,1
71999,7-ELEVEN #41813,"I-85, EXIT 60",Duncan,SC,34.929181,-82.147615,3.099000,3.099000,3.099000,1
72000,7-ELEVEN #41309,US-41,Nokomis,FL,27.123799,-82.435785,3.379000,3.379000,3.379000,1
72001,7-Eleven #41963,"I-65, EXIT 98",Goodlettsville,TN,36.333030,-86.704229,3.049000,3.049000,3.049000,1
72003,7-ELEVEN #42012,"I-77, EXIT 24 & US-21",Blythewood,SC,34.209247,-80.995293,3.109000,3.109000,3.109000,1
72004,7-ELEVEN #41578,US-13,Seaford,DE,38.657254,-75.613379,3.359000,3.359000,3.359000,1
72006,CIRCLE K #4707123,SR-2,Canaan,ME,44.782176,-69.546316,3.759000,3.759000,3.759000,1
72008,CASHS #4469,US-278 & US-63,Warren,AR,33.611829,-92.067718,3.499000,3.499000,3.499000,1
72009,CEFCO #1059,SR-274,Kemp,TX,32.433575,-96.223070,2.909000,2.909000,2.909000,1
72011,CEFCO #107,US 190,Lampasas,TX,31.064037,-98.182783,2.899000,2.899000,2.899000,1
72012,CEFCO #108,US-77,Waco,TX,31.557994,-97.189750,2.992333,2.992333,2.992333,1
72013,CEFCO #1081,US-59,Queen City,TX,33.150196,-94.153230,3.024000,3.024000,3.024000,1
72014,CEFCO #1086,US-259,Longview,TX,32.519337,-94.764592,2.959000,2.959000,2.959000,1
72015,CEFCO #1096,US-82,Paris,TX,33.668929,-95.546616,2.965667,2.965667,2.965667,1
72016,Cefco #11,US-84,Waco,TX,31.557994,-97.189750,2.995667,2.995667,2.995667,1
72017,CEFCO #1102,SR-24 & SR-286,Paris,TX,33.668929,-95.546616,2.965667,2.965667,2.965667,1
72018,CEFCO #2071,US-377 & FM-381,Early,TX,31.742153,-98.936602,2.925667,2.925667,2.925667,1
72019,CEFCO #2081,US-84,Post,TX,33.190910,-101.381519,2.942333,2.942333,2.942333,1
72020,CEFCO #2082,SR-206 & SR-36,Cross Plains,TX,32.127068,-99.165775,3.159000,3.159000,3.159000,1
72021,CEFCO #30,US-77 & SR-320,Lott,TX,31.206257,-97.033576,3.011000,3.011000,3.011000,1
72022,CEFCO #65,US-84 & FM-116,Gatesville,TX,31.438667,-97.746027,2.965667,2.965667,2.965667,1
72024,CENEX,US-2,Stanley,ND,48.313784,-102.397321,3.582333,3.582333,3.582333,1
72025,CENEX,US-2,Devils Lake,ND,48.112578,-98.874762,3.240667,3.240667,3.240667,1
72026,CENEX,"I-94, EXIT 84 & SR-8",Richardton,ND,46.881347,-102.333179,3.509000,3.509000,3.509000,1
72028,CENEX,US-52 & SR-15,Fessenden,ND,47.649308,-99.627008,3.531000,3.531000,3.531000,1
72029,CENEX,SR-40,Tioga,ND,48.394617,-102.943490,3.575667,3.575667,3.575667,1
72030,CENEX,I-90 & SR-51,Gillette,WY,44.272580,-105.498936,3.489000,3.489000,3.489000,1
72031,CENEX HARWOOD,"I-29/US-81, EXIT 72",Harwood,ND,46.977008,-96.881035,3.359000,3.359000,3.359000,1
72033,CHARLIE BS,SR-246,Greenwood,SC,34.195409,-82.153666,2.987000,2.987000,2.987000,1
72034,CHARLIES MARKET,SR-172,Salt Lake City,UT,40.776928,-111.930991,3.459000,3.459000,3.459000,1
72038,CHEVRON,I-55 & SR-570,McComb,MS,31.244474,-90.471593,3.282333,3.282333,3.282333,1
72039,CHEVRON,SR-20 & SR-65,Hosford,FL,30.403387,-84.808087,3.299000,3.299000,3.299000,1
72041,CHEVRON,SR-20 & SR-71,Blountstown,FL,30.442850,-85.045401,3.299000,3.299000,3.299000,1
72044,Maverik Country Store #709,I-40 Exit 163,Williams,AZ,35.246640,-112.183296,3.219000,3.219000,3.219000,1
72045,MAVERIK COUNTRY STORE #710,US-6,Helper,UT,39.689628,-110.859599,3.445667,3.445667,3.445667,1
72046,CHEVRON DBA ONE9 #1429,US-30 & US-95,Fruitland,ID,44.019123,-116.921025,3.370667,3.349000,3.392333,2
72054,CHEVRON,US-45,Guntown,MS,34.445101,-88.663800,3.299000,3.299000,3.299000,1
72060,CHEVRON FOOD MART #20,US-45 & SR-16,Scooba,MS,32.830179,-88.477118,3.199000,3.199000,3.199000,1
72063,CIRCLE K #2655785,US-301,Upper Marlboro,MD,38.816495,-76.753670,3.999000,3.999000,3.999000,1
72066,CIRCLE K #2741094,SR-46,Seguin,TX,29.590227,-97.968607,2.959000,2.959000,2.959000,1
72067,CIRCLE K #2741822,US-90 & FM-471,Castroville,TX,29.359864,-98.854749,2.912333,2.912333,2.912333,1
72071,7-Eleven #42182,Ashley Phosphate Rd & Cross Country Rd,North Charleston,SC,32.917881,-80.065000,3.459000,3.459000,3.459000,1
72072,PARKERS #92,SR 17,Guyton,GA,32.332270,-81.390385,2.999000,2.999000,2.999000,1
72073,CIRCLE K #2723791,I-85 & SR-54,Graham,NC,36.056356,-79.389436,3.609000,3.609000,3.609000,1
72074,CIRCLE K #2741566,US-84 & FM-2837,Woodway,TX,31.498334,-97.230789,2.999000,2.999000,2.999000,1
72075,CITGO SAMS FOOD STORE,"US-5, Exit 87",Hartford,CT,41.765933,-72.681579,3.499000,3.499000,3.499000,1
72077,COLDWATER TRAVEL CENTER,I-55 & SR-306,Coldwater,MS,34.690376,-89.975517,3.099000,3.099000,3.099000,1
72078,STRIPES #42150,"I-69C, Exit 9 & US-281",Edinburg,TX,26.321056,-98.162837,3.005667,3.005667,3.005667,1
72080,Corner Store,US-180/62,Seminole,TX,32.722204,-102.649814,3.129000,3.129000,3.129000,1
72081,STRIPES #2146,US-181 & SR-361,Ingleside,TX,27.870608,-97.207906,3.299000,3.299000,3.299000,1
72082,COUNTRYMARK,SR-124,Bluffton,IN,40.743479,-85.172111,3.765667,3.765667,3.765667,1
72083,DANDY DANS,US-49/SR-42,Hattiesburg,MS,31.307305,-89.317434,3.065667,3.065667,3.065667,1
72084,DANDY MINI MART #60,US-6 & SR-14,Troy,PA,41.783315,-76.792222,3.999000,3.999000,3.999000,1
72086,DELT EXPRESS,SR-52,SAMSON,AL,31.112417,-86.046735,3.699000,3.699000,3.699000,1
72087,DELTA,US-9,Jersey City,NJ,40.711417,-74.064760,3.239000,3.239000,3.239000,1
72089,CASEYS #4567,SR-55,Columbia,KY,37.103437,-85.307537,3.159000,3.159000,3.159000,1
72090,DOMINO #128,US-81 & SR-66,El Reno,OK,35.541833,-97.961268,3.199000,3.199000,3.199000,1
72091,DUCK THRU FOOD STORE #54,US-64,Columbia,NC,35.923406,-76.240480,3.523000,3.523000,3.523000,1
72092,DUCK THRU FOOD STORE #57,SR-42/SR-43,Pinetops,NC,35.791136,-77.637775,3.574000,3.574000,3.574000,1
72096,EXPRESS #29,SR-29,East Dublin,GA,32.546925,-82.866967,3.632333,3.632333,3.632333,1
72097,EXPRESSWAY SERVICE STATION,US-287 & SR-25,Electra,TX,34.032294,-98.920245,2.999000,2.999000,2.999000,1
72100,Exxon,"I-22/US-78, Exit 10 &  SR-178",Byhalia,MS,34.869188,-89.689993,3.199000,3.199000,3.199000,1
72101,EXXON,US-24,Redford,MI,42.394788,-83.294018,3.699000,3.699000,3.699000,1
72104,LOVES TRAVEL STOP #170,I-44 EXIT 166 & SR-18,CHANDLER,OK,35.712784,-96.836198,3.087333,3.087333,3.087333,1
72105,LOVES TRAVEL STOP #171,SR-375 & SR-31,McAlester,OK,34.926128,-95.773619,3.437333,3.437333,3.437333,1
72106,Loves Country Store #118,US-77 & SR-29,Wynnewood,OK,34.642789,-97.162467,2.989000,2.989000,2.989000,1
72108,FARMERS UNION OIL OF CARPIO,US-52 & SR-28,Carpio,ND,48.443445,-101.716317,3.384000,3.384000,3.384000,1
72110,FAST STOP,US-84 & CR-1800,Lubbock,TX,33.561901,-101.888883,2.999000,2.999000,2.999000,1
72111,FAST STOP,"I-40, Exit 81 & FM-1912",Amarillo,TX,35.198064,-101.833107,2.944000,2.944000,2.944000,1
72112,Flyers #3219,US-60,Claypool,AZ,33.406101,-110.841873,3.849000,3.849000,3.849000,1
72113,Food N Fuel,US-6 & CR-4,New Lenox,IL,41.510022,-87.970002,3.449000,3.399000,3.499000,2
72114,Gas  House,"I-77, Exit 49B",Statesville,NC,35.785493,-80.872962,3.424000,3.424000,3.424000,1
72115,FRIENDSHIP FOOD & FUEL,SR-15 & CR-244,Ecru,MS,34.347992,-89.025632,3.799000,3.799000,3.799000,1
72116,FRIENDSHIP FOOD MART #90,I-90 & SR-57,Elyria,OH,41.372778,-82.108009,3.779000,3.779000,3.779000,1
72118,GAS N WASH,I-355 & SR-7,HOMER GLEN,IL,41.605179,-87.952373,3.599000,3.599000,3.599000,6
72119,Gas N Wash Cicero,SR-50,Berwyn,IL,41.843333,-87.790926,3.584000,3.569000,3.599000,2
72120,GAS PRO TRAVEL CENTER,US-301/25,Statesboro,GA,32.437726,-81.775637,3.129000,3.129000,3.129000,1
72122,KWIK TRIP #1115,US-63 & US-8,Turtle Lake,WI,45.390622,-92.149832,3.655667,3.655667,3.655667,1
72124,GET GO #3016,I-376 & SR-18,Monaca,PA,40.683423,-80.273427,5.499000,5.499000,5.499000,1
72125,GETGO #7520,I-65 & US-31,Edinburgh,IN,39.350889,-85.962485,3.359000,3.359000,3.359000,1
72126,GETGO #7526,I-69 & SR-332,Yorktown,IN,40.181891,-85.508155,3.343000,3.343000,3.343000,1
72128,GETGO #7545,I-65 & SR-400,Whitestown,IN,39.971672,-86.371739,3.302333,3.302333,3.302333,1
72130,GILBERTS SHELL,SR-72 & CR-59,Gilberts,IL,42.109981,-88.371882,3.279000,3.279000,3.279000,1
72132,GO TIME 4,I-64 Exit 94 & SR-1958,Winchester,KY,38.002364,-84.190586,2.907333,2.907333,2.907333,1
72134,Gulf,US-422 & SR-528/168,Parkman,OH,41.372206,-81.055012,3.649000,3.649000,3.649000,1
72136,HANA TRAVEL CENTER,"I-30, EXIT 153 & SR-185",Winfield,TX,33.165434,-95.111225,3.079000,3.079000,3.079000,1
72139,HOLMES EXPRESS,US-78 & SR-175,Memphis,TN,35.109026,-89.967455,3.399000,3.399000,3.399000,1
72142,CASEYS #3990,"I-90E, exit 96 and SR-17",Elkhart,IN,41.691543,-85.962248,3.629000,3.629000,3.629000,1
72143,Caseys #4023,US 36 & US 183,Phillipsburg,KS,39.751215,-99.320973,3.292333,3.292333,3.292333,1
72144,HUCKS FOOD & FUEL #397,US-68 & SR-432,Bowling Green,KY,36.975653,-86.435962,3.499000,3.499000,3.499000,1
72145,JP ZEBULON,US-19,Zebulon,GA,33.090996,-84.339467,3.135000,3.135000,3.135000,1
72146,HUTTER'S,SR-72,Jonestown,PA,40.412972,-76.480726,3.719000,3.719000,3.719000,1
72148,IRON HORSE TRAVEL CENTER,I-20 EXIT 270 & FM-1235,Merkel,TX,32.469731,-100.011096,2.875667,2.875667,2.875667,1
72149,IVOR MART,US-460,Hopewell,VA,37.291010,-77.298944,3.699000,3.699000,3.699000,1
72150,J AND R MARKET,SR-105 & SR-326,Sour Lake,TX,30.137746,-94.404277,3.159000,3.159000,3.159000,1
72153,Jet Food Store,SR-15 & SR-46,Soperton,GA,32.378268,-82.594019,3.415667,3.415667,3.415667,1
72154,JET FOOD STORE #93,US-280 & SR-135,Vidalia,GA,32.212079,-82.402187,3.432333,3.432333,3.432333,1
72155,JIFFY TRIP #142,US-77,Newkirk,OK,36.881797,-97.055292,3.059000,3.059000,3.059000,1
72156,JORDANS KWIK STOP #5,US-412,Portia,AR,36.084865,-91.071044,3.375667,3.375667,3.375667,1
72157,JORDANS KWIK STOP #52,US-67 & SR-304,Pocahontas,AR,36.263366,-90.971224,3.312333,3.312333,3.312333,1
72160,KENJO MARKET #52,US-321,Maryville,TN,35.747977,-83.980012,3.249000,3.249000,3.249000,1
72162,Krazy K's,US-45,Buckatunna,MS,31.553199,-88.534283,3.149000,3.149000,3.149000,1
72163,KWIK FILL,US-206,Hillsborough,NJ,40.508074,-74.652880,3.399000,3.399000,3.399000,1
72170,STRIPES # 41977,"I-2, EXIT 168",La Feria,TX,26.153751,-97.825000,3.219000,3.219000,3.219000,1
72171,LAWTEY SHELL SERVICE,US-301,Lawtey,FL,30.048440,-82.072478,3.599000,3.599000,3.599000,1
72175,ALLSUPS #2410,"I-35/US-77, EXIT 368 & SR-22",Whitney,TX,31.952447,-97.319770,2.965667,2.965667,2.965667,1
72180,LITTLEFIELD EXPRESS #4,I-40 Exit 321,Muldrow,OK,35.403420,-94.597523,3.419000,3.419000,3.419000,1
72181,LITTLEFIELD EXPRESS #7,US-167,Cave City,AR,35.948169,-91.546750,3.349000,3.349000,3.349000,1
72182,LULING MINI MART,I-10 Exit 628 & SR-80,Luling,TX,29.681747,-97.646696,2.965667,2.965667,2.965667,1
72184,MACS 33,US-49,Florence,MS,32.155615,-90.122454,2.899000,2.899000,2.899000,1
72185,Circle K #2709332,US-231/SR-53,Montgomery,AL,32.348503,-86.267307,3.259000,3.259000,3.259000,1
72188,MARATHON,US-61 & SR-637,Reserve,LA,30.072962,-90.555022,3.749000,3.749000,3.749000,1
72189,MARATHON,I-75 & CR-20,Middletown,OH,39.502952,-84.364893,3.215667,3.215667,3.215667,1
72190,Minuteman Food Mart #37,US-74,Leland,NC,34.222977,-78.044659,3.389000,3.389000,3.389000,1
72191,MARATHON RIVERSIDE GAS,I-80 & CR-6,Elkhart,IN,41.691543,-85.962248,3.499000,3.499000,3.499000,1
72192,MASSEY FUEL,"I-95, EXIT 30",Bridgeport,CT,41.187393,-73.195757,3.399000,3.399000,3.399000,1
72193,MERRIMAN COUNTRY STORE,SR-1 & CR-3700,Allen,OK,34.877628,-96.412889,3.099000,3.099000,3.099000,1
72194,Mobil,I-57,Riverdale,IL,41.642695,-87.635640,3.699000,3.699000,3.699000,1
72195,MOBIL,US-46,Columbia,NJ,40.925868,-75.094062,3.079000,3.079000,3.079000,1
72196,MORGAN OIL,US-224 & CR-231,Lowellville,OH,41.037167,-80.542180,3.399000,3.399000,3.399000,1
72197,MOTOMART #3369,SR-370 E,Saint Charles,MO,38.795702,-90.515364,3.042333,3.042333,3.042333,1
72199,MPC #99A,I-270 Exit 22B,Hazelwood,MO,38.794706,-90.396002,3.059000,3.059000,3.059000,2
72200,Swift Mart,I-55/SR-7 & US-51,Grenada,MS,33.781445,-89.811547,3.365667,3.365667,3.365667,1
72201,MUDD CREEK COUNTRY STORE,US-79,Franklin,TX,31.025014,-96.487494,3.194000,3.194000,3.194000,1
72202,MUSTANG MARKET,I-80 Exit 73,Sparks,NV,39.574341,-119.715154,4.199000,4.199000,4.199000,1
72205,NIC'S,SR-97,Bainbridge,GA,30.906213,-84.572652,3.379000,3.379000,3.379000,1
72206,NORTHLAKE BP,I-294 & US-45,Melrose Park,IL,41.902995,-87.863648,3.649000,3.599000,3.699000,2
72207,NZT,I-294,Alsip,IL,41.670270,-87.737085,3.489000,3.389000,3.589000,2
72210,CITGO,US-70,Princeton,NC,35.466721,-78.161601,3.699000,3.699000,3.699000,1
72212,PARKERS #72,US-52 & SR- 402,Moncks Corner,SC,33.199763,-79.986603,3.255667,3.255667,3.255667,1
72215,PIT STOP #1,SR-31 & SR-34,Weedsport,NY,43.048124,-76.563607,3.899000,3.899000,3.899000,1
72216,Pit Stop #14,US-20/US-16,Worland,WY,44.020402,-107.961653,3.829000,3.829000,3.829000,1
72217,PIEDMONT PETROLEUM,US-501,Lynchburg,VA,37.399016,-79.195458,3.459000,3.459000,3.459000,1
72219,QUICK FILL,US-78/SR-4,Eastaboga,AL,33.605937,-86.021359,3.099000,3.099000,3.099000,1
72222,RAINY LAKE OIL,CR-332 & CR-24,International Falls,MN,48.586353,-93.407743,3.379000,3.379000,3.379000,1
72224,RAYMOND TRUCK STOP,US-1/US-9,Newark,NJ,40.724220,-74.172574,3.259000,3.259000,3.259000,1
72225,SHEETZ #144,US-220 & SR-55,Moorefield,WV,39.067419,-78.962411,3.289000,3.289000,3.289000,1
72226,REBEL GAS MART,SR-7,Oxford,MS,34.351262,-89.536981,3.049000,3.049000,3.049000,1
72227,RED BANKS VALERO,I-22 & SR-178,Red Banks,MS,34.834689,-89.563407,2.999000,2.999000,2.999000,1
72228,REFUEL #1043,US-15,Sumter,SC,33.940848,-80.395543,3.095667,3.095667,3.095667,1
72229,REFUEL #1047,US-521,Sumter,SC,33.940848,-80.395543,3.005667,3.005667,3.005667,1
72230,REFUEL #1116,US-64,Apex,NC,35.724626,-78.878745,3.799000,3.799000,3.799000,1
72231,RENO JUNCTION TRAVEL PLAZA,SR-59 & SR-387,Wright,WY,43.749153,-105.494834,3.509000,3.509000,3.509000,1
72232,RICKY ROCKETS FUEL,I-294 & US-12,HICKORY HILLS,IL,41.724778,-87.828005,3.949000,3.899000,3.999000,2
72233,ROAD RANGER #284,I-27 & FM-1729,New Deal,TX,33.732334,-101.844475,2.985667,2.985667,2.985667,1
72235,ROC ONE STOP #1,SR-34,Galatia,IL,37.841977,-88.616482,3.559000,3.559000,3.559000,1
72236,ROYAL FARMS #108,US-13,Cape Charles,VA,37.249726,-76.014156,3.472333,3.472333,3.472333,1
72237,ROYAL FARMS #135,SR-404 & SR-16,Denton,MD,38.879421,-75.824452,3.339000,3.339000,3.339000,1
72238,ROYAL FARMS #169,I-895 & US-40,Baltimore,MD,39.300032,-76.610476,3.259000,3.259000,3.259000,1
72239,ROYAL FARMS #171,US-13 & SR-24,Laurel,DE,38.571457,-75.571134,3.259000,3.259000,3.259000,1
72240,ROYAL FARMS #191,I-83 Exit 20A,Hunt Valley,MD,39.499828,-76.641082,4.199000,4.199000,4.199000,1
72241,ROYAL FARMS #242,I-95 Exit 27,Philadelphia,PA,40.009376,-75.133346,3.799000,3.799000,3.799000,1
72242,ROYAL FARMS #311,SR-7 & SR-43,Nottingham,MD,39.363996,-76.452184,3.269000,3.269000,3.269000,1
72243,Racetrac #2611,"I-65, EXIT 116",Shepherdsville,KY,37.981425,-85.702007,2.959000,2.959000,2.959000,1
72247,SEVEN MART,I-20 & SR-17,Delhi,LA,32.452843,-91.489976,3.199000,3.199000,3.199000,1
72248,SHELBY EXPRESS,SR-175,Memphis,TN,35.109026,-89.967455,3.699000,3.699000,3.699000,1
72250,RACEWAY #6854,US-278 & SR-113,Rockmart,GA,34.008306,-85.044978,3.172333,3.172333,3.172333,1
72251,SHELL,I-94 & US-12,Detroit,MI,42.383037,-83.102237,3.799000,3.699000,3.899000,2
72256,SHELL,US-1,Warren,ME,44.128010,-69.243885,3.999000,3.999000,3.999000,1
72257,DUCK THRU #55,US-13BYP & SR-308,Windsor,NC,35.993023,-76.939923,3.239000,3.239000,3.239000,1
72259,SHELL,SR-72 & SR-25,Dundee,IL,42.110435,-88.301351,3.279000,3.279000,3.279000,1
72260,Duck Thru #58,US-13 & CR-677,Suffolk,VA,36.697157,-76.634781,3.449000,3.449000,3.449000,1
72261,SHELL,US-45 & CR-520,Shannon,MS,34.114416,-88.693131,3.199000,3.199000,3.199000,1
72262,7-ELEVEN #38855,"I-95, exit 58",Colonial Heights,VA,37.261685,-77.396804,3.509000,3.509000,3.509000,1
72263,SPARTAN FUELS,US-80 & SR-22,Columbus,GA,32.510197,-84.874946,3.309000,3.309000,3.309000,1
72264,CIRCLE K #2654249,SR 24 & SR 286,Paris,TX,33.668929,-95.546616,2.959000,2.959000,2.959000,1
72266,SHELL SERVICE STATION,I-65 Exit 14 & US-64,Pulaski,TN,35.192988,-87.034734,3.209000,3.209000,3.209000,1
72267,SHELL SERVICE STATION,I-90 Exit 52,Elgin,IL,42.038963,-88.325671,3.279000,3.279000,3.279000,1
72268,SHORT STOP,US-67/283,Santa Anna,TX,31.736914,-99.325425,3.499000,3.499000,3.499000,1
72273,SPINX #341,SR-41,Charleston,SC,32.828017,-79.972896,3.332333,3.332333,3.332333,1
72274,SPINX #366,SR-642,Summerville,SC,33.005836,-80.179306,3.279000,3.279000,3.279000,1
72276,STAR 001,US-20 & SR-23,SOUTH BEND,IN,41.676643,-86.268809,3.732333,3.732333,3.732333,1
72277,STOP N GAS,SR-15 & SR-39,Yorkshire,NY,42.523364,-78.475525,4.099000,4.099000,4.099000,1
72278,SUN DO,I-74 Exit 197,Maxton,NC,34.736500,-79.352731,3.439000,3.439000,3.439000,1
72279,AMOCO,US-30,Clarence,IA,41.885751,-91.057925,3.399000,3.399000,3.399000,1
72281,SUNOCO,I-95 Exit 77B & SR-24,Edgewood,MD,39.420290,-76.296846,3.299000,3.299000,3.299000,1
72282,SUNOCO,I-278 Exit 48,Bronx,NY,40.848711,-73.852939,4.539000,4.539000,4.539000,1
72285,CUSSETA TRAVEL CENTER,SR 520,Cusseta,GA,32.347445,-84.788021,3.199000,3.199000,3.199000,1
72287,CASEY'S #4522,US-81,Hennessey,OK,36.105811,-97.898615,3.059000,3.059000,3.059000,1
72288,S&G #88,I-475 Exit 13 & US-20,Toledo,OH,41.664071,-83.581861,3.009000,3.009000,3.009000,1
72289,SUNOCO,SR-12 & FM-1136,Orange,TX,30.123528,-93.754548,2.899000,2.899000,2.899000,1
72290,SUNSTOP,US-19,Thomasville,GA,30.839422,-83.978781,3.282333,3.282333,3.282333,1
72291,Union 76,US-129,Mc Alpin,FL,30.194189,-82.917342,3.659000,3.659000,3.659000,1
72292,SUNSTOP #336,SR-121 & CR-18,Lake Butler,FL,28.482847,-81.538656,3.592333,3.592333,3.592333,1
72293,SUNSTOP INLAND DBA ONE9 #1402,I-10 & SR-71,Marianna,FL,30.761445,-85.256258,3.299000,3.299000,3.299000,2
72294,SWANTON SUNOCO,I-89 & SR-78,Swanton,VT,44.924538,-73.119353,3.539000,3.539000,3.539000,1
72295,SWIFT,US-69,Nederland,TX,29.969288,-94.001714,2.985667,2.985667,2.985667,1
72296,SWIFT STOP #5,US-84 & US-380,Post,TX,33.190910,-101.381519,2.943000,2.943000,2.943000,1
72297,T & M FOOD STORE,SR-113,Taylorsville,GA,34.085129,-84.985629,3.367000,3.367000,3.367000,1
72298,TARZAN AND JANE,I-20 & SR-137,Stanton,TX,32.131695,-101.792457,3.299000,3.299000,3.299000,1
72302,TEXACO,SR-114 & SR-156,Pennington,AL,32.200612,-88.037572,3.197333,3.197333,3.197333,1
72303,TEXACO #378602,I-59 Exit 85 & SR-590,Ellisville,MS,31.597277,-89.210269,3.199000,3.199000,3.199000,1
72305,THE ANCHOR,US-60 & CR-3500,Mountain View,MO,36.993726,-91.701862,3.032333,3.032333,3.032333,1
72308,Racetrac #2609,SR-60,Okeechobee,FL,27.241608,-80.829311,3.299000,3.299000,3.299000,1
72309,Racetrac #2608,"I-59, EXIT 181 & SR-77",Gadsden,AL,34.006597,-86.016078,2.999000,2.999000,2.999000,1
72310,RACETRAC #2387,US-19,Hudson,FL,28.359232,-82.689659,3.315667,3.315667,3.315667,1
72313,THOMPSON'S CORNER,US-25,Millen,GA,32.806892,-81.942039,3.315667,3.315667,3.315667,1
72314,THORNTONS #0333,SR-59 & SR-56,Warrenville,IL,41.820977,-88.187454,3.574000,3.549000,3.599000,2
72315,THORNTONS #221343,US-14 & SR-31,Crystal Lake,IL,42.233209,-88.334360,3.474000,3.449000,3.499000,2
72316,THORNTONS #221344,SR-120,Mchenry,IL,42.336204,-88.291651,3.674000,3.649000,3.699000,2
72317,THORNTONS #261169,SR-1747 & SR-2052,Louisville,KY,38.224728,-85.740614,3.280667,3.280667,3.280667,1
72318,THORNTONS #330,I-55 & SR-50,Cicero,IL,41.844537,-87.759290,3.574000,3.549000,3.599000,2
72319,THORNTONS #5,I-55 & SR-50,Cicero,IL,41.844537,-87.759290,3.624000,3.599000,3.649000,2
72320,THORNTONS #616,SR-265,Lebanon,TN,36.199381,-86.344634,2.875667,2.875667,2.875667,1
72321,Thorntons #617,I-24 Exit 64,La Vergne,TN,36.022237,-86.559384,2.882333,2.882333,2.882333,1
72324,TREE CITY TRAVEL PLAZA,US-421,Greensburg,IN,39.351019,-85.501189,3.989000,3.989000,3.989000,1
72325,TREX MART #17,I-29 & SR-371,Platte City,MO,39.359733,-94.756317,2.999000,2.999000,2.999000,1
72326,CIRCLE K #4700101,I-65 Exit 50,Seymour,IN,38.947516,-85.891285,3.499000,3.499000,3.499000,1
72328,Tropic Fleet Hialeah Cardlock,SR-953 & SR-934,Miami,FL,25.775163,-80.208615,3.479000,3.479000,3.479000,1
72329,TROTTERS,SR-2,Broken Bow,NE,41.405188,-99.640758,3.299000,3.299000,3.299000,1
72330,TRUE NORTH #325,SR-57 & SR-113,Elyria,OH,41.372778,-82.108009,3.679000,3.679000,3.679000,1
72331,TUPELO TRAVEL STOP,SR-48 & SR-3,Tupelo,OK,34.602685,-96.420791,2.999000,2.999000,2.999000,1
72332,TXB #82 DBA KWIK CHEK FOOD STORES,US-83,Asherton,TX,28.446118,-99.760322,3.259000,3.259000,3.259000,1
72333,UNITED MARKET,US-84,Blackshear,GA,31.290824,-82.252927,3.765667,3.765667,3.765667,1
72335,VALERO,US-30 & SR-598,Galion,OH,40.738216,-82.781327,3.499000,3.499000,3.499000,1
72337,VALLEY COUNTRY STORE,I-84 & US-93,Jerome,ID,42.718095,-114.515791,3.432333,3.432333,3.432333,1
72338,VALLEY MART #05,US-90 & SR-173,Hondo,TX,29.354242,-99.161846,3.199000,3.199000,3.199000,1
72339,VP RACING FUEL,US-231,Panama City,FL,30.166271,-85.670191,3.499000,3.499000,3.499000,1
72340,WARREN OIL,US-6,Channahon,IL,41.425279,-88.266579,3.704000,3.629000,3.779000,2
72342,WHITE RIVER,US-231 & SR-58,Bloomfield,IN,39.026134,-86.937364,3.759000,3.759000,3.759000,1
72343,WOLF DEN,US-97,Wapato,WA,46.443632,-120.421507,3.409000,3.409000,3.409000,1
72344,WOW FOOD MART,I-75 & US-25,Richmond,KY,37.729145,-84.299364,3.609000,3.609000,3.609000,1
72345,YAKAMART,US-97,Toppenish,WA,46.380242,-120.312583,3.509000,3.509000,3.509000,1
72346,Y-NOT STOP,US-165 & SR-10,Oakdale,LA,30.816418,-92.655855,3.699000,3.699000,3.699000,1
72347,MARATHON,I-94 Exit 121,Albion,MI,42.247855,-84.759191,3.699000,3.699000,3.699000,1
72348,7-ELEVEN #34718,"I-294, EXIT 25",Hinsdale,IL,41.800683,-87.928172,3.765667,3.719000,3.839000,3
72349,7-ELEVEN #34713,"I-90, EXIT 24",Belvidere,IL,42.265448,-88.887758,3.759000,3.659000,3.879000,3
72350,7-ELEVEN #34709,504 N CREGO RD,Dekalb,IL,41.928873,-88.746359,4.439000,4.439000,4.439000,1
72351,LOVES TRAVEL STOP #874,"I-65, EXIT 175 & SR-25",Lafayette,IN,40.399410,-86.862806,3.672333,3.672333,3.672333,1
72352,LOVES TRAVEL STOP #858,"I-49, EXIT 172 & US-84",Mansfield,LA,32.035341,-93.699665,3.245667,3.245667,3.245667,1
72360,PUMP & PANTRY #22,SR-91 & SR-11,Burwell,NE,41.780044,-99.134214,3.299000,3.299000,3.299000,1
72361,PUMP & PANTRY #39,I-80 Exit 179 & SR-56G,North Platte,NE,41.125265,-100.763397,3.115667,3.115667,3.115667,1
72362,PUMP & PANTRY #18,US-281 & CR-11,Doniphan,NE,40.774306,-98.371263,3.307333,3.307333,3.307333,1
72363,PUMP & PANTRY #1,US-30,Grand Island,NE,40.921352,-98.358559,3.307333,3.307333,3.307333,1
72368,CHEVRON #352416,I-8 Exit 73,Jacumba,CA,32.636478,-116.190706,6.399000,6.399000,6.399000,1
72372,Eastland Truck Stop,I-20 Exit 340 & SR-6,Eastland,TX,32.402156,-98.817671,2.932333,2.932333,2.932333,1
72373,Rusty Lantern,SR-4,Turner,ME,44.257811,-70.257865,3.899000,3.899000,3.899000,1
72374,Rusty Lantern,SR-26 & SR-219,West Paris,ME,44.319278,-70.522647,3.965667,3.965667,3.965667,1
72376,SUNOCO,US 84 & SR 39,Donalsonville,GA,31.039691,-84.878424,3.499000,3.499000,3.499000,1
72378,EB SUNOCO,SR-3 & SR-28,Muncie,IN,40.198826,-85.395059,3.799000,3.799000,3.799000,1
72380,EXXPRESS MART #12,US-287 & SR-421,Lumberton,TX,30.254992,-94.207963,2.959000,2.959000,2.959000,1
72382,EXXPRESS MART #4,SR-105,Beaumont,TX,30.084912,-94.145330,3.199000,3.199000,3.199000,1
72385,GAS N WASH,I-57 & SR-17,Kankakee,IL,41.101654,-87.863690,3.599000,3.599000,3.599000,1
72387,Williams Fuel Stop,SR-7 & SR-735,Gallipolis,OH,38.820082,-82.190972,3.540667,3.540667,3.540667,1
72389,PILOT #1354,US 385,Odessa,TX,31.880461,-102.345314,3.565667,3.565667,3.565667,1
72390,QUIKTRIP #46,US 169 & SR 266,Tulsa,OK,36.127949,-95.902316,3.142333,3.142333,3.142333,1
72391,QUIKTRIP #56,US-169 & SR-11,Tulsa,OK,36.127949,-95.902316,3.142333,3.142333,3.142333,1
72394,LOVES TRAVEL STOP #871,"I-85, Exit 32",Piedmont,SC,34.705617,-82.466746,3.197333,3.197333,3.197333,1
72395,ALLSUPS #2427,US 84,Gatesville,TX,31.438667,-97.746027,3.007333,3.007333,3.007333,1
72396,RACETRAC #2624,US-1,Marathon,FL,24.732338,-81.025122,3.235667,3.235667,3.235667,1
72400,HAN DEE HUGOS #21,US-17 & SR-87,Winnabow,NC,34.149337,-78.093605,3.412333,3.412333,3.412333,1
72402,HAN DEE HUGOS #5,SR-410 & SR-211,Bladenboro,NC,34.540870,-78.794660,3.205667,3.205667,3.205667,1
72403,HAN DEE HUGOS #67,US-70,Raleigh,NC,35.831868,-78.641042,3.999000,3.999000,3.999000,1
72408,JOURNEY FOOD STORE #2,US-301,Callahan,FL,30.565441,-81.831911,3.399000,3.399000,3.399000,1
72410,KELLEYS MARKET,I-90 Exit 15 & US-20 BUS,Rockford,IL,42.258836,-89.064553,3.044000,2.969000,3.119000,2
72412,KELLEYS MARKET,US-20,Cherry Valley,IL,42.235178,-88.975113,3.699000,3.699000,3.699000,1
72413,TROPIC OIL COMPANY,SR-17,Lake Wales,FL,27.920697,-81.599505,3.499000,3.499000,3.499000,1
72418,SHELL,SR-953,Miami,FL,25.775163,-80.208615,3.479000,3.479000,3.479000,1
72419,Denver 39th Ave Cardlock,I-70/US-36 EXIT-281,Denver,CO,39.761850,-104.881105,3.490667,3.490667,3.490667,1
72420,MAVERIK COUNTRY STORE #620,SR-8,Saint George,UT,37.077006,-113.576534,3.462333,3.462333,3.462333,1
72424,MIDDLESEX FOOD STORE,CR-604,Carteret,NJ,40.583790,-74.227457,3.515667,3.515667,3.515667,1
72425,MINUTEMAN FOOD MART #18,SR-87,Tar Heel,NC,34.733896,-78.790896,4.619000,4.619000,4.619000,1
72428,QUIKTRIP #7249,US 80 E,Flowood,MS,32.336101,-90.072874,2.915667,2.915667,2.915667,1
72429,PARKERS #16 (DISCOUNT AVAILABLE),SR-21,Port Wentworth,GA,32.192015,-81.205725,3.105667,3.105667,3.105667,1
72430,PATRIOT FUELING CENTER,SR-9,Lineville,AL,33.312832,-85.752278,3.299000,3.299000,3.299000,1
72432,Yesway #1203,SR-6,Clifton,TX,31.782037,-97.581879,2.969000,2.969000,2.969000,1
72433,RENFROE STORE,SR-25,Carthage,MS,32.744227,-89.533452,4.099000,4.099000,4.099000,1
72435,Cedar City Cardlock (Bulk Plant),"I-15, EXIT 59",Cedar City,UT,37.683767,-113.095484,3.459000,3.459000,3.459000,1
72436,Ricky Rockets,SR-390 &SR-53,Itasca,IL,41.976616,-88.018775,3.509000,3.399000,3.579000,4
72437,Tropic Oil,US-191,Moab,UT,38.570104,-109.547833,4.169000,4.169000,4.169000,1
72438,QUIKTRIP #7208,I-290 EXIT 18A,Bellwood,IL,41.882901,-87.876170,3.181000,3.079000,3.279000,5
72440,Rutters #84,US-15 & SR-340,Emmitsburg,MD,39.705192,-77.321301,3.915667,3.915667,3.915667,1
72441,SHEETZ #165,US-6,Coudersport,PA,41.775844,-78.016038,3.699000,3.699000,3.699000,1
72442,SHEETZ #239,I-70 Exit 57,New Stanton,PA,40.222332,-79.608800,3.285667,3.285667,3.285667,1
72443,SHEETZ #553,I-81 Exit 3,Greencastle,PA,39.790670,-77.726674,3.332333,3.332333,3.332333,1
72444,SHEETZ #597,I-40 Exit 126,Hickory,NC,35.740092,-81.321818,2.859000,2.859000,2.859000,1
72445,SHEETZ #639,I-80 Exit 223,Youngstown,OH,41.099095,-80.645902,3.059000,3.059000,3.059000,1
72446,SHEETZ #656,US-219 & US-6,Kane,PA,41.663008,-78.809016,3.699000,3.699000,3.699000,1
72447,SHEETZ #689,I-64 EXIT 197A  & SR-156,Henrico,VA,36.592641,-78.616113,2.949000,2.949000,2.949000,1
72448,SHELL SERVICE STATION,SR-55,Morrison,TN,35.607118,-85.907448,3.499000,3.499000,3.499000,1
72456,SPINX #161,I-85 Exit 60 & SR-101,Greer,SC,34.933286,-82.230803,3.159000,3.159000,3.159000,1
72458,7-ELEVEN #41335,SR-80 & SR-29,Labelle,FL,26.720952,-81.452477,3.599000,3.599000,3.599000,1
72459,7-ELEVEN #34154,I-75 Exit 128,Fort Myers,FL,26.620074,-81.829547,3.299000,3.299000,3.299000,1
72462,Story Belgrade Cardlock,"I-90, EXIT 298",Belgrade,MT,45.778662,-111.177147,3.699000,3.699000,3.699000,1
72466,Holbrook Cardlock,I-40 EXIT 285,Holbrook,AZ,34.904624,-110.167210,3.232333,3.232333,3.232333,1
72467,SUNOCO SERVICE STATION,I-81 Exit 44 & SR-465,Carlisle,PA,40.199994,-77.204149,3.889000,3.889000,3.889000,1
72468,Springerville Cardlock,US-191,Springerville,AZ,34.171921,-109.306892,3.259000,3.259000,3.259000,1
72471,THORNTONS #221335,I-55 Exit 263,Bolingbrook,IL,41.688062,-88.100965,3.674000,3.649000,3.699000,2
72473,Loves Travel Stop #885,US 77,Harlingen,TX,26.191204,-97.697383,3.649000,3.649000,3.649000,1
72475,Express 24,SR-77 & US-60,Show Low,AZ,34.265053,-110.038321,3.299000,3.299000,3.299000,1
72476,Mandan Cardlock (Bulk Plant),"I-94, EXIT 153",Mandan,ND,46.829484,-100.887060,3.599000,3.599000,3.599000,1
72477,Racetrac #2618,US-231 & CR-8,Huntsville,AL,34.697720,-86.676670,2.950667,2.950667,2.950667,1
72478,Racetrac #2621,SR-53,Huntsville,AL,34.697720,-86.676670,3.099000,3.099000,3.099000,1
72479,CEFCO #2086,US 180 & 84,Snyder,TX,32.713561,-100.911902,2.965667,2.965667,2.965667,1
72480,TA Mt Vernon,I-44,Mount Vernon,MO,37.104825,-93.818664,3.404000,3.404000,3.404000,1
72481,CASEYS #4323,SR-57 & SR-60,Wanamingo,MN,44.302775,-92.787281,3.499000,3.499000,3.499000,1
72482,RUTTERS FARM STORE #80,SR 61,Orwigsburg,PA,40.654167,-76.103989,3.859000,3.859000,3.859000,1
72483,Circle K #4700047,I-65 Exit 34A,Austin,IN,38.739986,-85.810587,3.799000,3.799000,3.799000,1
72485,ALLSUPS CONVENIENCE STORE #2160,US 70,Roswell,NM,33.373442,-104.529393,3.255667,3.255667,3.255667,1
72486,QUIKTRIP #4216,"I-70 & SR-79, EXIT 304",Bennett,CO,39.741727,-104.428719,3.199000,3.199000,3.199000,1
72487,PILOT #1380,I-2 EXIT 161,Mercedes,TX,26.153818,-97.912907,3.659000,3.659000,3.659000,1
72488,MAVERIK COUNTRY STORE #657,I-15 Exit 10,Washington,UT,37.126676,-113.487759,3.425667,3.425667,3.425667,1
72489,CASEYS #3987,LINCOLN HWY,Wanatah,IN,41.430561,-86.892347,3.715667,3.715667,3.715667,1
72490,ASAP GENERAL STORE #322,US-281,Hinton,OK,35.493227,-98.354723,3.132333,3.132333,3.132333,1
72492,CIRCLE K #2709098,US 85,Greeley,CO,40.414034,-104.771043,3.210667,3.210667,3.210667,1
72493,Chiricahua Apache Plaza,I-10 EXIT 102,Deming,NM,32.263076,-107.752490,3.037333,3.037333,3.037333,1
72494,7-ELEVEN #42132,"I-35, EXIT 131",Lytle,TX,29.234619,-98.793675,3.599000,3.599000,3.599000,1
72495,ROAD RANGER #286,1-40 EXIT 77,Amarillo,TX,35.198064,-101.833107,2.972333,2.972333,2.972333,1
72496,ROAD RANGER #289,I-45 EXIT 189,Teague,TX,31.629487,-96.280818,3.395667,3.395667,3.395667,1
72497,ROAD RANGER #290,"I-44, Exit 13",Joplin,MO,37.075218,-94.501259,3.212333,3.212333,3.212333,1
72498,SHEETZ  #760,"I-71, EXIT 140 Township Rd 256",Marengo,OH,40.400820,-82.810994,3.065667,3.065667,3.065667,1
72499,Bowie Travel Center Chevron dba One9 #1411,I-10,Bowie,AZ,32.324880,-109.484456,3.057333,3.014000,3.099000,3
72500,GAS N WASH,US 34,Plano,IL,41.680353,-88.536308,3.549000,3.499000,3.599000,2
72501,QUIKTRIP #7203,"I-80, EXIT 75 &SR-251",Peru,IL,41.349215,-89.138573,3.095000,2.969000,3.249000,5
72502,QUIKTRIP #7133,"I-95, EXIT 190 & SR-34",Dillon,SC,34.424467,-79.367588,3.082333,3.082333,3.082333,1
72503,QUIKTRIP #7151,I-55/40 EXIT 278 & SR-191,West Memphis,AR,35.149554,-90.199266,2.999000,2.999000,2.999000,1
72505,CASEYS #4379,I-59 HWY,Worthington,MN,43.628733,-95.599702,3.142333,3.142333,3.142333,1
72506,CASEYS #4273,SR-56,Madison,IN,38.758829,-85.397135,3.699000,3.699000,3.699000,1
72507,Golden Gate Fillmore,SR 99,Fillmore,UT,38.964180,-112.338574,3.297333,3.297333,3.297333,1
72510,STUCK FLEET FUELING,US-19,Waynesburg,PA,39.898255,-80.185537,4.499000,4.499000,4.499000,1
72514,Petro-Card 24 #910722,SR-6,Trenton,MO,40.081255,-93.602387,3.149000,3.149000,3.149000,1
72515,PETRO-CARD 24 #910520,US-54BUS,Mexico,MO,39.162169,-91.872770,3.229000,3.229000,3.229000,1
72519,CIRCLE K #2723050,SR-59,Hope Mills,NC,34.969960,-78.960602,2.909000,2.909000,2.909000,1
72520,PETRO-CARD 24 #910160,US-50,Warrensburg,MO,38.762381,-93.725337,3.299000,3.299000,3.299000,1
72521,PETRO-CARD 24 #910410,I-44/US-66,Lebanon,MO,37.672131,-92.659670,3.099000,3.099000,3.099000,1
72522,MFA #910591,US-63,La Plata,MO,40.023952,-92.490779,3.339000,3.339000,3.339000,1
72523,Petro-Card 24 #910820,US-60BUS,Willow Springs,MO,36.986728,-91.961517,3.399000,3.399000,3.399000,1
72524,QuickChek #189,US-46,Ridgefield,NJ,40.832677,-74.014088,3.252333,3.252333,3.252333,1
72526,PETRO-CARD 24 #911251,US-169,King City,MO,40.050567,-94.525167,3.299000,3.299000,3.299000,1
72528,MFA #910260,SR-87/240,Glasgow,MO,39.228504,-92.837742,3.396500,3.396500,3.396500,1
72529,PETRO-CARD 24 #910530,US-24,Moberly,MO,39.418112,-92.436544,3.419000,3.419000,3.419000,1
72530,PETRO-CARD 24 #910140,US-50 BUS,California,MO,38.630306,-92.567079,3.459000,3.459000,3.459000,1
72531,PETRO-CARD 24 #910040,US-60 BUS,Aurora,MO,36.967436,-93.718596,3.209000,3.209000,3.209000,1
72533,Fuel 4,US-9,Jersey City,NJ,40.711417,-74.064760,3.239000,3.239000,3.239000,1
72534,Petro-Card 24 #911290,US-59,Mound City,MO,40.136503,-95.233739,3.149000,3.149000,3.149000,1
72535,MFA #911310,SR-5,Centerville,IA,40.729839,-92.872033,3.125667,3.125667,3.125667,1
72536,MFA 910281,SR-5,Milan,MO,40.203239,-93.124004,3.299000,3.299000,3.299000,1
72537,PETRO-CARD 24 #910210,SR-7,Clinton,MO,38.371172,-93.768142,3.399000,3.399000,3.399000,1
72538,Petro-Card 24 #910670,SR-51,Qulin,MO,36.595255,-90.246295,3.199000,3.199000,3.199000,1
72540,MFA #910441,US-54,Louisiana,MO,39.441456,-91.062033,3.049000,3.049000,3.049000,1
72541,MFA 911021,US-136,Tarkio,MO,40.442988,-95.383516,3.329000,3.329000,3.329000,1
72542,MFA #910731,SR-15,Shelbina,MO,39.693022,-92.039652,2.999000,2.999000,2.999000,1
72543,PETRO CARD 24,SR-18,Clinton,MO,38.371172,-93.768142,3.399000,3.399000,3.399000,1
72544,BJS NEW UNDERWOOD,CR-1416,New Underwood,SD,44.097541,-102.846862,3.699000,3.699000,3.699000,1
72546,MFA OIL #2028,SR-53,Poplar Bluff,MO,36.763259,-90.413953,3.232333,3.232333,3.232333,1
72548,GASQUATCH,US-70/SR-3,Idabel,OK,33.907406,-94.822174,3.107333,3.107333,3.107333,1
72550,TERRIBLE HERBST #388,I-15 Exit 91,Moapa,NV,36.675805,-114.620823,3.549000,3.549000,3.549000,1
72551,Good 2 Go,US-81,Geneva,NE,40.530692,-97.597135,3.365667,3.365667,3.365667,1
72552,VALLEYWIDE COUNTRY STORE,I- 86 Exit 40,American Falls,ID,42.782846,-112.854211,3.599000,3.599000,3.599000,1
72553,Friendly Express,I-71 Exit 186 & US-250,Ashland,OH,40.867068,-82.315152,3.199000,3.199000,3.199000,1
72554,CEFCO #422,SR-4,Baker,FL,30.840277,-86.704096,3.299000,3.299000,3.299000,1
72556,STARMART,US-183,Goldthwaite,TX,31.450806,-98.573520,3.099000,3.099000,3.099000,1
72557,LITTLE NECK SHELL,I-16 Exit 152,Bloomingdale,GA,32.124998,-81.308387,3.099000,3.099000,3.099000,1
72558,Circle K #4703975,SR-109 & US-70,Lebanon,TN,36.199381,-86.344634,2.872333,2.872333,2.872333,1
72559,SUN TRAVEL CENTER,I-55 EXIT 114A,Canton,MS,32.598419,-90.032191,3.499000,3.499000,3.499000,1
72560,AMOCO,US 131 & US 12,White Pigeon,MI,41.795234,-85.650406,3.579000,3.559000,3.599000,2
72561,7-ELEVEN #38638,I-25 Exit 235,Erie,CO,40.040287,-105.038310,3.399000,3.399000,3.399000,1
72562,7-ELEVEN #17703,US HWY 11,Martinsburg,WV,39.457769,-77.978212,3.249000,3.249000,3.249000,1
72563,RACEWAY #6991,I-65 Exit 19 & US-43,Creola,AL,30.874249,-88.009536,2.949000,2.949000,2.949000,1
72565,WEIGEL'S #102,I-75 & SR-30,Athens,TN,35.456809,-84.604522,3.347333,3.347333,3.347333,1
72566,Loves  Travel Stop #826,I-70 Exit 75,Parachute,CO,39.446788,-108.052083,3.595667,3.595667,3.595667,1
72567,THE TEXAN #12,US 87,La Vernia,TX,29.353106,-98.125777,3.049000,3.049000,3.049000,1
72569,RACETRAC #204,US-19 & SR-400,Dawsonville,GA,34.433651,-84.124449,3.319000,3.319000,3.319000,1
72570,Lake View Cheese & Liquor,I-43,Belgium,WI,43.501807,-87.847551,3.255667,3.255667,3.255667,1
72571,MAVERIK #719,I-82 EXIT 33,Yakima,WA,46.590938,-120.549400,3.912333,3.899000,3.929000,3
72572,GOOD 2 GO #713 DBA ONE9 #1432,I-76 EXIT 21,Brighton,CO,39.965699,-104.794170,3.234000,3.199000,3.269000,2
72574,Loves Travel Stop #831,"I-10 & Fort Grant Rd, Exit 340",Willcox,AZ,32.251804,-109.835698,3.332333,3.332333,3.332333,1
72575,Loves Travel Stop #864,US-98,Lucedale,MS,30.931213,-88.595896,3.449000,3.449000,3.449000,1
72576,Pride Travel Center South,"I-291 & SR-5, EXIT 4",South Windsor,CT,41.838090,-72.577836,3.909000,3.909000,3.909000,1
72577,QUIKTRIP #7205,"I-80, EXIT 161",Lansing,IL,41.565004,-87.546004,3.169000,3.079000,3.249000,3
72578,QUIKTRIP #7247,"I-55, EXIT 85",Byram,MS,32.192137,-90.286965,2.915667,2.915667,2.915667,1
72579,Raceway #6986,US-378 & CR-467,Sumter,SC,33.940848,-80.395543,2.979000,2.979000,2.979000,1
72580,KWIK TRIP #1267,SR 29,Chippewa Falls,WI,44.934653,-91.389165,3.392333,3.392333,3.392333,1
72581,FASTRAC MARKET #500266,I-87 Exit 18,Queensbury,NY,43.368207,-73.673872,3.999000,3.999000,3.999000,1
72582,FASTRAC MARKET #500242,SR-12 & SR-5A,Utica,NY,43.096382,-75.225983,3.949000,3.899000,3.999000,2
72583,SHEETZ #769,I-80 Exit 232,Bloomsburg,PA,41.002717,-76.456580,3.329000,3.329000,3.329000,1
72584,ONE9 #1359,"I-80, EXIT 30",Sparks,NV,39.574341,-119.715154,3.549000,3.549000,3.549000,1
72585,GAS N WASH GREEN OAKS,"I-94, EXIT 16",Libertyville,IL,42.284667,-87.966503,3.579000,3.559000,3.599000,2
72586,Loves Travel Stop #875,"I-49, Exit 15",Opelousas,LA,30.524897,-92.081654,3.085667,3.085667,3.085667,1
72587,Allsups Convenience #2416,I-20 EXIT 244 AND HWY 70,Sweetwater,TX,32.469389,-100.408651,2.884000,2.884000,2.884000,1
72588,ALLSUPS CONVENIENCE #2430,US 380,Jacksboro,TX,33.225763,-98.159169,3.044000,3.044000,3.044000,1
72589,ALLSUPS CONVENIENCE #2056,US 287,Memphis,TX,34.726734,-100.541655,2.929000,2.929000,2.929000,1
72590,MAVERIK #716,I-80 & SR-351,Wells,NV,41.113155,-114.953537,3.392333,3.392333,3.392333,1
72591,Quiktrip #7173,"I-20, EXIT 156",Pell City,AL,33.560312,-86.263634,2.999000,2.999000,2.999000,1
72592,QUIKTRIP #7191,US-45 & I-57,Effingham,IL,39.119750,-88.550896,3.099000,2.999000,3.199000,2
72594,Quiktrip #7900,I-30 & FM-989,Texarkana,TX,33.451136,-94.090087,2.857333,2.857333,2.857333,1
72595,CIRCLE K #2654400,SR-115,Kearneysville,WV,39.388156,-77.885552,3.265667,3.265667,3.265667,1
72596,Hucks Food & Fuel #401 dba Pilot #1360,"I-69, EXIT 25",Mayfield,KY,36.737459,-88.644491,3.599000,3.599000,3.599000,1
72597,CIRCLE K #4705697,US 422,Warren,OH,41.239564,-80.816015,3.612333,3.612333,3.612333,1
72599,FATDOGS LEXINGTON,US-283,Lexington,NE,40.777323,-99.746616,2.979000,2.979000,2.979000,1
72603,THORNTONS #170,I-465 Exit 46 & US-40,Indianapolis,IN,39.776664,-86.145935,3.599000,3.599000,3.599000,1
72606,PETRO-CARD 24 #910474,US-65,Malta Bend,MO,39.193986,-93.363500,3.439000,3.439000,3.439000,1
72607,TOWN PUMP FOOD STORE #6300,I-90 & US-191,Big Timber,MT,45.834782,-109.948266,3.539000,3.539000,3.539000,1
72608,Petro-Card 24 #910640,US-61,Perryville,MO,37.726330,-89.876493,3.099000,3.099000,3.099000,1
72610,JORDANS KWIK STOP #6,I-55 Exit 48 & SR-140,Osceola,AR,35.694195,-89.993421,3.012333,3.012333,3.012333,1
72611,Kwik Trip # 1722,SR 35 & SR 553,Gwinn,MI,46.285373,-87.441915,3.819000,3.819000,3.819000,1
72612,PETRO-CARD 24 #910411,I-44 & SR-32,Lebanon,MO,37.672131,-92.659670,3.099000,3.099000,3.099000,1
72614,FAST FUEL FOOD STORES,SR-4,Gassaway,WV,38.666723,-80.770361,3.565667,3.565667,3.565667,1
72615,U STOP #4,US-6,Lincoln,NE,40.808943,-96.677895,3.399000,3.399000,3.399000,1
72616,PETRO-CARD 24 #910700,SR-32,Sainte Genevieve,MO,37.975019,-90.049982,3.099000,3.099000,3.099000,1
72619,MARTYVILLE MARATHON,SR-25,Tishomingo,MS,34.638284,-88.229144,3.279000,3.279000,3.279000,1
72620,CENEX,US-2,Leeds,ND,48.287207,-99.434292,3.249000,3.249000,3.249000,1
72621,PETRO-CARD 24 #1047,SR-240,Slater,MO,39.223279,-93.065347,3.459000,3.459000,3.459000,1
72622,Phillips 66,US- 60 & HWY AD,Dexter,MO,36.792821,-89.962969,3.402333,3.402333,3.402333,1
72623,LENNYS FOOD N FUEL,US-6,Joliet,IL,41.517701,-88.148846,3.464000,3.299000,3.659000,4
72625,PETRO-CARD 24,SR-46 & US-71,Maryville,MO,40.342515,-94.870048,3.129000,3.129000,3.129000,1
72626,MFA OIL,SR-18,Lake City,AR,35.819370,-90.453905,3.399000,3.399000,3.399000,1
72628,Gas Pro 6,SR-121 & US-25,Trenton,SC,33.740557,-81.840937,3.465667,3.465667,3.465667,1
72629,MFA #910600,SR-28,Owensville,MO,38.348438,-91.497361,3.299000,3.299000,3.299000,1
72630,PETRO-CARD 24 #910250,US-54 BUS,Fulton,MO,38.855146,-91.950802,3.299000,3.299000,3.299000,1
72631,THORNTONS #221348,I-355 & SR-7,Homer Glen,IL,41.605179,-87.952373,3.882333,3.849000,3.899000,6
72633,Petro-Card 24 #910830,SR-52,Windsor,MO,38.532265,-93.522945,3.499000,3.499000,3.499000,1
72634,MURPHY USA #7827,US-385 & US-60,Hereford,TX,34.822603,-102.400159,2.829000,2.829000,2.829000,1
72635,GULF,SR-140,Boylston,MA,42.355049,-71.716157,3.839000,3.839000,3.839000,1
72637,AZTEX #104,I-40 Exit 398,Knoxville,TN,35.970680,-83.949270,3.359000,3.359000,3.359000,1
72639,ALLSUPS #2423,US-377 & US-70,Madill,OK,34.087080,-96.774665,2.959000,2.959000,2.959000,1
72640,Kwik Trip # 1721,SR 553 & FM 480,Marquette,MI,46.550698,-87.395833,3.819000,3.819000,3.819000,1
72642,LOVES TRAVEL STOP #857,US-95 & US-6,Tonopah,NV,38.082160,-117.224586,3.715667,3.715667,3.715667,1
72643,ONCUE #147,"I-44, EXIT 12",Oklahoma City,OK,35.467079,-97.513657,3.049000,3.049000,3.049000,1
72644,MAVERIK COUNTRY STORE #642,I-25 EXIT 262,Fort Collins,CO,40.548216,-105.064833,3.259000,3.259000,3.259000,1
72645,MAVERIK #723,"I-10, EXIT 240",Marana,AZ,32.465939,-111.135401,3.045667,3.045667,3.045667,1
72646,TOOT N TOTUM #131,US 87,Lamesa,TX,32.733338,-101.953773,3.109000,3.109000,3.109000,1
72647,RACEWAY #6972,US-83 & US-43,Demopolis,AL,32.499744,-87.826678,3.077333,3.077333,3.077333,1
72648,Loves Travel Stop #873,US 50,Canon City,CO,38.441886,-105.220899,3.509000,3.509000,3.509000,1
72649,Love's Travel Stop #891,US 93,Jackpot,NV,41.979455,-114.664598,3.627333,3.627333,3.627333,1
72650,Loves Travel Stop #862,I-35 Exit 65,Cotulla,TX,28.436376,-99.236711,3.589000,3.589000,3.589000,1
72651,QUIKTRIP #7132,"I-16, EXIT 152",Bloomingdale,GA,32.124998,-81.308387,3.032333,3.032333,3.032333,1
72652,Quiktrip #4148,I-35 & GRAND AVE PKWY,Pflugerville,TX,30.447765,-97.602116,2.882333,2.882333,2.882333,1
72653,Quiktrip #7153,US-78 & EXIT #4,Olive Branch,MS,34.955752,-89.841153,2.915667,2.915667,2.915667,1
72655,RACEWAY #6988,US-79 & US-41,Clarksville,TN,36.566430,-87.345216,2.999000,2.999000,2.999000,1
72656,ALLSUPS #2437,HWY 176 & HWY 115,Andrews,TX,32.321336,-102.551846,3.395667,3.395667,3.395667,1
72660,RACEWAY #6989,US-157 & COURT ST,Moulton,AL,34.488302,-87.282707,3.049000,3.049000,3.049000,1
72663,LOC STOP TRAVEL CENTER,US-82,Dawson,GA,31.771864,-84.443499,3.499000,3.499000,3.499000,1
72664,RACETRAC #2606,"I-30, EXIT 32B & SR-181",Grand Prairie,TX,32.686108,-97.020804,2.925667,2.925667,2.925667,1
72666,CIRCLE K #2707043,"I-75/SR-401, EXIT 39 & SR-37",Adel,GA,31.124811,-83.425467,2.999000,2.999000,2.999000,1
72667,LOVES TRAVEL STOP #884,"I-30, Exit 46",Prescott,AR,33.804320,-93.391207,3.475667,3.475667,3.475667,1
72668,LOVES TRAVEL STOP #350,"I-19, Exit 12",Nogales,AZ,31.361928,-110.934820,3.609000,3.609000,3.609000,1
72669,Quiktrip #356,US-81 & S Victoria RD,Wichita,KS,37.690638,-97.345836,3.194000,3.194000,3.194000,1
72672,7-Eleven #42205,US 79,Hearne,TX,30.877062,-96.595217,3.449000,3.449000,3.449000,1
72674,QUIKTRIP #7190,I-64 EXIT 94,Mount Vernon,IL,38.314205,-88.917470,3.232333,3.099000,3.399000,3
72675,Maverik Country Store #715,I-80 EXIT 107,Big Springs,NE,41.060902,-102.074466,3.100667,3.100667,3.100667,1
72676,KWIK TRIP #1212,"I 90, EXIT 43",Worthington,MN,43.628733,-95.599702,3.164000,3.164000,3.164000,1
72677,KWIK TRIP #1256,SR 2 E,Iron Mountain,MI,45.826888,-88.059435,3.322333,3.279000,3.399000,3
72678,FLYING J #1056,I-90/ I-80,Edon,OH,41.556168,-84.769373,3.899000,3.899000,3.899000,1
72679,TEX BEST #532,US-281 & HWY 186,Edinburg,TX,26.321056,-98.162837,3.020667,3.020667,3.020667,1
72680,RACEWAY #6990,US-98,Foley,AL,30.397009,-87.664211,3.075667,3.075667,3.075667,1
72681,MAVERIK #691,I-76 EXIT 3,Denver,CO,39.761850,-104.881105,3.284000,3.284000,3.284000,1
72682,Maverik #695,I-15 EXIT 276,American Fork,UT,40.377877,-111.795074,3.349000,3.349000,3.349000,1
72683,HUCKS FOOD & FUEL #383,SR-57,Evansville,IN,37.987737,-87.534705,3.759000,3.759000,3.759000,1
72685,CHUBBYS TRAVEL CENTER,"I-35, Exit 127",Natalia,TX,29.185467,-98.852054,2.972333,2.972333,2.972333,1
72687,Kwik Trip #1203,US-71 & Airport Rd,Redwood Falls,MN,44.547125,-95.102637,3.349000,3.349000,3.349000,1
72688,SHEETZ #772,I-70 EXIT 59,Springfield,OH,39.928908,-83.794241,3.054000,3.054000,3.054000,1
72689,ROAD RANGER #285,I-10 EXIT 605,Seguin,TX,29.590227,-97.968607,3.110667,3.110667,3.110667,1
72690,Noble East Lyme,"I-95, EXIT 75",East Lyme,CT,41.356068,-72.229841,3.759000,3.759000,3.759000,1
72691,KUM & GO #2402,US 60,Springfield,MO,37.194157,-93.292642,3.175667,3.175667,3.175667,1
72693,Kum & Go #2404,US 60,Aurora,MO,36.967436,-93.718596,3.119000,3.119000,3.119000,1
72694,7-ELEVEN #42195,I-385 EXIT 23,Fountain Inn,SC,34.696650,-82.202129,3.115667,3.115667,3.115667,1
72695,Quiktrip #7906,"I-20, EXIT 617 & US-59",Marshall,TX,32.539159,-94.353173,2.837333,2.837333,2.837333,1
72696,QUIKTRIP #1742,"I-475/SR-408, exit 5 & SR-74",Macon,GA,32.808845,-83.694194,3.089000,3.089000,3.089000,1
72698,QUIKTRIP #7242,"I-10, EXIT 31",Gulfport,MS,30.419487,-89.069022,2.915667,2.915667,2.915667,1
72699,Quiktrip #7195,"I-355, EXIT 29",Addison,IL,41.930782,-88.008987,3.175667,3.079000,3.269000,3
72700,RACEWAY #6726,"I-30, Exit 172",Thomson,GA,33.469270,-82.495116,3.399000,3.399000,3.399000,1
72701,Loves Travel Stop #887,I-55 EXIT 178,Herculaneum,MO,38.257558,-90.393130,3.155667,3.155667,3.155667,1
72702,Loves Travel Stop #854,I-49 EXIT 215,Shreveport,LA,32.466879,-93.792193,2.937333,2.937333,2.937333,1
72705,SHEETZ #795,US-460 & CR-629,Disputanta,VA,37.123551,-77.224856,2.982333,2.982333,2.982333,1
72706,Sheetz #790,I-77 EXIT 100,Mount Airy,NC,36.508487,-80.614538,2.859000,2.859000,2.859000,1
72707,QUIKTRIP #4299,"I-25, EXIT 158",Monument,CO,39.074406,-104.844221,3.159000,3.159000,3.159000,1
72709,KWIK TRIP #1299,FM 164,Sussex,WI,43.134854,-88.226041,3.285667,3.285667,3.285667,1
72710,KWIK STAR #1285,I-229 EXIT 9,Sioux Falls,SD,43.540696,-96.731962,2.952333,2.952333,2.952333,1
72711,Kwik Trip #1260,FM 65,Roberts,WI,44.961869,-92.547663,3.424000,3.424000,3.424000,1
72713,Kwik Star #1217,FM 11,Sioux Falls,SD,43.540696,-96.731962,2.939000,2.939000,2.939000,1
72714,LOVES TRAVEL STOP  #771,I-85 & SR-18,West Point,GA,32.898518,-85.141499,3.679000,3.679000,3.679000,1
72715,FLYING J TRAVEL PLAZA #1372,"I-40, EXIT 28",Yucca,AZ,34.862993,-114.146145,3.924000,3.849000,3.999000,2
72716,RACEWAY #7000,US-1 & SR-40,Folkston,GA,30.839068,-82.007342,3.099000,3.099000,3.099000,1
72719,TA EXPRESS LITTLEFIELD,"I-15, EXIT 8",Littlefield,AZ,36.865925,-113.935976,3.679000,3.679000,3.679000,1
72721,Racetrac #2625,SR 72 E & SHIELDS RD,Huntsville,AL,34.697720,-86.676670,2.977333,2.977333,2.977333,1
72723,ONE9 #1362,"I-40, EXIT 253",Winslow,AZ,35.024236,-110.709331,3.225667,3.225667,3.225667,1
72724,ONE9 #484,I-40 EXIT 146,Ash Fork,AZ,35.217187,-112.491300,3.329000,3.329000,3.329000,1
72725,CASEYS #4481,US 75,Denison,TX,33.766936,-96.580667,2.935667,2.935667,2.935667,1
72727,CASEYS #4319,SR-141,Perry,IA,41.837907,-94.093255,3.129000,3.129000,3.129000,1
72728,CASEYS #4304,FM 103 & Belten Dr,Crete,NE,40.624769,-96.953694,3.457333,3.457333,3.457333,1
72732,KUM & GO #2212,I-35 EXIT 89,Ankeny,IA,41.730171,-93.602510,3.132333,3.132333,3.132333,1
72733,Parker's #94,US-17 N,Georgetown,SC,33.372432,-79.280793,2.989000,2.989000,2.989000,1
72734,7-ELEVEN #41940,I-95,West Haven,CT,41.272121,-72.967497,3.999000,3.999000,3.999000,1
72735,7-Eleven #41376,I-26 Exit 154B,Orangeburg,SC,33.493596,-80.866880,3.225667,3.225667,3.225667,1
72736,FRIENDLY GUS STORE #12,I-16 Exit 49,Dublin,GA,32.535471,-82.928807,3.275667,3.275667,3.275667,1
72737,Mollys Food and Fuel,"I-20, EXIT 175 & SR-150",Thomson,GA,33.469270,-82.495116,3.499000,3.499000,3.499000,1
72738,BREAK TIME #3172,US-50/US-63,Jefferson City,MO,38.567461,-92.175254,3.335667,3.335667,3.335667,1
72739,MAVERIK #712,US 70 & US 54,Alamogordo,NM,32.883619,-105.963607,3.055667,3.055667,3.055667,1
72740,Caseys #4303,"I-80, EXIT 257 & US-183",Elm Creek,NE,40.720084,-99.375590,3.032333,3.032333,3.032333,1
72741,Caseys #4298,"I-55, EXIT 220 & SR-47",Dwight,IL,41.098705,-88.422077,3.349000,3.349000,3.349000,1
72742,Racetrac #2612,I-675 EXIT 7,Ellenwood,GA,33.614832,-84.301034,3.109000,3.109000,3.109000,1
72743,PEOTONE TRAVEL CENTER,I-57 & SR-25,Peotone,IL,41.330733,-87.796345,3.479000,3.459000,3.499000,2
72745,Loves Travel Stop #870,US-81 Exit 12 & SR-12,Watertown,NY,43.973292,-75.910039,4.149000,4.149000,4.149000,1
72746,PARKERS #103,"I-26, Exit 205A",Ladson,SC,33.009238,-80.107750,3.282333,3.282333,3.282333,1
72747,One9 #1358,"I-40,  EXIT 16",Gallup,NM,35.513753,-108.743733,3.245667,3.245667,3.245667,1
72748,HORIZON TRAVEL PLAZA,US-411,Cartersville,GA,34.164579,-84.801704,2.934000,2.934000,2.934000,1
72749,KWIK TRIP #1282,FM 42 & S Duluth Ave,Sturgeon Bay,WI,44.822676,-87.369806,3.507333,3.507333,3.507333,1
72750,QUIKTRIP #1943,I-35 EXIT 368 & SR 22,Hillsboro,TX,32.009029,-97.114493,2.919000,2.919000,2.919000,1
72752,QUIKTRIP #7178,I-65 EXIT 13 & SR 158,Saraland,AL,30.854566,-88.109842,2.957333,2.957333,2.957333,1
72753,QUIKTRIP #7908,I-40 EXIT 73,Amarillo,TX,35.198064,-101.833107,2.874000,2.874000,2.874000,1
72754,RACETRAC #2495,US 41 & US 19,Griffin,GA,33.243188,-84.271861,3.229000,3.229000,3.229000,1
72755,RACETRAC #2620,I-465 Exit 42,Indianapolis,IN,39.776664,-86.145935,3.159000,3.159000,3.159000,1
72756,Loves Travel Stop #876,I-94 Exit 34A,Michigan City,IN,41.708776,-86.866875,3.789000,3.789000,3.789000,1
72757,Loves Travel Stop #860,I-59 EXIT 1,Picayune,MS,30.530820,-89.670628,3.155667,3.155667,3.155667,1
72758,CEFCO #1117,I-20 EXIT 617,Marshall,TX,32.539159,-94.353173,2.832333,2.832333,2.832333,1
72759,Allsups Convenience Store #2461,US-87 & SR-137,Lamesa,TX,32.733338,-101.953773,3.099000,3.099000,3.099000,1
72760,RaceWay #6999,US-84 & US-319,Thomasville,GA,30.839422,-83.978781,3.165667,3.165667,3.165667,1
72761,RACETRAC #2629,US-72/US-43 & SR-20,Tuscumbia,AL,34.718502,-87.702586,2.999000,2.999000,2.999000,1
72763,FASTRAC MARKET #500270,SR-5/SR-13,Canastota,NY,43.084149,-75.755495,4.399000,4.349000,4.449000,2
72764,CUMBERLAND FARMS #004783,US-5,East Windsor,CT,41.904009,-72.564473,4.049000,4.049000,4.049000,1
72765,FASTRAC MARKET #500203,SR-104 & CR-256,Wolcott,NY,43.222785,-76.812133,3.809000,3.799000,3.819000,2
72766,QUIKTRIP #1873,US 287  33.054731932354194,Rhome,TX,33.078895,-97.493199,2.899000,2.899000,2.899000,1
72767,QUIKTRIP #4227,I-25 EXIT 243,Mead,CO,40.227002,-104.988320,3.147333,3.147333,3.147333,1
72768,ROAD RANGER #287,I-57 EXIT 318,Bourbonnais,IL,41.183002,-87.878465,3.359000,3.339000,3.379000,2
72769,TOOT N TOTUM #132,US 84,Lubbock,TX,33.561901,-101.888883,2.970667,2.970667,2.970667,1
72770,RACETRAC #2634,I-95 Exit 77 & US-78,Saint George,SC,33.186073,-80.579460,2.999000,2.999000,2.999000,1
72771,RACETRAC #2635,I-85 EXIT 44A,Greenville,SC,34.836902,-82.362997,2.899000,2.899000,2.899000,1
72772,RACEWAY #6998,US-501 & SR-576,Marion,SC,34.178658,-79.395659,3.015667,3.015667,3.015667,1
72773,RaceTrac #2626,I-20 Exit 472,Dallas,TX,32.793333,-96.766513,2.864000,2.864000,2.864000,1
72774,STUCKEYS TRAVEL CENTER,I-10 EXIT 451,Orange,TX,30.123528,-93.754548,2.807333,2.807333,2.807333,1
72775,CEFCO #2089,I-20 EXIT 288,Abilene,TX,32.454514,-99.738147,2.765667,2.765667,2.765667,1
72776,MARATHON,"1-75, Exit 80",Sycamore,GA,31.671652,-83.635525,3.299000,3.299000,3.299000,1
72778,KWIK STAR #1208,US-75,Sioux Center,IA,43.074790,-96.170407,3.199000,3.199000,3.199000,1
72779,KWIK TRIP #1276,"I-90/I-39, EXIT 1 & SR-75",South Beloit,IL,42.484842,-89.027433,3.405667,3.299000,3.469000,3
72781,SHEETZ #774,I-70 & SR-83,New Concord,OH,39.993659,-81.738064,3.059000,3.059000,3.059000,1
72782,SHEETZ #791,"I-76, Exit 57",North Jackson,OH,41.100058,-80.857307,3.065667,3.065667,3.065667,1
72783,SHEETZ #770,I-70 & US-42,London,OH,39.892845,-83.438875,2.999000,2.999000,2.999000,1
72784,Maverik Country Store #724,"I-80/US-30, EXIT 221",Rawlins,WY,41.785130,-107.224653,3.289000,3.289000,3.289000,1
72785,GAS N WASH,US 30,Crest Hill,IL,41.574360,-88.113261,3.329000,3.299000,3.359000,2
72786,QUIKTRIP #333,"I-135, EXIT 31",Newton,KS,38.037683,-97.345018,2.949000,2.949000,2.949000,1
72787,QUIKTRIP #7011,"I-35, EXIT 118",Oklahoma City,OK,35.467079,-97.513657,3.032333,3.032333,3.032333,1
72788,MAVERIK #700,I-25 EXIT 215,Denver,CO,39.761850,-104.881105,3.289000,3.289000,3.289000,1
72789,RACETRAC #237,HWY 30 & ROBERT WILSON RD,Gonzales,LA,30.212739,-90.922402,3.172333,3.172333,3.172333,1
72791,LOVES TRAVEL STOP #850,SR-491 & RD. G,Cortez,CO,37.349783,-108.576687,3.482333,3.482333,3.482333,1
72792,QUICKLEES,"I-190, EXIT 23",Niagara Falls,NY,43.092841,-79.014743,3.999000,3.999000,3.999000,1
72793,TA EXPRESS BLAINE #917,"I-5, Exit 275",Blaine,WA,48.987190,-122.748770,4.139000,4.139000,4.139000,1
72795,REFUEL #1337,SR-45/CR-1625,Buda,TX,30.080402,-97.855700,2.999000,2.999000,2.999000,1
72796,PILOT DEALER #1399,"SR-303, EXIT 107",Litchfield Park,AZ,33.501761,-112.359470,3.591500,3.584000,3.599000,2
72797,KWIK TRIP #1215,"I-94, EXIT 135",Melrose,MN,45.677008,-94.814774,3.327333,3.327333,3.327333,1
72798,Casey's #4539,US-75,Rock Rapids,IA,43.426699,-96.166393,3.349000,3.349000,3.349000,1
72799,CASEYS #4384,"I-88 & SR-26, EXIT 54",Dixon,IL,41.844824,-89.476547,3.489000,3.479000,3.499000,2
72801,CASEYS #4388,"US-64, EXIT 29",Beebe,AR,35.072433,-91.901059,3.189000,3.189000,3.189000,1
72802,Racing Mart Store,"I-495, Exit 36A",Wrentham,MA,42.052671,-71.356858,3.899000,3.899000,3.899000,1
72803,Llanos Country Corner,"I-10/US-83, EXIT 456 & US-377",Junction,TX,30.490759,-99.773222,2.919000,2.919000,2.919000,1
72804,7-Eleven #42174,"I-24, EXIT 211 & US-70",Nashville,TN,36.171800,-86.785002,3.249000,3.249000,3.249000,1
72805,Stripes #42242,"SR 181, HWY 188",Sinton,TX,28.038432,-97.511044,3.259000,3.259000,3.259000,1
72806,TA HOSSTON #939,"I-49, Exit 237",Hosston,LA,32.886080,-93.882689,2.922333,2.922333,2.922333,1
72808,Allsups Convenience #2463,US-377,Aubrey,TX,33.308550,-96.979088,2.899000,2.899000,2.899000,1
72809,LOVES TRAVEL STOP #894,I-95 EXIT 305,Saint Augustine,FL,29.896152,-81.311128,3.442333,3.442333,3.442333,1
72810,QUIKTRIP #7,"I-244/US-412, Exit 10",Tulsa,OK,36.127949,-95.902316,3.119000,3.119000,3.119000,1
72811,QUIKTRIP #50,SR-51,Broken Arrow,OK,36.036529,-95.780996,3.129000,3.129000,3.129000,1
72812,Kwik Trip #748,US 8,Barron,WI,45.402192,-91.844350,3.664000,3.664000,3.664000,1
72813,Allsups #2425,Hwy 144,Granbury,TX,32.432805,-97.775149,3.029000,3.029000,3.029000,1
72814,ALLSUPS #2468,"I35, EXIT 5",Thackerville,OK,33.787525,-97.139180,2.917333,2.917333,2.917333,1
72815,QUIKTRIP #7194,I-74 EXIT 182,Champaign,IL,40.114099,-88.274619,3.199000,3.099000,3.299000,3
72816,QUIKTRIP #7914,I-27 EXIT 117,Amarillo,TX,35.198064,-101.833107,2.845667,2.845667,2.845667,1
72817,QUIKTRIP #4174,I-35 Exit 285,Salado,TX,30.948383,-97.528337,2.915667,2.915667,2.915667,1
72818,QUIKTRIP #7174,"I-65, EXIT 168",Montgomery,AL,32.348503,-86.267307,2.999000,2.999000,2.999000,1
72819,QUIKTRIP #7925,I-69W,Laredo,TX,27.560379,-99.489181,2.850667,2.850667,2.850667,1
72820,QUARLES #54232,us-385,Crane,TX,31.391782,-102.350269,3.885667,3.885667,3.885667,1
72821,QUARLES #54231,CR-23 & CR-33,Eunice,NM,32.436147,-103.149043,3.699000,3.699000,3.699000,1
72822,QUARLES #54225,US-83,Abilene,TX,32.454514,-99.738147,3.499000,3.499000,3.499000,1
72827,QUARLES #54259,FM-1936,Odessa,TX,31.880461,-102.345314,3.699000,3.699000,3.699000,1
72828,QUARLES #54250,US-80,Abilene,TX,32.454514,-99.738147,3.312333,3.312333,3.312333,1
72830,QUARLES #54261,"I-20, EXIT 37",Pecos,TX,31.471918,-103.701761,3.749000,3.749000,3.749000,1
72831,QUARLES #54262,CR-64,Hobbs,NM,32.729088,-103.160828,3.699000,3.699000,3.699000,1
72835,QUARLES #54277,SR-137,Big Lake,TX,31.194112,-101.453406,3.849000,3.849000,3.849000,1
72836,QUARLES #54281,SR-208,Snyder,TX,32.713561,-100.911902,3.665667,3.665667,3.665667,1
72837,QUARLES #54284,US-285,Loving,NM,32.286235,-104.097756,3.799000,3.799000,3.799000,1
72839,QUARLES #54293,CR-64,Hobbs,NM,32.729088,-103.160828,3.699000,3.699000,3.699000,1
72841,QUARLES #54296,SR-214 & CR-370,Denver City,TX,32.967871,-102.832225,3.799000,3.799000,3.799000,1
72844,QUARLES #54332,US-285,Pecos,TX,31.471918,-103.701761,3.759000,3.759000,3.759000,1
72847,QUARLES #54341,US-87,Big Spring,TX,32.238341,-101.485739,3.649000,3.649000,3.649000,1
72848,QUARLES #54347,US-67,Rankin,TX,31.225360,-101.939438,3.699000,3.699000,3.699000,1
72849,QUARLES #54349,CR-1140,Midland,TX,32.024642,-102.113467,3.665667,3.665667,3.665667,1
72851,QUARLES #54367,FM-1787,Midland,TX,32.024642,-102.113467,3.799000,3.799000,3.799000,1
72853,QUARLES #54520,SR-589,Purvis,MS,31.146366,-89.406281,2.979000,2.979000,2.979000,1
72855,GAS N WASH,SR 59,Plainfield,IL,41.630301,-88.245282,3.579000,3.559000,3.599000,2
72857,7-ELEVEN #42019,SR-3 & SR-4,Yukon,OK,35.518409,-97.766172,3.159000,3.159000,3.159000,1
72859,CASEYS #4286,SR-32,Crawfordsville,IN,40.041861,-86.897624,3.562333,3.562333,3.562333,1
72860,Circle K #2707070,"SR 378, Route 467",Sumter,SC,33.940848,-80.395543,2.992333,2.992333,2.992333,1
72861,SPRINT MART #4143,"I-20, EXIT 89",Vance,AL,33.173992,-87.226627,3.059000,3.059000,3.059000,1
72863,Double Quick #92,US-61,Cleveland,MS,33.744008,-90.728476,3.182333,3.182333,3.182333,1
72864,SUNSTOP #430,US-27,Bainbridge,GA,30.906213,-84.572652,3.599000,3.599000,3.599000,1
72867,Maverik #731,I-15 EXIT 190,Helena,MT,46.595465,-112.018746,3.549000,3.549000,3.549000,1
72868,MAVERIK #737,I-15 EXIT 116,Idaho Falls,ID,43.488851,-112.036297,3.405667,3.405667,3.405667,1
72869,MAVERIK #738,I-90 EXIT 129,Gillette,WY,44.272580,-105.498936,3.359000,3.359000,3.359000,1
72871,Maverik #727,I-8 EXIT 3,Yuma,AZ,32.516286,-114.521782,3.179000,3.179000,3.179000,1
72872,QUIKTRIP #7926,US 59 & SR 20,Laredo,TX,27.560379,-99.489181,2.859000,2.859000,2.859000,1
72873,QUIKTRIP #7206,I-39 EXIT 15 & US 20,Rockford,IL,42.258836,-89.064553,3.076500,2.969000,3.199000,4
72874,QUIKTRIP #4076,I-35 EXIT 191,New Braunfels,TX,29.699306,-98.115127,2.915667,2.915667,2.915667,1
72875,QUIKTRIP #4183,SR 195 & Shell RD,Georgetown,TX,30.668136,-97.698744,2.915667,2.915667,2.915667,1
72876,QUIKTRIP #1139,"I-385, EXIT 23",Fountain Inn,SC,34.696650,-82.202129,3.017333,3.017333,3.017333,1
72877,QUIKTRIP #7177,"I-10, EXIT 15A",Theodore,AL,30.538686,-88.187573,2.882333,2.882333,2.882333,1
72879,QUIKTRIP #4002,US-87,Comfort,TX,29.972311,-98.904698,2.965667,2.965667,2.965667,1
72880,PARKERS #97,US 80,Bloomingdale,GA,32.124998,-81.308387,3.032333,3.032333,3.032333,1
72882,CASEYS #4330,"I-40, EXIT 221",Okemah,OK,35.429269,-96.300309,2.925667,2.925667,2.925667,1
72884,CEFCO #435,"I-10, EXIT 44 & US-90",Loxley,AL,30.684588,-87.739213,3.025667,3.025667,3.025667,1
72885,RACEWAY #6960,US-431 & Westgate PKWY,Dothan,AL,31.233698,-85.406823,3.199000,3.199000,3.199000,1
72886,PILOT #1381,US-190 & Rose Marie Blvd,Hearne,TX,30.877062,-96.595217,3.499000,3.499000,3.499000,1
72888,STRIPES #42591,US-87,Mason,TX,30.747713,-99.228603,3.299000,3.299000,3.299000,1
72889,DK,SR 83,Denver City,TX,32.967871,-102.832225,3.319000,3.319000,3.319000,1
72891,GAS N WASH,"I-57, EXIT 354",Alsip,IL,41.670270,-87.737085,3.499000,3.399000,3.599000,2
72893,Racetrac #2586,I-95 & 20th ST,Vero Beach,FL,27.647220,-80.393136,3.159000,3.159000,3.159000,1
72894,Allsups Convenience Store #2458,US-287 & FM-1655,Alvord,TX,33.356968,-97.696026,2.899000,2.899000,2.899000,1
72895,Allsups#2465,SR 7,Davis,OK,34.429427,-97.174438,2.967333,2.967333,2.967333,1
72896,PILOT #1283,I-45 & SR-31,Corsicana,TX,32.082404,-96.466700,3.042333,3.042333,3.042333,1
72899,RACEWAY #7002,US 79 & 59,Carthage,TX,32.152046,-94.337111,2.820667,2.820667,2.820667,1
72901,FATDOGS GRAND ISLAND TRAVEL CENTER,I-80 & HWY 281,Grand Island,NE,40.921352,-98.358559,2.979000,2.979000,2.979000,1
72902,CIRCLE K #2704593,SR-24 &  SR-690,Spring Lake,NC,35.184590,-78.994722,3.079000,3.079000,3.079000,1
72903,Kent Kwik #221,SR-338,Odessa,TX,31.880461,-102.345314,2.989000,2.989000,2.989000,1
72904,CEFCO #112,US-281,Marble Falls,TX,30.560168,-98.277286,2.929000,2.929000,2.929000,1
72905,TA EXPRESS PLEASANTON #445,I-37 EXIT 109,Pleasanton,TX,28.964207,-98.495690,3.099000,3.099000,3.099000,1
72906,Maverik #734,I-25 EXIT 94,Pueblo,CO,38.269228,-104.610816,3.289000,3.289000,3.289000,1
72907,QUIKTRIP #7913,"I-20, EXIT 20 & SR-18",Monahans,TX,31.655721,-103.083694,2.859000,2.859000,2.859000,1
72908,QUIKTRIP #1042,"I-85, EXIT 17B & US-321",Gastonia,NC,35.248999,-81.184834,3.264000,3.264000,3.264000,1
72909,FAT DOGS LINCOLN TC,"I-80, EXIT 399",Lincoln,NE,40.808943,-96.677895,3.099000,3.099000,3.099000,1
72910,Ogden Cardlock (Bulk Plant),I-15 EXIT 343,Ogden,UT,41.228391,-111.968147,3.489000,3.489000,3.489000,1
72912,Salina Cardlock (Bulk Plant),I-70 EXIT 56,Salina,UT,38.938815,-111.865194,3.449000,3.449000,3.449000,1
72916,CASEYS #2562,SR 140 & SR 156,Ellsworth,KS,38.732638,-98.228568,3.465667,3.465667,3.465667,1
72918,QUIKTRIP #7076,"I-75, EXIT 101",Cordele,GA,31.956090,-83.770077,3.032333,3.032333,3.032333,1
72919,QUIKTRIP #7096,I-75 & EXIT 51,Dayton,OH,39.784743,-84.199632,3.032333,3.032333,3.032333,1
72920,Circle K #4701686,"I-70, Exit 224 & SR-370",Saint Peters,MO,38.781565,-90.604168,3.050667,3.050667,3.050667,1
72921,CIRCLE K #4701677,"I-44, Exit 226",Sullivan,MO,38.212893,-91.163616,3.324000,3.324000,3.324000,1
72922,SUNOCO,SR-640,Willoughby,OH,41.645285,-81.414353,3.859000,3.859000,3.859000,1
72923,76,US-84,Brookhaven,MS,31.580567,-90.443386,3.149000,3.149000,3.149000,1
72924,SHERMAN TRAVEL CENTER,SR-9,Senatobia,MS,34.608650,-89.980994,3.029000,3.029000,3.029000,1
72925,AMOCO,US-52 & SR-340,Darlington,SC,34.301383,-79.867174,3.199000,3.199000,3.199000,1
72926,Amoco,US-31 & US-10,Scottville,MI,43.951101,-86.279816,3.379000,3.359000,3.399000,3
72927,Bell Stores #165,US-30,Wooster,OH,40.817030,-81.931529,3.515667,3.515667,3.515667,1
72930,SPARTA CO-OP,SR-27,Sparta,WI,43.938249,-90.812705,3.189000,3.189000,3.189000,1
72933,CHEVRON #385988,SR-124,Lithonia,GA,33.712954,-84.106200,3.399000,3.399000,3.399000,1
72934,CIRCLE K #2706987,"I-37, Exit 118",Corpus Christi,TX,27.754252,-97.173385,3.099000,3.099000,3.099000,1
72935,Circle K #2722258,US-17 & SR-40,Pierson,FL,29.241647,-81.456640,3.402333,3.402333,3.402333,1
72936,Circle K #2707549,SR-471 & SR-48,Bushnell,FL,28.686946,-82.114406,3.499000,3.499000,3.499000,1
72937,CIRCLE K #2723997,SR024,Stedman,NC,35.013483,-78.700121,3.399000,3.399000,3.399000,1
72938,CIRCLE K #2723205,I-285 & CR-1642,Winston Salem,NC,36.102863,-80.260829,3.520667,3.520667,3.520667,1
72939,CIRCLE K #2655872,"I-75, Exit 252B",Atlanta,GA,33.762909,-84.422675,3.505667,3.505667,3.505667,1
72940,Circle K #3909,SR-236,Clarksville,TN,36.566430,-87.345216,3.329000,3.329000,3.329000,1
72941,CIRCLE K #2740389,I-55 & US-51,Hammond,LA,30.505650,-90.456493,3.249000,3.249000,3.249000,1
72942,CIRCLE K #2742777,US-62/180,El Paso,TX,31.847780,-106.431106,3.190667,3.190667,3.190667,1
72943,CIRCLE K #2706805,SR-415 & SR-76,Port Allen,LA,30.443835,-91.207410,3.359000,3.359000,3.359000,1
72944,Circle K #2709094,US-62 & SR-327,Lubbock,TX,33.561901,-101.888883,3.099000,3.099000,3.099000,1
72945,CIRCLE K #2707057,SR-59 & CR-12,Foley,AL,30.397009,-87.664211,3.092333,3.092333,3.092333,1
72947,Circle K #9556,SR-202,Phoenix,AZ,33.572154,-112.090132,3.385667,3.385667,3.385667,1
72948,CIRCLE K #2746514,SR-23,Watford City,ND,47.801492,-103.266731,3.599000,3.599000,3.599000,1
72949,BOURBON TRAVEL PLAZA,US-30,Bourbon,IN,41.299394,-86.116852,3.499000,3.499000,3.499000,1
72950,Conoco,US-95,MC DERMITT,NV,41.990328,-117.720796,4.299000,4.299000,4.299000,1
72951,DK,SR-36,Abilene,TX,32.454514,-99.738147,2.849000,2.849000,2.849000,1
72953,GRAND AVENUE EXPRESS,I-35 & FM-372,Gainesville,TX,33.638647,-97.148413,2.999000,2.999000,2.999000,1
72956,Handee Hugos #1,SR-87,Riegelwood,NC,34.340118,-78.220368,3.497333,3.497333,3.497333,1
72957,IRVING,SR-11,Augusta,ME,44.334904,-69.734199,3.899000,3.899000,3.899000,1
72958,Jack Flash Pana,SR-16,Pana,IL,39.394604,-89.090809,3.152333,3.099000,3.199000,3
72959,JORDANS #75,US-67,Newport,AR,35.623772,-91.231682,3.299000,3.299000,3.299000,1
72960,KENT KWIK #206,FM-2020,Odessa,TX,31.880461,-102.345314,3.025667,3.025667,3.025667,1
72963,MAVERIK #5358,"I-25, Exit 145",Colorado Springs,CO,38.867255,-104.760749,3.330667,3.330667,3.330667,1
72965,Maverik #674,"I-15, Exit 45",North Las Vegas,NV,36.289865,-115.089181,3.282333,3.282333,3.282333,1
72966,MCCLURE STORE #15,SR-9,Marion,IN,40.549986,-85.660420,3.694000,3.694000,3.694000,1
72967,BINKS TENAHA QUICK STOP,US-59/US-84,Tenaha,TX,31.943709,-94.245706,3.059000,3.059000,3.059000,1
72968,LOVES TRAVEL STOP #883,US-52 EXIT 120,Rural Hall,NC,36.224504,-80.296908,3.577333,3.577333,3.577333,1
72969,LOVES TRAVEL STOP #555,US-30,Delphos,OH,40.846581,-84.336474,3.305667,3.305667,3.305667,1
72970,PAC PRIDE,"I-96, Exit 26",Grand Rapids,MI,42.961156,-85.655570,3.689000,3.659000,3.729000,3
72972,LOVES TRAVEL STOP #886,I-44 EXIT 29,Sarcoxie,MO,37.068541,-94.125438,3.400667,3.400667,3.400667,1
72973,PETE'S 49,US-166 & US-169,Coffeyville,KS,37.032717,-95.651580,3.214000,3.214000,3.214000,1
72974,USTOP 34,US-77,Lincoln,NE,40.808943,-96.677895,3.499000,3.499000,3.499000,1
72975,SHEETZ #804,"I-95, Exit 41",Hope Mills,NC,34.969960,-78.960602,2.859000,2.859000,2.859000,1
72976,RED DOG,"I-10, EXIT 72",Egan,LA,30.245515,-92.511594,3.049000,3.049000,3.049000,1
72978,SHELL SERVICE STATION,SR-302,Byhalia,MS,34.869188,-89.689993,3.099000,3.099000,3.099000,1
72979,RICKY ROCKETS,"I-57, EXIT 312",Kankakee,IL,41.101654,-87.863690,3.389000,3.379000,3.399000,2
72981,Sprint Mart #2301,I-565 & CR-115,Madison,AL,34.710533,-86.762280,3.492333,3.492333,3.492333,1
72982,SUNOCO,I-10 & SR-328,Breaux Bridge,LA,30.283099,-91.905919,2.855667,2.855667,2.855667,1
72983,SUNSTOP #303,SR-100,Lake City,FL,30.188638,-82.642246,3.550667,3.550667,3.550667,1
72984,TERRIBLE HERBST #341,US-95,Indian Springs,NV,36.571844,-115.720313,3.899000,3.899000,3.899000,1
72985,THE PRIDE OF VILLA PARK,SR-64,Villa Park,IL,41.885612,-87.978235,3.324000,3.299000,3.349000,2
72986,THE PRIDE OF ELGIN,SR-31,Elgin,IL,42.038963,-88.325671,3.499000,3.499000,3.499000,1
72987,The Texan,US-285 & CR-116,Pecos,TX,31.471918,-103.701761,2.999000,2.999000,2.999000,1
72988,Thorntons #221354,US-12,Lake Zurich,IL,42.195009,-88.087729,3.374000,3.349000,3.399000,2
72989,THORNTONS #442562,SR-63,Monroe,OH,39.445990,-84.365772,3.199000,3.199000,3.199000,1
72990,TA Express Jonesboro,I-555 EXIT 39,Jonesboro,AR,35.819755,-90.679033,3.392333,3.392333,3.392333,1
72991,THORNTONS #221345,US-20,Hanover Park,IL,41.982485,-88.142870,3.759000,3.759000,3.759000,1
72993,H AND R OIL COMPANY,"SR-4, EXIT 8",Lexington,KY,38.040678,-84.458272,3.249000,3.249000,3.249000,1
72995,LOVES TRAVEL STOP #569,I-84 EXIT 304,Baker City,OR,44.774886,-117.831986,3.457333,3.457333,3.457333,1
72996,LOVES TRAVEL STOP #504,I-76 EXIT 232,North Lima,OH,40.947372,-80.664007,3.787333,3.787333,3.787333,1
72998,83 FUEL STOP,US-83,Catarina,TX,28.350178,-99.615258,2.959000,2.959000,2.959000,1
72999,Aeg Petroleum,US-70 & SR-467,Portales,NM,34.177289,-103.355084,3.685667,3.685667,3.685667,1
73000,TXB,FM-2147,Horseshoe Bay,TX,30.540758,-98.380570,2.929000,2.929000,2.929000,1
73003,GAS PRO TRAVEL CENTER,US-25 & SR-88,Hephzibah,GA,33.292300,-82.095732,3.599000,3.599000,3.599000,1
73005,NOBLE,US-20,Sturbridge,MA,42.097106,-72.054995,3.999000,3.999000,3.999000,1
73007,VALERO,"I-85, EXIT 28 & SR-100",Hogansville,GA,33.166986,-84.902788,3.665667,3.665667,3.665667,1
73008,MUSTANG XPRESS,US-183 & FM-1327,Austin,TX,30.298622,-97.754134,3.332333,3.332333,3.332333,1
73009,THRIFT BULL TRUCK STOP,SR-103,San Augustine,TX,31.529899,-94.110894,3.499000,3.499000,3.499000,1
73012,FUELPORT # 1,FM-143,San Antonio,TX,29.462809,-98.524635,3.049000,3.049000,3.049000,1
73013,247 TRUCK STOP,I-40 EXIT 247,Widener,AR,35.023498,-90.681934,2.999000,2.999000,2.999000,1
73014,CIRCLE K #2726298,SR 33 & SR 50,Mascotte,FL,28.604341,-81.905549,3.539000,3.539000,3.539000,1
73015,76,US 40,Franklinville,NJ,39.618004,-75.072981,3.169000,3.169000,3.169000,1
73016,PARKERS #112,SR 67,Statesboro,GA,32.437726,-81.775637,3.199000,3.199000,3.199000,1
73017,U Stop #36,US 136 & SR 50,Tecumseh,NE,40.371816,-96.188706,3.399000,3.399000,3.399000,1
73018,Smart Stop Travel Center,US 271 & SR 37,Bogata,TX,33.469793,-95.213550,3.199000,3.199000,3.199000,1
73021,Circle K #2746245,I 35W EXIT 6,Minneapolis,MN,44.963324,-93.268320,3.599000,3.599000,3.599000,1
73025,151 TRAVEL CENTER,SR 34 & N Central Rd,Darlington,SC,34.301383,-79.867174,3.299000,3.299000,3.299000,1
73026,Gas N Wash,SR-171,Lemont,IL,41.667237,-87.982023,3.465667,3.299000,3.599000,3
73028,PETRO HENDERSON #968,"I-11, EXIT 15A",Henderson,NV,36.008958,-115.026800,3.639000,3.639000,3.639000,1
73029,One9 #1417,I-35 Exit 323,Lorena,TX,31.383111,-97.210204,2.902333,2.902333,2.902333,1
73030,SPEED TREK TRAVEL CENTER,I-90 EXIT 25,Belvidere,IL,42.265448,-88.887758,3.799000,3.699000,3.899000,3
73031,Travel Refresh,US 59,Corrigan,TX,30.998810,-94.827488,2.949000,2.949000,2.949000,1
73032,Parkers #110,SR 56,Augusta,GA,33.365531,-82.073422,3.192333,3.192333,3.192333,1
73033,QUARLES #54242,SR-152,Pampa,TX,35.547852,-100.965032,3.499000,3.499000,3.499000,1
73035,QUIKTRIP #7909,US-10,El Paso,TX,31.847780,-106.431106,2.849000,2.849000,2.849000,1
73036,Maverik Country Store #741,US-80,Rock Springs,WY,41.594704,-109.220922,3.307333,3.307333,3.307333,1
73037,TA EXPRESS #567,"I-20, EXIT 81 & SR-149",Ruston,LA,32.532986,-92.635327,3.114000,3.114000,3.114000,1
73039,Spinx  #292,"I-26, EXIT 10",Inman,SC,35.045786,-82.088485,3.165667,3.165667,3.165667,1
73040,TAILGATE #3,SR 21,Bryan,TX,30.666016,-96.381049,3.599000,3.599000,3.599000,1
73041,Racetrac #182,US- 19,Hampton,GA,33.377704,-84.298974,2.999000,2.999000,2.999000,1
73042,MAVERIK #728,Hwy 483,Lovington,NM,32.944466,-103.349225,3.094000,3.094000,3.094000,1
73043,MAVERIK #740,"I-25, EXIT 347",Las Vegas,NM,35.604818,-105.217023,3.162333,3.162333,3.162333,1
73044,Maverik #732,"US 20, EXIT 310",Idaho Falls,ID,43.488851,-112.036297,3.394000,3.394000,3.394000,1
73045,MAVERIK #717,US-395,Spokane,WA,47.666935,-117.433322,3.989000,3.979000,3.999000,2
73046,Refuel #63,US 501 & SR 544,Conway,SC,33.841930,-79.045651,3.134000,3.134000,3.134000,1
73047,RACETRAC #2642,"I-70, EXIT 77",Indianapolis,IN,39.776664,-86.145935,3.259000,3.259000,3.259000,1
73048,ALLSUPS CONVENIENCE STORE #2473,US-287,Bowie,TX,33.556959,-97.846101,2.899000,2.899000,2.899000,1
73051,CIRCLE K #2709540,"I-10, EXIT 10 & SR-90",Sierra Vista,AZ,31.565410,-110.314508,3.629000,3.629000,3.629000,1
73052,Circle K #2701875,US-78 E,Grovetown,GA,33.449769,-82.207966,3.499000,3.499000,3.499000,1
73053,Circle K #2746108,"I-90/US-212, EXIT 447",Billings,MT,45.788538,-108.552475,3.579000,3.579000,3.579000,1
73055,CIRCLE K #4707124,SR-3,Liberty,ME,44.369093,-69.336000,4.099000,4.099000,4.099000,1
73056,CIRCLE K #2723033,"I-295, EXIT 21A & I-95",Fayetteville,NC,35.082766,-78.973515,3.279000,3.279000,3.279000,1
73057,CIRCLE K #2703586,US-550 & SR-516,Flora Vista,NM,36.803059,-108.090194,3.719000,3.719000,3.719000,1
73058,CIRCLE K #4707605,SR-365/SR-69/SR-49 & SR-26,Rome,NY,43.226002,-75.489523,3.999000,3.999000,3.999000,1
73059,CIRCLE K #4705626,"I-77/US-62, EXIT 105 & SR-172",Canton,OH,40.807650,-81.367228,3.459000,3.459000,3.459000,1
73061,Circle K #2709045,"US-62 & SR-375, EXIT 39",El Paso,TX,31.847780,-106.431106,3.202333,3.202333,3.202333,1
73062,CIRCLE K #2741849,SR-358 & SR-286,Corpus Christi,TX,27.754252,-97.173385,3.124000,3.124000,3.124000,1
73063,HOLIDAY STATIONSTORE #2746223,"I-35, EXIT 135 & US-61",Andover,MN,45.252420,-93.337402,3.499000,3.499000,3.499000,1
73064,7-ELEVEN #42315,"I-85, Exit 88",Lexington,NC,35.797180,-80.274285,3.399000,3.399000,3.399000,1
73065,RACETRAC #2631,"I-75, EXIT 285 & US-41/SR-3",Emerson,GA,34.131329,-84.745369,2.887333,2.887333,2.887333,1
73066,QUIKTRIP #1499,I-10 EXIT 267,Tucson,AZ,32.153036,-110.870773,3.062333,3.062333,3.062333,1
73067,J STARR,I-29 EXIT 8,Hankinson,ND,46.073987,-96.891008,3.499000,3.499000,3.499000,1
73068,MAVERIK #5369,SR 21,Colorado Springs,CO,38.867255,-104.760749,3.499000,3.499000,3.499000,1
73071,7-Eleven #42340,SR-340/SR-6,Woodway,TX,31.498334,-97.230789,2.932333,2.932333,2.932333,1
73072,QUIKTRIP #7204,"I-57, EXIT 337 & SR-50",University Park,IL,41.446894,-87.712969,3.169000,3.079000,3.249000,3
73073,QUIKTRIP #7075,"I-16/SR-404, EXIT 51 & US-441",Dublin,GA,32.535471,-82.928807,2.999000,2.999000,2.999000,1
73074,RACETRAC #2641,HWY 59 & FM 989,Texarkana,TX,33.451136,-94.090087,2.857333,2.857333,2.857333,1
73075,ALLSUPS CONVENIENCE STORE #2470,SR 18,Eunice,NM,32.436147,-103.149043,3.099000,3.099000,3.099000,1
73076,MAVERIK #5148,US 40,Kremmling,CO,40.056542,-106.378216,3.679000,3.679000,3.679000,1
73078,Shelee's Travel Center,"I-10, Exit 146",Coachella,CA,33.690380,-116.143128,3.954000,3.949000,3.959000,2
73079,PILOT DEALER #1433,I-10 EXIT 160,Chandler,AZ,33.282765,-111.851819,3.501500,3.499000,3.504000,2
73080,Circle K #2707255,"I-75, Exit 60",Tifton,GA,31.462099,-83.520499,3.062333,3.062333,3.062333,1
73081,ALLSUPS #2476,I-40 EXIT 38 & SR 6,Elk City,OK,35.389612,-99.428749,2.930667,2.930667,2.930667,1
73082,KWIK STAR #1153,US 71,Milford,IA,43.341717,-95.145709,3.324000,3.324000,3.324000,1
73083,Kwik Star #1213,I-380 EXIT 2,North Liberty,IA,41.743623,-91.611233,3.159000,3.159000,3.159000,1
73084,Kwik Trip #747,I-94 ALT & US-12,Baldwin,WI,44.954448,-92.371520,3.499000,3.499000,3.499000,1
73085,Loves Travel Stop #550,I-75 EXIT 13,Valdosta,GA,30.850126,-83.278833,3.222333,3.222333,3.222333,1
73088,Pilot Travel Center #1390,I-16 Exit  143,Ellabell,GA,32.123537,-81.485667,3.295667,3.285667,3.305667,2
73090,Quiktrip #1148,I-26 EXIT 53,Flat Rock,NC,35.266841,-82.451618,2.849000,2.849000,2.849000,1
73092,QUIKTRIP #4042,I-10,Converse,TX,29.512488,-98.304625,2.945667,2.945667,2.945667,1
73093,GAS N WASH,I-355 EXIT 7,Lockport,IL,41.591001,-88.029697,3.449000,3.399000,3.499000,2
73094,MARATHON,US-24,Taylor,MI,42.225283,-83.267691,3.519000,3.499000,3.539000,2
73095,Quiktrip #7250,US 49,Richland,MS,32.230413,-90.159622,2.915667,2.915667,2.915667,1
73096,KWIK TRIP #748,US 8,Barron,WI,45.402192,-91.844350,3.647333,3.647333,3.647333,1
73098,KWIK TRIP #1269,SR 27,Cadott,WI,44.949802,-91.153760,3.400667,3.400667,3.400667,1
73099,Kwik Star #1296,SR 115,Harrisburg,SD,43.434258,-96.712429,2.939000,2.939000,2.939000,1
73100,MAVERIK #747,I-215 Exit 21,Salt Lake City,UT,40.776928,-111.930991,3.392333,3.392333,3.392333,1
73101,7-ELEVEN 42279,"I-76, Exit 39",Keenesburg,CO,40.155173,-104.563420,3.149000,3.149000,3.149000,1
73103,RaceTrac #2654,I-20 EXIT 130,Greensboro,GA,33.563569,-83.189093,3.399000,3.399000,3.399000,1
73106,ALLSUPS CONVENIENCE STORE #2472,US-75,Atoka,OK,34.386353,-96.131101,2.967333,2.967333,2.967333,1
73112,SHEETZ #831,I-26 EXIT 44 & US 25,Hendersonville,NC,35.324302,-82.456282,2.859000,2.859000,2.859000,1
73114,ROAD RANGER #319,"I-35E, EXIT 381",Milford,TX,32.121506,-96.950010,3.030667,3.030667,3.030667,1
73117,MAVERIK #722,"I-29, EXIT 304",Baker City,OR,44.774886,-117.831986,3.459000,3.459000,3.459000,1
73118,ALLSUPS #2432,US 287 & SR 34,Ennis,TX,32.325067,-96.633799,2.929000,2.929000,2.929000,1
73119,Stinker #122,I-84 EXIT 36,Nampa,ID,43.585541,-116.565631,3.402333,3.402333,3.402333,1
73120,Kwik Star #1184,US 61,Dubuque,IA,42.498901,-90.707258,3.489000,3.489000,3.489000,1
73125,KWIK TRIP #1283,SR 83 & W CAPITOL DR,Hartland,WI,43.102352,-88.335595,3.749000,3.749000,3.749000,1
73126,Kwik Trip #1298,US 10,Mondovi,WI,44.570255,-91.666851,3.349000,3.349000,3.349000,1
73127,Gas N Wash,"I-55, EXIT 285",Chicago,IL,41.837045,-87.684939,3.399000,3.399000,3.399000,1
73128,ALLSUPS CONVENIENCE STORE #2477,HWY 69 & 11th st,Kiowa,OK,34.723294,-95.902895,2.957333,2.957333,2.957333,1
73129,SHEETZ #837,I-94,Romulus,MI,42.223649,-83.366036,3.099000,3.099000,3.099000,1
73130,A One Stop,"I-45, EXIT 246",Ennis,TX,32.325067,-96.633799,2.935667,2.935667,2.935667,1
73131,Sheetz #838,"I-85, Exit 71",Salisbury,NC,35.665499,-80.488930,2.859000,2.859000,2.859000,1
